/*
Navicat MySQL Data Transfer

Source Server         : localhost_3306
Source Server Version : 50611
Source Host           : localhost:3306
Source Database       : new_crawler_db

Target Server Type    : MYSQL
Target Server Version : 50611
File Encoding         : 65001

Date: 2017-05-22 18:13:20
*/

SET FOREIGN_KEY_CHECKS=0;

-- ----------------------------
-- Table structure for job_template
-- ----------------------------
DROP TABLE IF EXISTS `job_template`;
CREATE TABLE `job_template` (
  `ID` varchar(50) NOT NULL DEFAULT '0',
  `DEL_FLAG` tinyint(1) DEFAULT NULL,
  `FLAG` tinyint(1) DEFAULT NULL,
  `NAME` varchar(255) DEFAULT NULL,
  `DESC` varchar(1000) DEFAULT NULL,
  `CREATE_TIME` datetime DEFAULT NULL,
  `CREATE_USER_ID` varchar(10) DEFAULT NULL,
  `ROOT_PATH` varchar(255) DEFAULT NULL,
  `BASE_TABLE_NAME` varchar(255) DEFAULT NULL,
  `URL` varchar(255) DEFAULT NULL,
  `parent_id` varchar(255) DEFAULT '-1' COMMENT '父级id',
  `job_template_type` varchar(50) DEFAULT '-1' COMMENT 'job_template_type',
  `database_id` varchar(50) DEFAULT '-1' COMMENT 'database_id',
  `encode_type` varchar(10) DEFAULT NULL COMMENT '是否encode',
  `object_type` varchar(8) DEFAULT NULL COMMENT '白名单还是黑屏单1，是白 2是黑',
  PRIMARY KEY (`ID`)
) ENGINE=InnoDB DEFAULT CHARSET=utf8;

-- ----------------------------
-- Records of job_template
-- ----------------------------
INSERT INTO `job_template` VALUES ('01cd3891-3464-11e7-8d06-e09467f6dff0', '1', '0', '百度搜索', null, '2017-05-09 00:00:00', 'test1', '//div[@class=\'result c-container \']', 'asdasd', 'https://www.baidu.com/s?wd={key}', '-1', '4', '1', null, '2');
INSERT INTO `job_template` VALUES ('03a29e86-3554-11e7-81ad-00232490c701', '1', null, '九酷音乐搜索到的第一个音乐信息', null, null, null, '//div[@id=\"searchInfo\"]//ul[@class=\"clearfix\"]/li[1]', 'data_job_template_1', 'http://baidu.9ku.com/song/{key}/', '-1', '1', '1', null, '2');
INSERT INTO `job_template` VALUES ('05c6ae99-347c-11e7-81ad-00232490c701', '1', null, '成都海关违法走私信息总页数', null, null, null, '//div[@id=\"ess_ctr193672_ListC_Info_AspNetPager\"]//tr/td[1]', 'data_job_template_2', 'http://chengdu.customs.gov.cn/publish/portal130/tab70919/', '-1', '3', '1', null, '2');
INSERT INTO `job_template` VALUES ('07059670-3577-11e7-81ad-00232490c701', '1', null, '芒仔音乐铺指定音乐的详情信息', null, null, null, '//div[@class=\"songAboutL\"]', 'data_job_template_3', '{songUrl}', 'ae78b7e4-3576-11e7-81ad-00232490c701', '1', '1', null, '2');
INSERT INTO `job_template` VALUES ('072241de-34b6-11e7-b41d-0025ab9a7c2c', '1', null, '小说阅读网搜索', null, '2017-05-09 20:48:50', null, '//div[@id=\'result-list\']//li/div[@class=\'book-img-box\']', 'data_job_template_4', 'https://www.readnovel.com/search?kw={key}', '-1', '2', '1', null, '2');
INSERT INTO `job_template` VALUES ('0a3b3e07-352e-11e7-947a-b8aeed2fe120', '1', null, '吉吉影音(爱上看电影)详情界面', null, '2017-05-10 11:09:30', null, '//div[@class=\'zhuyan\']', 'data_job_template_5', 'http://www.iskdy.com{url}', '65ade85c-3528-11e7-947a-b8aeed2fe120', '0', '1', null, '2');
INSERT INTO `job_template` VALUES ('0f0b31f0-3ec9-11e7-a2b9-e09467f6dff0', '1', '0', null, null, null, null, null, null, null, null, null, null, null, null);
INSERT INTO `job_template` VALUES ('11f90a70-3ec6-11e7-814c-e09467f6dff0', '1', '0', null, null, null, null, null, null, null, null, null, null, null, null);
INSERT INTO `job_template` VALUES ('13d28677-d305-4803-9f97-10ea86a08acc', '1', null, '成都海关行政许可第一页列表', null, null, null, '//table[@id=\"ess_ctr193591_ModuleContent\"]//ul/li', 'data_job_template_6', 'http://chengdu.customs.gov.cn/publish/portal130/tab70899/', 'd2756997-06e9-419c-8a10-72f484f48fdc', '3', '1', null, '2');
INSERT INTO `job_template` VALUES ('15aa0610-5b4b-4ea8-a355-51ce72d1693e', '1', null, '市安监局案件信息第一页列表', null, null, null, '//ul[@class=\"infoList03 f14\"]/li', 'data_job_template_7', 'http://www.cdsafety.gov.cn/index.php?m=content&c=index&a=lists&catid=109', '5b6ae8d4-77c8-48ac-af78-75b2fabd41da', '3', '1', null, '2');
INSERT INTO `job_template` VALUES ('19a61380-3ed5-11e7-8ca3-e09467f6dff0', '1', '0', '重庆市政府列表', null, '2017-05-20 00:00:00', 'test1', '//div[@class=\'index_head1 content_heads3\']/div|//div[@class=\'index_head1 content_heads4\']/div|//div[@class=\'index_head1 content_heads5\']/div', null, 'http://www.cqyz.gov.cn/index.html', null, null, null, null, null);
INSERT INTO `job_template` VALUES ('1e6ec3db-3545-11e7-97d9-0025ab9a7c2c', '1', null, '114详情页', null, '2017-05-10 13:54:11', null, '//div[@class=\'cont fl\']', 'data_job_template_8', '{url144}', 'b3bb56ae-3532-11e7-97d9-0025ab9a7c2c', '2', '1', null, '2');
INSERT INTO `job_template` VALUES ('200f8193-35f8-11e7-81ad-00232490c701', '1', null, '成都出入境检验检疫局行政处罚第一页列表', null, null, null, '//div[@class=\"ftya_wrap\"]//tbody/tr[position()>=2]', 'data_job_template_9', 'http://www.scciq.gov.cn/xzcf/index.htm', '6cba3e48-3488-11e7-81ad-00232490c701', '3', '1', null, '2');
INSERT INTO `job_template` VALUES ('22492c70-3ed0-11e7-bec5-e09467f6dff0', '1', '0', '重庆市政府列表', null, '2017-05-20 00:00:00', 'test1', '//div[@class=\'index_head1 content_heads3\']/div|//div[@class=\'index_head1 content_heads4\']/div|//div[@class=\'index_head1 content_heads5\']/div', null, 'http://www.cqyz.gov.cn/index.html', null, null, null, null, null);
INSERT INTO `job_template` VALUES ('236f8237-35fa-11e7-81ad-00232490c701', '1', null, '成都出入境检验检疫局行政处罚单页列表', null, null, null, '//div[@class=\"ftya_wrap\"]//tbody/tr[position()>=2]', 'data_job_template_10', 'http://www.scciq.gov.cn/xzcf/index_{pageIndex}.htm', '6cba3e48-3488-11e7-81ad-00232490c701', '3', '1', null, '2');
INSERT INTO `job_template` VALUES ('2750ce1e-3ed6-11e7-9cc5-e09467f6dff0', '1', '0', '重庆市政府列表', null, '2017-05-20 00:00:00', 'test1', '//div[@class=\'index_head1 content_heads3\']/div|//div[@class=\'index_head1 content_heads4\']/div|//div[@class=\'index_head1 content_heads5\']/div', null, 'http://www.cqyz.gov.cn/index.html', null, null, null, null, null);
INSERT INTO `job_template` VALUES ('2847be6c-3498-11e7-9285-0025ab9a7c2c', '1', null, '起点中文网搜索', null, '2017-05-09 16:51:24', null, '//div[@id=\'result-list\']//li[1]/div[@class=\'book-img-box\']', 'data_job_template_11', 'http://se.qidian.com/?kw={key}', '-1', '2', '1', null, '2');
INSERT INTO `job_template` VALUES ('29a702e1-3ec5-11e7-a7d7-e09467f6dff0', '1', '0', null, null, null, null, null, null, null, null, null, null, null, null);
INSERT INTO `job_template` VALUES ('2f4f7d28-451d-4006-86ef-49b50872d458', '1', null, '市安监局案件信息单页列表', null, null, null, '//ul[@class=\"infoList03 f14\"]/li', 'data_job_template_12', 'http://www.cdsafety.gov.cn/index.php?m=content&c=index&a=lists&catid=109&page={pageIndex}', '5b6ae8d4-77c8-48ac-af78-75b2fabd41da', '3', '1', null, '2');
INSERT INTO `job_template` VALUES ('2f8f2311-3ed7-11e7-8687-e09467f6dff0', '1', '0', '重庆市政府列表', null, '2017-05-20 00:00:00', 'test1', '//div[@class=\'index_head1 content_heads3\']/div|//div[@class=\'index_head1 content_heads4\']/div|//div[@class=\'index_head1 content_heads5\']/div', null, 'http://www.cqyz.gov.cn/index.html', null, null, null, null, null);
INSERT INTO `job_template` VALUES ('308c6c9e-3ec8-11e7-b537-e09467f6dff0', '1', '0', null, null, null, null, null, null, null, null, null, null, null, null);
INSERT INTO `job_template` VALUES ('30d9412e-3ed5-11e7-9eaa-e09467f6dff0', '1', '0', '重庆市政府列表', null, '2017-05-20 00:00:00', 'test1', '//div[@class=\'index_head1 content_heads3\']/div|//div[@class=\'index_head1 content_heads4\']/div|//div[@class=\'index_head1 content_heads5\']/div', null, 'http://www.cqyz.gov.cn/index.html', null, null, null, null, null);
INSERT INTO `job_template` VALUES ('346d7200-3eb5-11e7-8073-e09467f6dff0', '1', '0', '腾讯视频_栏目', null, '2017-05-20 00:00:00', 'test1', '//div[class=\'filter_list\']/a', null, 'http://v.qq.com/x/list/movie', null, '5', '1', null, '2');
INSERT INTO `job_template` VALUES ('39feb7d2-3530-11e7-947a-b8aeed2fe120', '1', null, '1905电影网搜索', null, null, null, '//h2[@id=\'my_video_h2_old\']', 'data_job_template_13', 'http://www.1905.com/search/?q=&q={key}', '-1', '0', '1', null, '2');
INSERT INTO `job_template` VALUES ('41a1ad3e-354d-11e7-947a-b8aeed2fe120', '1', null, '热片网搜索', null, null, null, '//ul[class=\'show-list\']/li', 'data_job_template_14', 'http://list.repian.com/?keyword={key}', '-1', '0', '1', '1', '2');
INSERT INTO `job_template` VALUES ('43c876de-3ec5-11e7-baf8-e09467f6dff0', '1', '0', null, null, null, null, null, null, null, null, null, null, null, null);
INSERT INTO `job_template` VALUES ('442183a1-3ed6-11e7-ae34-e09467f6dff0', '1', '0', '重庆市政府列表', null, '2017-05-20 00:00:00', 'test1', '//div[@class=\'index_head1 content_heads3\']/div|//div[@class=\'index_head1 content_heads4\']/div|//div[@class=\'index_head1 content_heads5\']/div', null, 'http://www.cqyz.gov.cn/index.html', null, null, null, null, null);
INSERT INTO `job_template` VALUES ('45e1dade-3554-11e7-947a-b8aeed2fe120', '1', null, '讯多影视搜索', null, null, null, '//div[@id=\'zuo\']/h4', 'data_job_template_15', 'http://www.xunduo.cc/sousuo.php?wd={key}', '-1', '0', '1', null, '2');
INSERT INTO `job_template` VALUES ('46546268-354e-11e7-947a-b8aeed2fe120', '1', null, '热片网详情', null, null, null, '//div[@id=\'detail-box\']', 'data_job_template_16', '{url}', '41a1ad3e-354d-11e7-947a-b8aeed2fe120', '0', '1', null, '2');
INSERT INTO `job_template` VALUES ('47827cc7-3571-11e7-81ad-00232490c701', '1', null, '我爱音乐网指定音乐的详情信息', null, null, null, '//div[@id=\"cscms_music_play\"]//div[@class=\"mc_info rt\"]', 'data_job_template_17', '{songUrl}', 'bf78bb32-3570-11e7-81ad-00232490c701', '1', '1', null, '2');
INSERT INTO `job_template` VALUES ('481ceccb-3565-11e7-81ad-00232490c701', '1', null, '一听音乐指定音乐的详情信息', null, null, null, '//div[@id=\"songinfo\"]', 'data_job_template_18', '{songUrl}', '83efcd8d-3564-11e7-81ad-00232490c701', '1', '1', null, '2');
INSERT INTO `job_template` VALUES ('48bdb527-35fb-11e7-81ad-00232490c701', '1', null, '成都出入境检验检疫局行政处罚内容', null, null, null, '//div[@class=\"fdet_txt\"]//tbody', 'data_job_template_19', 'http://www.scciq.gov.cn{detailUrl}', '200f8193-35f8-11e7-81ad-00232490c701,236f8237-35fa-11e7-81ad-00232490c701', '3', '1', null, '2');
INSERT INTO `job_template` VALUES ('4a9e81e1-3ec9-11e7-b68a-e09467f6dff0', '1', '0', null, null, null, null, null, null, null, null, null, null, null, null);
INSERT INTO `job_template` VALUES ('5540015c-41a5-45cc-b45b-74dceb948f38', '1', null, '市农委行政处罚案件信息公开表内容', null, null, null, '//div[@id=\"myTable\"]/p/a', 'data_job_template_20', '{detailUrl}', '5e69b443-3740-429f-b466-5ccefbfefdb6,bf0b362b-c6ee-4f2f-9693-fe82ba424bb6', '3', '1', null, '2');
INSERT INTO `job_template` VALUES ('557b32f0-3ecb-11e7-b95a-e09467f6dff0', '1', '0', '百度搜索', null, '2017-05-09 00:00:00', 'test1', '//div[@class=\'result-op c-container\']', null, 'https:https://www.baidu.com/s?wd={searchWord}', null, null, null, null, null);
INSERT INTO `job_template` VALUES ('58a05936-3dcb-4906-a27b-b3aeaa4124c0', '1', null, '成都海关行政许可单页列表', null, null, null, '//table[@id=\"ess_ctr193591_ModuleContent\"]//ul/li', 'data_job_template_21', 'http://chengdu.customs.gov.cn/publish/portal130/tab70899/module193591/page{pageIndex}.htm', 'd2756997-06e9-419c-8a10-72f484f48fdc', '3', '1', null, '2');
INSERT INTO `job_template` VALUES ('5b6ae8d4-77c8-48ac-af78-75b2fabd41da', '1', null, '市安监局案件信息总页数', null, null, null, '//div[@id=\"pages\"]/a[last()-1]', 'data_job_template_22', 'http://www.cdsafety.gov.cn/index.php?m=content&c=index&a=lists&catid=109', '-1', '3', '1', null, '2');
INSERT INTO `job_template` VALUES ('5e69b443-3740-429f-b466-5ccefbfefdb6', '1', null, '市农委行政处罚案件第一页列表', null, null, null, '//div[@class=\"pr\"]/div[@class=\"blk01\"]/ul/li', 'data_job_template_23', 'http://www.cdagri.gov.cn/wwwRoot/nw/zwgk/qlsx/xzcfajgs/index.html', 'c5b197b8-a74b-49a4-8895-3509a976b8f3', '3', '1', null, '2');
INSERT INTO `job_template` VALUES ('6394fc7e-347c-11e7-81ad-00232490c701', '1', null, '成都海关违法走私信息第一页列表', null, null, null, '//table[@id=\"ess_ctr193672_ModuleContent\"]//ul/li', 'data_job_template_24', 'http://chengdu.customs.gov.cn/publish/portal130/tab70919/', '05c6ae99-347c-11e7-81ad-00232490c701', '3', '1', null, '2');
INSERT INTO `job_template` VALUES ('6595278f-3ec6-11e7-b3d2-e09467f6dff0', '1', '0', '百度搜索', null, '2017-05-09 00:00:00', 'test1', '//div[@class=\'result-op c-container\']', null, 'https:https://www.baidu.com/s?wd={searchWord}', null, null, null, null, null);
INSERT INTO `job_template` VALUES ('65ade85c-3528-11e7-947a-b8aeed2fe120', '1', null, '吉吉影音(爱上看电影)搜索', null, '2017-05-10 10:30:04', null, '//div[@id=\'classpage6\']//div[@class=\'vodlist_l\']/ul', 'data_job_template_25', 'http://www.iskdy.com/index.php?m=vod&a=search&wd={key}', '-1', '0', '1', null, '2');
INSERT INTO `job_template` VALUES ('6cba3e48-3488-11e7-81ad-00232490c701', '1', null, '成都出入境检验检疫局行政处罚总页数', null, null, null, '//div[@class=\"fpag_wrap\"]', 'data_job_template_26', 'http://www.scciq.gov.cn/xzcf/index.htm', '-1', '3', '1', null, '2');
INSERT INTO `job_template` VALUES ('7382a702-35e9-11e7-81ad-00232490c701', '1', null, '5nd音乐网指定音乐的详情信息', null, null, null, '//div[@class=\"songAboutL\"]', 'data_job_template_27', '{songUrl}', '91a744da-35e8-11e7-81ad-00232490c701', '1', '1', null, '2');
INSERT INTO `job_template` VALUES ('740532f2-355d-11e7-947a-b8aeed2fe120', '1', null, '琪琪布电影网搜索', null, null, null, '//div[@id=\'main\']/div/ul/li', 'data_job_template_28', 'http://www.qiqibu8.com/soso.asp?kwtype=0&searchword={key}', '-1', '0', '1', '1', '2');
INSERT INTO `job_template` VALUES ('76a3bf16-3547-11e7-81ad-00232490c701', '1', null, 'qq音乐指定音乐的详情信息', null, null, null, '//div[@class=\'data__cont\']', 'data_job_template_29', '{songUrl}', 'b990638c-3544-11e7-81ad-00232490c701', '1', '1', null, '2');
INSERT INTO `job_template` VALUES ('76cf6922-34a5-11e7-9285-0025ab9a7c2c', '1', null, '起点书籍详情页', null, '2017-05-09 18:51:42', null, '//div[@class=\'book-info \']', 'data_job_template_30', 'http:{newUrl}', '2847be6c-3498-11e7-9285-0025ab9a7c2c', '2', '1', null, '2');
INSERT INTO `job_template` VALUES ('79b3bf64-3556-11e7-81ad-00232490c701', '1', null, '九酷音乐指定音乐的详情信息', null, null, null, '//div[@class=\"t-t\"]', 'data_job_template_31', '{songUrl}', '03a29e86-3554-11e7-81ad-00232490c701', '1', '1', null, '2');
INSERT INTO `job_template` VALUES ('7a0e655e-3ec6-11e7-bf63-e09467f6dff0', '1', '0', null, null, null, null, null, null, null, null, null, null, null, null);
INSERT INTO `job_template` VALUES ('7bc0d842-357b-11e7-81ad-00232490c701', '1', null, '想听音乐网搜索到的第一个音乐的详情地址', null, null, null, '//div[@id=\"type01\"]/ul/li[1]/a[@class=\"songName\"]', 'data_job_template_32', 'http://www.yy3t.com/index.php/dance/so/key/?key={key}', '-1', '1', '1', null, '2');
INSERT INTO `job_template` VALUES ('7c4e5fc0-3ec5-11e7-967a-e09467f6dff0', '1', '0', null, null, null, null, null, null, null, null, null, null, null, null);
INSERT INTO `job_template` VALUES ('7ec22330-f120-49bb-888a-5c8d33fc95bc', '1', null, '市安监局案件信息内容', null, null, null, '//p[@style=\"line-height: 16px;\"]/a', 'data_job_template_33', '{detailUrl}', '15aa0610-5b4b-4ea8-a355-51ce72d1693e,2f4f7d28-451d-4006-86ef-49b50872d458', '3', '1', null, '2');
INSERT INTO `job_template` VALUES ('7ecef0fa-3481-11e7-81ad-00232490c701', '1', null, '成都海关违法走私信息内容', null, null, null, '//div[@class=\"xl_Cont1\"]', 'data_job_template_34', 'http://chengdu.customs.gov.cn{detail_url}', '6394fc7e-347c-11e7-81ad-00232490c701,af654225-347c-11e7-81ad-00232490c701', '3', '1', null, '2');
INSERT INTO `job_template` VALUES ('83efcd8d-3564-11e7-81ad-00232490c701', '1', null, '一听音乐搜索到的第一个音乐的详情地址', null, null, null, '//div[@id=\"resultList\"]//tbody/tr[1]/td[@class=\"song\"]/a', 'data_job_template_35', 'http://so.1ting.com/all.do?q={key}', '-1', '1', '1', null, '2');
INSERT INTO `job_template` VALUES ('86a400fe-3525-11e7-947a-b8aeed2fe120', '1', null, '腾讯视频详情', null, '2017-05-10 10:08:43', null, '', 'data_job_template_36', '{detailUrl}', 'c12161be-3494-11e7-aa20-b8aeed2fe120', '0', '1', null, '2');
INSERT INTO `job_template` VALUES ('8b5c6f5e-3ed0-11e7-a216-e09467f6dff0', '1', '0', '重庆市政府列表', null, '2017-05-20 00:00:00', 'test1', '//div[@class=\'index_head1 content_heads3\']/div|//div[@class=\'index_head1 content_heads4\']/div|//div[@class=\'index_head1 content_heads5\']/div', null, 'http://www.cqyz.gov.cn/index.html', null, null, null, null, null);
INSERT INTO `job_template` VALUES ('8cc9d34c-355e-11e7-947a-b8aeed2fe120', '1', null, '琪琪布电影网详情页', null, null, null, '//div[@class=\'video-box\']', 'data_job_template_37', 'http://www.qiqibu8.com{url}', '740532f2-355d-11e7-947a-b8aeed2fe120', '0', '1', null, '2');
INSERT INTO `job_template` VALUES ('90a8e36f-3555-11e7-97d9-0025ab9a7c2c', '1', null, '小说大全搜索', null, '2017-05-10 15:51:27', null, '//div[@class=\'imgbox\']', 'data_job_template_38', 'http://book.km.com/search.html?search_type=index&keyword={key}', '-1', '2', '1', null, '2');
INSERT INTO `job_template` VALUES ('91a744da-35e8-11e7-81ad-00232490c701', '1', null, '5nd音乐网搜索到的第一个音乐的详情地址', null, null, null, '//ul[@class=\"mulist\"]/li[2]/p[1]/a', 'data_job_template_39', 'http://so.5nd.com/k_{key}', '-1', '1', '1', null, '2');
INSERT INTO `job_template` VALUES ('93b6d456-355e-11e7-97d9-0025ab9a7c2c', '1', null, '鲸鱼中文搜索', null, '2017-05-10 16:56:53', null, '//div[@class=\'novel-info\']', 'data_job_template_40', 'http://www.jingyu.com/search/?kw={key}', '-1', '2', '1', null, '2');
INSERT INTO `job_template` VALUES ('973ceaf0-3ec9-11e7-b1b6-e09467f6dff0', '1', '0', null, null, null, null, null, null, null, null, null, null, null, null);
INSERT INTO `job_template` VALUES ('9ebfdbf0-3ec6-11e7-947d-e09467f6dff0', '1', '0', null, null, null, null, null, null, null, null, null, null, null, null);
INSERT INTO `job_template` VALUES ('a17e9d1d-3523-11e7-947a-b8aeed2fe120', '1', null, '中国高清网详情页', null, '2017-05-10 09:54:55', null, '//div[@id=\'post_content\']/p[3]', 'data_job_template_41', '{url}', 'c283b2c4-3521-11e7-947a-b8aeed2fe120', '0', '1', null, '2');
INSERT INTO `job_template` VALUES ('ae631f9e-3d71-11e7-a148-e09467f6dff0', '1', '0', '重庆市政府列表', null, '2017-05-20 00:00:00', 'test1', '//div[@class=\'index_head1 content_heads3\']/div|//div[@class=\'index_head1 content_heads4\']/div|//div[@class=\'index_head1 content_heads5\']/div', null, 'http://www.cqyz.gov.cn/index.html', null, null, null, null, null);
INSERT INTO `job_template` VALUES ('ae78b7e4-3576-11e7-81ad-00232490c701', '1', null, '芒仔音乐铺搜索到的第一个音乐的详情地址', null, null, null, '//div[@id=\"results\"]/div[1]/h3/a', 'data_job_template_42', 'http://so.yinyuepu.com/cse/search?q={key}&from=input&s=6692532090072095586&entry=1', '-1', '1', '1', null, '2');
INSERT INTO `job_template` VALUES ('af654225-347c-11e7-81ad-00232490c701', '1', null, '成都海关违法走私信息单页列表', null, null, null, '//table[@id=\"ess_ctr193672_ModuleContent\"]//ul/li', 'data_job_template_43', 'http://chengdu.customs.gov.cn/publish/portal130/tab70919/module193672/page{pageIndex}.htm', '05c6ae99-347c-11e7-81ad-00232490c701', '3', '1', null, '2');
INSERT INTO `job_template` VALUES ('afb649b0-3ec8-11e7-8663-e09467f6dff0', '1', '0', null, null, null, null, null, null, null, null, null, null, null, null);
INSERT INTO `job_template` VALUES ('b3bb56ae-3532-11e7-97d9-0025ab9a7c2c', '1', null, '114小说搜索', null, '2017-05-10 11:42:04', null, '//div[@class=\'searcont\']//dd', 'data_job_template_44', 'http://book.114la.com/search.html?s={key}', '-1', '2', '1', null, '2');
INSERT INTO `job_template` VALUES ('b3eff78f-3ecf-11e7-b568-e09467f6dff0', '1', '0', '重庆市政府列表', null, '2017-05-20 00:00:00', 'test1', '//div[@class=\'index_head1 content_heads3\']/div|//div[@class=\'index_head1 content_heads4\']/div|//div[@class=\'index_head1 content_heads5\']/div', null, 'http://www.cqyz.gov.cn/index.html', null, null, null, null, null);
INSERT INTO `job_template` VALUES ('b8b54170-3ec7-11e7-88e7-e09467f6dff0', '1', '0', null, null, null, null, null, null, null, null, null, null, null, null);
INSERT INTO `job_template` VALUES ('b990638c-3544-11e7-81ad-00232490c701', '1', null, 'qq音乐搜索到的第一个音乐的详情地址', null, null, null, '//div[@id=\'song_box\']//ul[@class=\'songlist__list\']/li[1]//div[@class=\'songlist__songname\']/span/a', 'data_job_template_45', 'https://y.qq.com/portal/search.html#page=1&searchid=1&remoteplace=txt.yqq.top&t=song&w={key}', '-1', '1', '1', null, '2');
INSERT INTO `job_template` VALUES ('b99e6a2c-3531-11e7-947a-b8aeed2fe120', '1', null, '1905电影网详情页', null, null, null, '//div[@class=\'db h100b pb02\']', 'data_job_template_46', '{url}', '39feb7d2-3530-11e7-947a-b8aeed2fe120', '0', '1', null, '2');
INSERT INTO `job_template` VALUES ('bf0b362b-c6ee-4f2f-9693-fe82ba424bb6', '1', null, '市农委行政处罚案件单页列表', null, null, null, '//div[@class=\"pr\"]/div[@class=\"blk01\"]/ul/li', 'data_job_template_47', 'http://www.cdagri.gov.cn/wwwRoot/nw/zwgk/qlsx/xzcfajgs/index_{pageIndex}.html', 'c5b197b8-a74b-49a4-8895-3509a976b8f3', '3', '1', null, '2');
INSERT INTO `job_template` VALUES ('bf78bb32-3570-11e7-81ad-00232490c701', '1', null, '我爱音乐网搜索到的第一个音乐的详情地址', null, null, null, '//tbody[@id=\"dance_list\"]/tr[2]/td[1]/div/a', 'data_job_template_48', 'http://www.5iyy.net/index.php/dance/so/key?key={key}&tp=1', '-1', '1', '1', null, '2');
INSERT INTO `job_template` VALUES ('c12161be-3494-11e7-aa20-b8aeed2fe120', '1', '0', '腾讯视频搜索', null, '2017-05-09 16:53:02', null, '//div[@class=\'wrapper_main\']/div[contains(@class,\'result_item\')]', 'data_job_template_49', 'https://v.qq.com/x/search/?q={key}', '-1', '0', '1', null, '2');
INSERT INTO `job_template` VALUES ('c1c42470-3ed6-11e7-881a-e09467f6dff0', '1', '0', '重庆市政府列表', null, '2017-05-20 00:00:00', 'test1', '//div[@class=\'index_head1 content_heads3\']/div|//div[@class=\'index_head1 content_heads4\']/div|//div[@class=\'index_head1 content_heads5\']/div', null, 'http://www.cqyz.gov.cn/index.html', null, null, null, null, null);
INSERT INTO `job_template` VALUES ('c283b2c4-3521-11e7-947a-b8aeed2fe120', '1', null, '中国高清网搜索页', null, '2017-05-10 09:44:20', null, '//ul[@id=\'post_container\']/li[1]//div[@class=\'thumbnail\']', 'data_job_template_50', 'http://gaoqing.la/?s={key}', '-1', '0', '1', null, '2');
INSERT INTO `job_template` VALUES ('c53793f4-34b6-11e7-b41d-0025ab9a7c2c', '1', null, '小说阅读网详情页', null, '2017-05-09 20:55:12', null, '//div[@class=\'book-information cf\']/div[@class=\'book-info\']', 'data_job_template_51', 'https://{readnovelUrl}', '072241de-34b6-11e7-b41d-0025ab9a7c2c', '2', '1', null, '2');
INSERT INTO `job_template` VALUES ('c5b197b8-a74b-49a4-8895-3509a976b8f3', '1', null, '市农委行政处罚案件总页数', null, null, null, '//div[@class=\"scott\"]/a[last()]', 'data_job_template_52', 'http://www.cdagri.gov.cn/wwwRoot/nw/zwgk/qlsx/xzcfajgs/index.html', '-1', '3', '1', null, '2');
INSERT INTO `job_template` VALUES ('c822b680-3ecf-11e7-86ea-e09467f6dff0', '1', '0', '重庆市政府列表', null, '2017-05-20 00:00:00', 'test1', '//div[@class=\'index_head1 content_heads3\']/div|//div[@class=\'index_head1 content_heads4\']/div|//div[@class=\'index_head1 content_heads5\']/div', null, 'http://www.cqyz.gov.cn/index.html', null, null, null, null, null);
INSERT INTO `job_template` VALUES ('cf7b5bd1-3ecf-11e7-98e3-e09467f6dff0', '1', '0', '重庆市政府列表', null, '2017-05-20 00:00:00', 'test1', '//div[@class=\'index_head1 content_heads3\']/div|//div[@class=\'index_head1 content_heads4\']/div|//div[@class=\'index_head1 content_heads5\']/div', null, 'http://www.cqyz.gov.cn/index.html', null, null, null, null, null);
INSERT INTO `job_template` VALUES ('d2756997-06e9-419c-8a10-72f484f48fdc', '1', null, '成都海关行政许可总页数', null, null, null, '//div[@id=\"ess_ctr193591_ListC_Info_AspNetPager\"]//tr/td[1]', 'data_job_template_53', 'http://chengdu.customs.gov.cn/publish/portal130/tab70899/', '-1', '3', '1', null, '2');
INSERT INTO `job_template` VALUES ('d4aaf892-3556-11e7-97d9-0025ab9a7c2c', '1', null, '小说大全详情', null, '2017-05-10 16:26:20', null, '//div[@class=\'abook clearfix\']', 'data_job_template_54', 'http://book.km.com{kmUrl}', '90a8e36f-3555-11e7-97d9-0025ab9a7c2c', '2', '1', null, '2');
INSERT INTO `job_template` VALUES ('dd62ab40-3ec5-11e7-ae12-e09467f6dff0', '1', '0', null, null, null, null, null, null, null, null, null, null, null, null);
INSERT INTO `job_template` VALUES ('e4fd5b40-3ec8-11e7-8772-e09467f6dff0', '1', '0', null, null, null, null, null, null, null, null, null, null, null, null);
INSERT INTO `job_template` VALUES ('e885a180-3d71-11e7-8f5b-e09467f6dff0', '1', '0', '重庆市政府子集列表', null, '2017-05-20 00:00:00', 'test1', '//ul[@class=\'pXxgk_list\']/li', null, 'http://www.cqyz.gov.cn/{href_url}', 'ae631f9e-3d71-11e7-a148-e09467f6dff0', null, null, null, null);
INSERT INTO `job_template` VALUES ('eac8e8a3-352e-11e7-97d9-0025ab9a7c2c', '1', null, '咪咕详情页', null, '2017-05-10 11:16:05', null, '//div[@class=\'read_con\']', 'data_job_template_55', 'http://www.cmread.com/{cmUrl}', 'ffe68206-352d-11e7-97d9-0025ab9a7c2c', '2', '1', null, '2');
INSERT INTO `job_template` VALUES ('ef407db0-3ec5-11e7-86e6-e09467f6dff0', '1', '0', null, null, null, null, null, null, null, null, null, null, null, null);
INSERT INTO `job_template` VALUES ('ef50c529-4e6e-4113-9f54-2270e54d7e2d', '1', null, '成都海关行政许可内容', null, null, null, '//div[@class=\"xl_Cont1\"]', 'data_job_template_56', 'http://chengdu.customs.gov.cn{detail_url}', '13d28677-d305-4803-9f97-10ea86a08acc,58a05936-3dcb-4906-a27b-b3aeaa4124c0', '3', '1', null, '2');
INSERT INTO `job_template` VALUES ('f4f1a890-354e-11e7-97d9-0025ab9a7c2c', '1', null, '81中文网搜索', null, '2017-05-10 15:11:33', null, '//div[@class=\'result-game-item-detail\']', 'data_job_template_57', 'http://zhannei.baidu.com/cse/search?s=2988433831094058597&q={key}', '-1', '2', '1', null, '2');
INSERT INTO `job_template` VALUES ('f5150da1-3d5d-11e7-af9c-e09467f6dff0', '1', '0', '百度搜索', null, '2017-05-09 00:00:00', 'test1', '//div[@class=\'result-op c-container\']', null, 'https:https://www.baidu.com/s?wd={searchWord}', null, null, null, null, null);
INSERT INTO `job_template` VALUES ('fa463989-3556-11e7-947a-b8aeed2fe120', '1', null, '讯多影视详情', null, null, null, '//div[@id=\'xinxi_zuo\']', 'data_job_template_58', 'http://www.xunduo.cc{url}', '45e1dade-3554-11e7-947a-b8aeed2fe120', '0', '1', null, '2');
INSERT INTO `job_template` VALUES ('fca9bb42-357b-11e7-81ad-00232490c701', '1', null, '想听音乐网指定音乐的详情信息', null, null, null, '//div[@class=\"pFr\"]/div[2]', 'data_job_template_59', '{songUrl}', '7bc0d842-357b-11e7-81ad-00232490c701', '1', '1', null, '2');
INSERT INTO `job_template` VALUES ('fe60ce0f-3ed6-11e7-8d9e-e09467f6dff0', '1', '0', '重庆市政府列表', null, '2017-05-20 00:00:00', 'test1', '//div[@class=\'index_head1 content_heads3\']/div|//div[@class=\'index_head1 content_heads4\']/div|//div[@class=\'index_head1 content_heads5\']/div', null, 'http://www.cqyz.gov.cn/index.html', null, null, null, null, null);
INSERT INTO `job_template` VALUES ('ffe68206-352d-11e7-97d9-0025ab9a7c2c', '1', null, '咪咕搜索', null, '2017-05-10 11:08:38', null, '//div[@class=\'book_le\']', 'data_job_template_60', 'http://www.cmread.com/u/new/searchResult?kwords={key}&bookItemType=0', '-1', '2', '1', null, '2');

-- ----------------------------
-- Table structure for job_template_field
-- ----------------------------
DROP TABLE IF EXISTS `job_template_field`;
CREATE TABLE `job_template_field` (
  `ID` varchar(50) NOT NULL,
  `DEL_FLAG` tinyint(1) DEFAULT '0',
  `FIELD_NAME_EN` varchar(255) DEFAULT NULL,
  `FIELD_NAME_CN` varchar(255) DEFAULT NULL,
  `DATA_TYPE` varchar(255) DEFAULT NULL,
  `DATA_LENGTH` int(10) DEFAULT NULL,
  `CREATE_USER_ID` varchar(2048) DEFAULT NULL,
  `JOB_TEMPLATE_ID` varchar(2048) DEFAULT NULL,
  `REG_EXP` varchar(255) DEFAULT NULL,
  `SPLIT` varchar(10) DEFAULT NULL,
  `FIELD_VALUE` varchar(255) DEFAULT NULL,
  `FUNC` varchar(255) DEFAULT NULL COMMENT '操作函数',
  `FIELD_CONDITION` varchar(1024) DEFAULT NULL,
  `create_time` datetime DEFAULT CURRENT_TIMESTAMP COMMENT '创建时间',
  PRIMARY KEY (`ID`)
) ENGINE=InnoDB DEFAULT CHARSET=utf8;

-- ----------------------------
-- Records of job_template_field
-- ----------------------------
INSERT INTO `job_template_field` VALUES ('027ad6f4-355c-11e7-81ad-00232490c701', '0', 'songLan', '九酷音乐指定音乐的语种', 'varchar', '255', null, '79b3bf64-3556-11e7-81ad-00232490c701', '语言：(\\S*)', null, 'p[3]/text()', null, null, '2017-05-12 00:26:27');
INSERT INTO `job_template_field` VALUES ('0407cd18-35ea-11e7-81ad-00232490c701', '0', 'songSinger', '5nd音乐网指定音乐的歌手名', 'varchar', '255', null, '7382a702-35e9-11e7-81ad-00232490c701', null, null, 'div[@class=\"songInfo\"]/ul/li[2]/a/text()', null, null, '2017-05-12 00:26:27');
INSERT INTO `job_template_field` VALUES ('04582a8b-3572-11e7-81ad-00232490c701', '0', 'songSinger', '我爱音乐网指定音乐的歌手名', 'varchar', '255', null, '47827cc7-3571-11e7-81ad-00232490c701', null, null, 'p[1]/strong[1]/a/text()', null, null, '2017-05-12 00:26:27');
INSERT INTO `job_template_field` VALUES ('06e6bf26-357e-11e7-81ad-00232490c701', '0', 'songAlbum', '想听音乐网指定音乐的专辑名', 'varchar', '255', null, 'fca9bb42-357b-11e7-81ad-00232490c701', null, null, 'a[2]/span/text()', null, null, '2017-05-12 00:26:27');
INSERT INTO `job_template_field` VALUES ('06f43132-3483-11e7-81ad-00232490c701', '0', 'punishBody', '主体名称', 'varchar', '255', null, '7ecef0fa-3481-11e7-81ad-00232490c701', null, null, 'div[4]/span//tr[2]/td[2]/p/text()', null, null, '2017-05-12 00:26:27');
INSERT INTO `job_template_field` VALUES ('07f49578-b84b-4264-869e-93930d316624', '0', 'excelUrl', '市农委行政处罚案件信息公开表附件地址', 'varchar', '255', null, '5540015c-41a5-45cc-b45b-74dceb948f38', null, null, '@href', null, null, '2017-05-12 00:26:27');
INSERT INTO `job_template_field` VALUES ('08242ceb-3524-11e7-947a-b8aeed2fe120', '0', 'movieDirector', '中国高清导演', 'varchar', '1024', null, 'a17e9d1d-3523-11e7-947a-b8aeed2fe120', null, null, 'span[13]/text()', null, null, '2017-05-11 16:27:24');
INSERT INTO `job_template_field` VALUES ('0cba9458-3558-11e7-947a-b8aeed2fe120', '0', 'movieTime', '讯多影视年代', 'varchar', '1024', null, 'fa463989-3556-11e7-947a-b8aeed2fe120', null, null, 'h1/span/text()', null, null, '2017-05-11 16:27:24');
INSERT INTO `job_template_field` VALUES ('10b6ddc0-3ed7-11e7-bffd-e09467f6dff0', '0', 'href_url', '地址', 'varchar', '1024', 'test1', 'fe60ce0f-3ed6-11e7-8d9e-e09467f6dff0', null, null, 'a/@href', null, null, '2017-05-20 00:00:00');
INSERT INTO `job_template_field` VALUES ('116f5b6c-3546-11e7-97d9-0025ab9a7c2c', '0', 'author', '114小说作者', 'varchar', '1024', null, '1e6ec3db-3545-11e7-97d9-0025ab9a7c2c', null, null, 'div[@class=\'view\']/span[1]/a/text()', null, null, '2017-05-11 16:27:24');
INSERT INTO `job_template_field` VALUES ('116fe589-3550-11e7-97d9-0025ab9a7c2c', '0', 'bookName', '81中文书名', 'varchar', '1024', null, 'f4f1a890-354e-11e7-97d9-0025ab9a7c2c', '', null, 'h3//a[@cpos=\'title\']/@title', null, null, '2017-05-11 16:27:24');
INSERT INTO `job_template_field` VALUES ('12b04522-3ec9-11e7-bc66-e09467f6dff0', '0', '', '', null, null, null, '0f0b31f0-3ec9-11e7-a2b9-e09467f6dff0', null, null, '', null, null, null);
INSERT INTO `job_template_field` VALUES ('12b04524-3ec9-11e7-bfdc-e09467f6dff0', '0', '', '', null, null, null, '0f0b31f0-3ec9-11e7-a2b9-e09467f6dff0', null, null, '', null, null, null);
INSERT INTO `job_template_field` VALUES ('13e89e51-3466-11e7-a7fb-e09467f6dff0', '0', 'content', '内容', 'varchar', '5048', 'test1', '01cd3891-3464-11e7-8d06-e09467f6dff0', null, null, './/text()', null, null, '2017-05-09 11:12:56');
INSERT INTO `job_template_field` VALUES ('1518c050-3482-11e7-81ad-00232490c701', '0', 'punishResult', '行政处罚结果', 'varchar', '255', null, '7ecef0fa-3481-11e7-81ad-00232490c701', null, null, 'div[4]/span//tr[8]/td[2]/p/text()', null, null, '2017-05-12 00:26:28');
INSERT INTO `job_template_field` VALUES ('153c1d3e-3578-11e7-81ad-00232490c701', '0', 'songAlbum', '芒仔音乐铺指定音乐的专辑名', 'varchar', '255', null, '07059670-3577-11e7-81ad-00232490c701', null, null, 'div[@class=\"songInfo\"]/ul/li[3]/a/text()', null, null, '2017-05-12 00:26:28');
INSERT INTO `job_template_field` VALUES ('15b29000-3ec6-11e7-b1b1-e09467f6dff0', '0', '', '', null, null, null, '11f90a70-3ec6-11e7-814c-e09467f6dff0', null, null, '', null, null, null);
INSERT INTO `job_template_field` VALUES ('15cbde2c-3611-11e7-81ad-00232490c701', '0', 'penaltyDecisionNum', '处理决定书文号', null, null, null, '48bdb527-35fb-11e7-81ad-00232490c701', '：(.*)', null, 'tr[2]/td/p/text()', '{value}.encode(\'utf-8\')', null, '2017-05-12 00:26:28');
INSERT INTO `job_template_field` VALUES ('162cc096-3573-11e7-81ad-00232490c701', '0', 'songUploadTime', '我爱音乐网指定音乐的上传时间', 'varchar', '255', null, '47827cc7-3571-11e7-81ad-00232490c701', null, null, 'p[1]/text()[last()]', null, null, '2017-05-12 00:26:28');
INSERT INTO `job_template_field` VALUES ('16ca1a80-3ec6-11e7-8ffd-e09467f6dff0', '0', '', '', null, null, null, '11f90a70-3ec6-11e7-814c-e09467f6dff0', null, null, '', null, null, null);
INSERT INTO `job_template_field` VALUES ('19aace70-3ed5-11e7-b1f9-e09467f6dff0', '0', 'href_url', '地址', 'varchar', '1024', 'test1', '19a61380-3ed5-11e7-8ca3-e09467f6dff0', null, null, 'a/@href', null, null, '2017-05-20 00:00:00');
INSERT INTO `job_template_field` VALUES ('19ad3f71-3ed5-11e7-825f-e09467f6dff0', '0', 'name', '名称', 'varchar', '1024', 'test1', '19a61380-3ed5-11e7-8ca3-e09467f6dff0', null, null, 'a /text()', null, null, '2017-05-20 00:00:00');
INSERT INTO `job_template_field` VALUES ('1cf8d611-3ed7-11e7-a01b-e09467f6dff0', '0', 'name', '名称', 'varchar', '1024', 'test1', 'fe60ce0f-3ed6-11e7-8d9e-e09467f6dff0', null, null, 'a /text()', null, null, '2017-05-20 00:00:00');
INSERT INTO `job_template_field` VALUES ('1d42c850-3616-11e7-81ad-00232490c701', '0', 'penaltyTypes', '处罚种类', null, null, null, '48bdb527-35fb-11e7-81ad-00232490c701', '：(.*)', null, 'tr[5]/td/p/text()', '{value}.encode(\'utf-8\')', null, '2017-05-12 00:26:28');
INSERT INTO `job_template_field` VALUES ('1efdc576-10cf-4258-a6f5-6bdf43cd9aab', '0', 'detailUrl', '成都海关行政许可内容地址', 'varchar', '255', null, '58a05936-3dcb-4906-a27b-b3aeaa4124c0', null, null, 'a/@href', null, null, '2017-05-12 00:26:28');
INSERT INTO `job_template_field` VALUES ('1f34f459-34a3-11e7-aa20-b8aeed2fe120', '0', 'detailUrl', '腾讯视频详情页url', 'varchar', '1024', null, 'c12161be-3494-11e7-aa20-b8aeed2fe120', null, null, 'div[@class=\'_infos\']//a[@class=\'desc_more\']/@href', null, null, '2017-05-11 16:27:24');
INSERT INTO `job_template_field` VALUES ('20627482-357e-11e7-81ad-00232490c701', '0', 'songUploadTime', '想听音乐网指定音乐的上传时间', 'varchar', '255', null, 'fca9bb42-357b-11e7-81ad-00232490c701', null, null, 'span[6]/text()', null, null, '2017-05-12 00:26:28');
INSERT INTO `job_template_field` VALUES ('23eea1e5-352f-11e7-97d9-0025ab9a7c2c', '0', 'bookName', '咪咕书名', 'varchar', '1024', null, 'eac8e8a3-352e-11e7-97d9-0025ab9a7c2c', null, null, 'h2/span/text()', null, null, '2017-05-11 16:27:24');
INSERT INTO `job_template_field` VALUES ('24143a72-112d-4176-ab95-63374c02c772', '0', 'detailUrl', '市农委行政处罚案件信息公开表内容地址', 'varchar', '255', null, 'bf0b362b-c6ee-4f2f-9693-fe82ba424bb6', null, null, 'a/@href', null, null, '2017-05-12 00:26:28');
INSERT INTO `job_template_field` VALUES ('243a1053-34b6-11e7-b41d-0025ab9a7c2c', '0', 'readnovelUrl', '小说阅读网详情地址', 'varchar', '1024', null, '072241de-34b6-11e7-b41d-0025ab9a7c2c', null, null, 'a/@href', null, null, '2017-05-11 16:27:24');
INSERT INTO `job_template_field` VALUES ('24663cd2-355f-11e7-97d9-0025ab9a7c2c', '0', 'bookName', '鲸鱼中文书名', 'varchar', '1024', null, '93b6d456-355e-11e7-97d9-0025ab9a7c2c', null, null, 'div[@class=\'title\']/a/text()', null, null, '2017-05-11 16:27:24');
INSERT INTO `job_template_field` VALUES ('252aa181-3ed0-11e7-b141-e09467f6dff0', '0', 'href_url', '地址', 'varchar', '1024', 'test1', '22492c70-3ed0-11e7-bec5-e09467f6dff0', null, null, 'a/@href', null, null, '2017-05-20 00:00:00');
INSERT INTO `job_template_field` VALUES ('252c4f2e-3ed0-11e7-a561-e09467f6dff0', '0', 'name', '名称', 'varchar', '1024', 'test1', '22492c70-3ed0-11e7-bec5-e09467f6dff0', null, null, 'a /text()', null, null, '2017-05-20 00:00:00');
INSERT INTO `job_template_field` VALUES ('2617b448-34af-11e7-9285-0025ab9a7c2c', '0', 'bookName', '书名', 'varchar', '1024', null, '76cf6922-34a5-11e7-9285-0025ab9a7c2c', null, null, 'h1/em/text()', null, null, '2017-05-11 16:27:24');
INSERT INTO `job_template_field` VALUES ('2696a6d3-3571-11e7-81ad-00232490c701', '0', 'songUrl', '我爱音乐网搜索到的第一个音乐的详情地址', 'varchar', '255', null, 'bf78bb32-3570-11e7-81ad-00232490c701', null, null, '@href', null, null, '2017-05-12 00:26:28');
INSERT INTO `job_template_field` VALUES ('2753662e-3ed6-11e7-a90b-e09467f6dff0', '0', 'href_url', '地址', 'varchar', '1024', 'test1', '2750ce1e-3ed6-11e7-9cc5-e09467f6dff0', null, null, 'a/@href', null, null, '2017-05-20 00:00:00');
INSERT INTO `job_template_field` VALUES ('2754c5c0-3ed6-11e7-88a5-e09467f6dff0', '0', 'name', '名称', 'varchar', '1024', 'test1', '2750ce1e-3ed6-11e7-9cc5-e09467f6dff0', null, null, 'a /text()', null, null, '2017-05-20 00:00:00');
INSERT INTO `job_template_field` VALUES ('28e78450-3565-11e7-81ad-00232490c701', '0', 'songUrl', '一听音乐搜索到的第一个音乐的详情地址', 'varchar', '255', null, '83efcd8d-3564-11e7-81ad-00232490c701', null, null, '@href', null, null, '2017-05-12 00:26:28');
INSERT INTO `job_template_field` VALUES ('299bbdb7-3547-11e7-81ad-00232490c701', '0', 'songUrl', 'qq音乐搜索到的第一个音乐的详情地址', 'varchar', '255', null, 'b990638c-3544-11e7-81ad-00232490c701', null, null, '@href', null, null, '2017-05-12 00:26:28');
INSERT INTO `job_template_field` VALUES ('29a702e4-3ec5-11e7-afda-e09467f6dff0', '0', '', '', null, null, null, '29a702e1-3ec5-11e7-a7d7-e09467f6dff0', null, null, '', null, null, null);
INSERT INTO `job_template_field` VALUES ('29a702e6-3ec5-11e7-a544-e09467f6dff0', '0', '', '', null, null, null, '29a702e1-3ec5-11e7-a7d7-e09467f6dff0', null, null, '', null, null, null);
INSERT INTO `job_template_field` VALUES ('29a702e8-3ec5-11e7-b825-e09467f6dff0', '0', '', '', null, null, null, '29a702e1-3ec5-11e7-a7d7-e09467f6dff0', null, null, '', null, null, null);
INSERT INTO `job_template_field` VALUES ('29a729f1-3ec5-11e7-8a96-e09467f6dff0', '0', '', '', null, null, null, '29a702e1-3ec5-11e7-a7d7-e09467f6dff0', null, null, '', null, null, null);
INSERT INTO `job_template_field` VALUES ('29fb36f4-3556-11e7-81ad-00232490c701', '0', 'songUrl', '九酷音乐搜索到的第一个音乐播放地址', 'varchar', '255', null, '03a29e86-3554-11e7-81ad-00232490c701', null, null, 'a[@class=\"songName\"]/@href', null, null, '2017-05-12 00:26:28');
INSERT INTO `job_template_field` VALUES ('2cebdfc5-34a5-11e7-9285-0025ab9a7c2c', '0', 'newUrl', '详情地址', 'varchar', '1024', null, '2847be6c-3498-11e7-9285-0025ab9a7c2c', null, null, 'a/@href', null, null, '2017-05-11 16:27:24');
INSERT INTO `job_template_field` VALUES ('2e54a551-3465-11e7-bbb8-e09467f6dff0', '0', 'name', '名称', 'varchar', '5048', 'test1', '01cd3891-3464-11e7-8d06-e09467f6dff0', null, null, 'div[@class=\'c-abstract\']//text()', null, null, null);
INSERT INTO `job_template_field` VALUES ('2eb7be8f-3ec6-11e7-b378-e09467f6dff0', '0', '', '', null, null, null, '11f90a70-3ec6-11e7-814c-e09467f6dff0', null, null, '', null, null, null);
INSERT INTO `job_template_field` VALUES ('2ed79c4c-3550-11e7-97d9-0025ab9a7c2c', '0', 'author', '81中文作者', 'varchar', '1024', null, 'f4f1a890-354e-11e7-97d9-0025ab9a7c2c', ' \\S+ ', null, 'div/p[1]/span[2]/text()', null, null, '2017-05-11 16:27:24');
INSERT INTO `job_template_field` VALUES ('30dceab0-3ed5-11e7-9e86-e09467f6dff0', '0', 'href_url', '地址', 'varchar', '1024', 'test1', '30d9412e-3ed5-11e7-9eaa-e09467f6dff0', null, null, 'a/@href', null, null, '2017-05-20 00:00:00');
INSERT INTO `job_template_field` VALUES ('30dee680-3ed5-11e7-acd6-e09467f6dff0', '0', 'name', '名称', 'varchar', '1024', 'test1', '30d9412e-3ed5-11e7-9eaa-e09467f6dff0', null, null, 'a /text()', null, null, '2017-05-20 00:00:00');
INSERT INTO `job_template_field` VALUES ('31075354-3548-11e7-81ad-00232490c701', '0', 'songName', 'qq音乐指定音乐的音乐名字', 'varchar', '255', null, '76a3bf16-3547-11e7-81ad-00232490c701', null, null, 'div[2]/h1/text()', null, null, '2017-05-12 00:26:28');
INSERT INTO `job_template_field` VALUES ('322be04b-354f-11e7-947a-b8aeed2fe120', '0', 'movieTime', '热片网年代', 'varchar', '1024', null, '46546268-354e-11e7-947a-b8aeed2fe120', null, null, 'div[@class=\'detail-cols fn-clear\']//div[@class=\'info fn-clear\']/dl[8]/dd/span/text()', null, null, '2017-05-11 16:27:24');
INSERT INTO `job_template_field` VALUES ('33d95fa1-3ec6-11e7-ad7a-e09467f6dff0', '0', '', '', null, null, null, '11f90a70-3ec6-11e7-814c-e09467f6dff0', null, null, '', null, null, null);
INSERT INTO `job_template_field` VALUES ('35001523-3467-11e7-81ad-00232490c701', '0', 'grantUnit', '授予单位', 'varchar', '255', null, 'ef50c529-4e6e-4113-9f54-2270e54d7e2d', '(.+)准予.+', null, 'div[@class=\"titTop\"]/h1/strong/text()', '{value}.encode(\'utf-8\')', null, '2017-05-12 00:26:29');
INSERT INTO `job_template_field` VALUES ('357f9c7c-3617-11e7-81ad-00232490c701', '0', 'penaltyDate', '处罚决定日期', null, null, null, '48bdb527-35fb-11e7-81ad-00232490c701', '：(.*)', null, 'tr[last()]/td/p/text()', '{value}.encode(\'utf-8\')', null, '2017-05-12 00:26:29');
INSERT INTO `job_template_field` VALUES ('38d7cb87-347c-11e7-81ad-00232490c701', '0', 'pageCount', '成都海关违法走私信息总页数', 'varchar', '255', null, '05c6ae99-347c-11e7-81ad-00232490c701', '(\\d+)', null, 'text()[2]', null, null, '2017-05-12 00:26:29');
INSERT INTO `job_template_field` VALUES ('38eb87a2-3ed7-11e7-b164-e09467f6dff0', '0', 'href_url', '地址', 'varchar', '1024', 'test1', '2f8f2311-3ed7-11e7-8687-e09467f6dff0', null, null, 'a/@href', null, null, '2017-05-20 00:00:00');
INSERT INTO `job_template_field` VALUES ('38ed5c61-3ed7-11e7-9448-e09467f6dff0', '0', 'name', '名称', 'varchar', '1024', 'test1', '2f8f2311-3ed7-11e7-8687-e09467f6dff0', null, null, 'a /text()', null, null, '2017-05-20 00:00:00');
INSERT INTO `job_template_field` VALUES ('394d5b5b-349c-11e7-aa20-b8aeed2fe120', '0', 'movieName', '腾讯视频名称', 'varchar', '1024', null, 'c12161be-3494-11e7-aa20-b8aeed2fe120', null, null, 'h2[@class=\'result_title\']/a/em/text()', null, null, '2017-05-11 16:27:24');
INSERT INTO `job_template_field` VALUES ('394d5b5b-349c-11e7-aa20-b8aeed2fe1201', '0', 'movieName', '腾讯视频名称', 'varchar', '1024', null, '86a400fe-3525-11e7-947a-b8aeed2fe120', null, null, '//h1[@class=\'video_title_cn\']/a/text()', null, null, '2017-05-11 16:27:24');
INSERT INTO `job_template_field` VALUES ('398982f2-34b9-11e7-b41d-0025ab9a7c2c', '0', 'bookName', '小说阅读网书名', 'varchar', '1024', null, 'c53793f4-34b6-11e7-b41d-0025ab9a7c2c', null, null, 'h1/em/text()', null, null, '2017-05-11 16:27:24');
INSERT INTO `job_template_field` VALUES ('3a92edb0-3547-11e7-947a-b8aeed2fe120', '0', 'movieDirector', '1905电影导演', 'varchar', '1024', null, 'b99e6a2c-3531-11e7-947a-b8aeed2fe120', null, null, 'ol/li[1]/a/text()', null, null, '2017-05-11 16:27:24');
INSERT INTO `job_template_field` VALUES ('3c6d9ed7-34ba-11e7-b41d-0025ab9a7c2c', '0', 'type', '小说阅读网类型', 'varchar', '1024', null, 'c53793f4-34b6-11e7-b41d-0025ab9a7c2c', null, null, 'p/span[@class=\'tag\']/i/text()', null, null, '2017-05-11 16:27:24');
INSERT INTO `job_template_field` VALUES ('3d052a6e-881f-4a79-9715-4f897115cff8', '0', 'pageCount', '市安监局案件信息总页数', 'varchar', '255', null, '5b6ae8d4-77c8-48ac-af78-75b2fabd41da', 'page=(\\d+)', null, '@href', null, null, '2017-05-12 00:26:29');
INSERT INTO `job_template_field` VALUES ('3e602e04-3522-11e7-947a-b8aeed2fe120', '0', 'url', '中国高清网详情页面地址', 'varchar', '1024', null, 'c283b2c4-3521-11e7-947a-b8aeed2fe120', null, null, 'a/@href', null, null, '2017-05-11 16:27:24');
INSERT INTO `job_template_field` VALUES ('423ffac1-3ec8-11e7-8259-e09467f6dff0', '0', '', '', null, null, null, '308c6c9e-3ec8-11e7-b537-e09467f6dff0', null, null, '', null, null, null);
INSERT INTO `job_template_field` VALUES ('424021d2-3ec8-11e7-9606-e09467f6dff0', '0', '', '', null, null, null, '308c6c9e-3ec8-11e7-b537-e09467f6dff0', null, null, '', null, null, null);
INSERT INTO `job_template_field` VALUES ('43b07772-355f-11e7-947a-b8aeed2fe120', '0', 'movieName', '琪琪布电影网名称', 'varchar', '1024', null, '8cc9d34c-355e-11e7-947a-b8aeed2fe120', null, null, 'div[@class=\'d-title\']/h2/a[last()]/text()', null, null, '2017-05-11 16:27:24');
INSERT INTO `job_template_field` VALUES ('43c89df2-3ec5-11e7-afe1-e09467f6dff0', '0', '', '', null, null, null, '43c876de-3ec5-11e7-baf8-e09467f6dff0', null, null, '', null, null, null);
INSERT INTO `job_template_field` VALUES ('43c89df4-3ec5-11e7-b9f5-e09467f6dff0', '0', '', '', null, null, null, '43c876de-3ec5-11e7-baf8-e09467f6dff0', null, null, '', null, null, null);
INSERT INTO `job_template_field` VALUES ('43c89df6-3ec5-11e7-91a9-e09467f6dff0', '0', '', '', null, null, null, '43c876de-3ec5-11e7-baf8-e09467f6dff0', null, null, '', null, null, null);
INSERT INTO `job_template_field` VALUES ('43c89df8-3ec5-11e7-84f4-e09467f6dff0', '0', '', '', null, null, null, '43c876de-3ec5-11e7-baf8-e09467f6dff0', null, null, '', null, null, null);
INSERT INTO `job_template_field` VALUES ('4423cd90-3ed6-11e7-9a0c-e09467f6dff0', '0', 'href_url', '地址', 'varchar', '1024', 'test1', '442183a1-3ed6-11e7-ae34-e09467f6dff0', null, null, 'a/@href', null, null, '2017-05-20 00:00:00');
INSERT INTO `job_template_field` VALUES ('44257b40-3ed6-11e7-83e1-e09467f6dff0', '0', 'name', '名称', 'varchar', '1024', 'test1', '442183a1-3ed6-11e7-ae34-e09467f6dff0', null, null, 'a /text()', null, null, '2017-05-20 00:00:00');
INSERT INTO `job_template_field` VALUES ('4525fdbf-3468-11e7-81ad-00232490c701', '0', 'principalName', '主体名称', 'varchar', '255', null, 'ef50c529-4e6e-4113-9f54-2270e54d7e2d', null, null, 'div[last()]/span/text()[2]', null, null, '2017-05-12 00:26:29');
INSERT INTO `job_template_field` VALUES ('464d45cd-3532-11e7-947a-b8aeed2fe120', '0', 'movieName', '1905电影名称', 'varchar', '1024', null, 'b99e6a2c-3531-11e7-947a-b8aeed2fe120', null, null, 'div/h1/@title', null, null, '2017-05-11 16:27:24');
INSERT INTO `job_template_field` VALUES ('47ba7357-8b42-42b0-8b81-4e224b36b580', '0', 'detailUrl', '成都海关行政许可内容地址', 'varchar', '255', null, '13d28677-d305-4803-9f97-10ea86a08acc', null, null, 'a/@href', null, null, '2017-05-12 00:26:29');
INSERT INTO `job_template_field` VALUES ('48f14574-34af-11e7-9285-0025ab9a7c2c', '0', 'author', '作者', 'varchar', '1024', null, '76cf6922-34a5-11e7-9285-0025ab9a7c2c', null, null, 'h1//a[@class=\'writer\']/text()[1]', null, null, '2017-05-11 16:27:24');
INSERT INTO `job_template_field` VALUES ('4ad045e0-3559-11e7-97d9-0025ab9a7c2c', '0', 'Type', '小说大全类型', 'varchar', '1024', null, 'd4aaf892-3556-11e7-97d9-0025ab9a7c2c', null, null, 'div[@class=\'summary\']/ul/li[2]/a/text()', null, null, '2017-05-11 16:27:24');
INSERT INTO `job_template_field` VALUES ('4b247b1a-3549-11e7-81ad-00232490c701', '0', 'songSinger', 'qq音乐指定音乐的歌手名', 'varchar', '255', null, '76a3bf16-3547-11e7-81ad-00232490c701', null, null, 'div[1]/a/text()', null, null, '2017-05-12 00:26:29');
INSERT INTO `job_template_field` VALUES ('4c56de41-347d-11e7-81ad-00232490c701', '0', 'detailUrl', '成都海关违法走私信息内容地址', 'varchar', '255', null, 'af654225-347c-11e7-81ad-00232490c701', null, null, 'a/@href', null, null, '2017-05-12 00:26:29');
INSERT INTO `job_template_field` VALUES ('4c742c41-3ec9-11e7-b945-e09467f6dff0', '0', '', '', null, null, null, '4a9e81e1-3ec9-11e7-b68a-e09467f6dff0', null, null, '', null, null, null);
INSERT INTO `job_template_field` VALUES ('4c742c43-3ec9-11e7-82dd-e09467f6dff0', '0', '', '', null, null, null, '4a9e81e1-3ec9-11e7-b68a-e09467f6dff0', null, null, '', null, null, null);
INSERT INTO `job_template_field` VALUES ('50699bf7-35e9-11e7-81ad-00232490c701', '0', 'songUrl', '5nd音乐网搜索到的第一个音乐的详情地址', 'varchar', '255', null, '91a744da-35e8-11e7-81ad-00232490c701', null, null, '@href', null, null, '2017-05-12 00:26:29');
INSERT INTO `job_template_field` VALUES ('52db2d94-35fa-11e7-81ad-00232490c701', '0', 'detailUrl', '成都出入境检验检疫局行政处罚内容地址', null, null, null, '236f8237-35fa-11e7-81ad-00232490c701', null, null, 'td[3]/a/@href', null, null, '2017-05-12 00:26:29');
INSERT INTO `job_template_field` VALUES ('53551295-3616-11e7-81ad-00232490c701', '0', 'penaltyResult', '处罚结果', null, null, null, '48bdb527-35fb-11e7-81ad-00232490c701', '：(.*)', null, 'tr[7]/td/p/text()', '{value}.encode(\'utf-8\')', null, '2017-05-12 00:26:29');
INSERT INTO `job_template_field` VALUES ('557ba821-3ecb-11e7-ba5c-e09467f6dff0', '0', 'content', '内容', 'varchar', '5048', 'test1', '557b32f0-3ecb-11e7-b95a-e09467f6dff0', null, null, './text()', null, null, '2017-05-09 11:12:56');
INSERT INTO `job_template_field` VALUES ('557bf640-3ecb-11e7-b634-e09467f6dff0', '0', 'name', '名称', 'varchar', '5048', 'test1', '557b32f0-3ecb-11e7-b95a-e09467f6dff0', null, null, 'div[@class=\'op_zx_gaokao\']/h3/a//text()', null, null, null);
INSERT INTO `job_template_field` VALUES ('557c6b6e-3ecb-11e7-8adb-e09467f6dff0', '0', 'desc', '描述', 'varchar', '5048', 'test1', '557b32f0-3ecb-11e7-b95a-e09467f6dff0', null, null, 'div[@class=\'op_zx_gaokao\']/p//text()', null, null, '2017-05-09 11:12:56');
INSERT INTO `job_template_field` VALUES ('5a3bce61-34ad-11e7-aa20-b8aeed2fe120', '0', 'movieTime', '腾讯视频年代', 'varchar', '1024', null, 'ece53d51-34ac-11e7-aa20-b8aeed2fe120', null, null, 'span[@class=\'type_txt\']/text()', null, null, '2017-05-11 16:27:24');
INSERT INTO `job_template_field` VALUES ('5a3bce61-34ad-11e7-aa20-b8aeed2fe1201', '0', 'movieTime', '腾讯视频年代', 'varchar', '1024', null, '86a400fe-3525-11e7-947a-b8aeed2fe120', null, null, '//div[@class=\'video_type video_type_even cf\']//span[@class=\'type_txt\']/text()', null, null, '2017-05-11 16:27:24');
INSERT INTO `job_template_field` VALUES ('5b4ce864-3558-11e7-947a-b8aeed2fe120', '0', 'movieDiretor', '讯多影视导演', 'varchar', '1024', null, 'fa463989-3556-11e7-947a-b8aeed2fe120', null, null, 'ul/li[2]/text()\"', null, null, '2017-05-11 16:27:24');
INSERT INTO `job_template_field` VALUES ('5f063d66-3610-11e7-81ad-00232490c701', '0', 'principalName', '主体名称', null, null, null, '48bdb527-35fb-11e7-81ad-00232490c701', '：(.*)', null, 'tr[1]/td/p/text()', '{value}.encode(\'utf-8\')', null, '2017-05-12 00:26:30');
INSERT INTO `job_template_field` VALUES ('60b30eb3-352e-11e7-97d9-0025ab9a7c2c', '0', 'cmUrl', '咪咕详情地址', 'varchar', '1024', null, 'ffe68206-352d-11e7-97d9-0025ab9a7c2c', null, null, 'a/@href', null, null, '2017-05-11 16:27:24');
INSERT INTO `job_template_field` VALUES ('61be7db4-34b0-11e7-9285-0025ab9a7c2c', '0', 'type', '类型', 'varchar', '1024', null, '76cf6922-34a5-11e7-9285-0025ab9a7c2c', null, null, 'p[@class=\'tag\']/a/text()', null, null, '2017-05-11 16:27:24');
INSERT INTO `job_template_field` VALUES ('64c0bbf8-3468-11e7-81ad-00232490c701', '0', 'licenseDesc', '许可详情描述', 'varchar', '1024', null, 'ef50c529-4e6e-4113-9f54-2270e54d7e2d', null, null, 'div[last()]/span/text()[3 and last()]', '{value}.encode(\'utf-8\')', null, '2017-05-12 00:26:30');
INSERT INTO `job_template_field` VALUES ('64f9bebf-352f-11e7-97d9-0025ab9a7c2c', '0', 'author', '咪咕作者', 'varchar', '1024', null, 'eac8e8a3-352e-11e7-97d9-0025ab9a7c2c', '：(\\S+)', null, 'p/span[1]/text()[1]', null, null, '2017-05-11 16:27:24');
INSERT INTO `job_template_field` VALUES ('6a0f4f72-355e-11e7-947a-b8aeed2fe120', '0', 'url', '琪琪布电影网', 'varchar', '1024', null, '740532f2-355d-11e7-947a-b8aeed2fe120', null, null, 'a/@href', null, null, '2017-05-11 16:27:24');
INSERT INTO `job_template_field` VALUES ('6ad417fa-352e-11e7-947a-b8aeed2fe120', '0', 'movieName', '吉吉影音(爱上看电影)名称', 'varchar', '1024', null, '0a3b3e07-352e-11e7-947a-b8aeed2fe120', null, null, 'div[@class=\'moive_title\']/text()', null, null, '2017-05-11 16:27:24');
INSERT INTO `job_template_field` VALUES ('6b2b3e24-3565-11e7-81ad-00232490c701', '0', 'songName', '一听音乐指定音乐的音乐名字', 'varchar', '255', null, '481ceccb-3565-11e7-81ad-00232490c701', null, null, 'p[@class=\"songtitle\"]/a/text()', null, null, '2017-05-12 00:26:30');
INSERT INTO `job_template_field` VALUES ('6c4c83cf-3ec6-11e7-9ab6-e09467f6dff0', '0', 'content', '内容', 'varchar', '5048', 'test1', '6595278f-3ec6-11e7-b3d2-e09467f6dff0', null, null, './text()', null, null, '2017-05-09 11:12:56');
INSERT INTO `job_template_field` VALUES ('6cf8c962-3ec6-11e7-8302-e09467f6dff0', '0', 'name', '名称', 'varchar', '5048', 'test1', '6595278f-3ec6-11e7-b3d2-e09467f6dff0', null, null, 'div[@class=\'op_zx_gaokao\']/h3/a//text()', null, null, null);
INSERT INTO `job_template_field` VALUES ('6cf91780-3ec6-11e7-a329-e09467f6dff0', '0', 'desc', '描述', 'varchar', '5048', 'test1', '6595278f-3ec6-11e7-b3d2-e09467f6dff0', null, null, 'div[@class=\'op_zx_gaokao\']/p//text()', null, null, '2017-05-09 11:12:56');
INSERT INTO `job_template_field` VALUES ('6d3d7600-3d72-11e7-a860-e09467f6dff0', '0', 'href_url', '地址', 'varchar', '1024', 'test1', 'ae631f9e-3d71-11e7-a148-e09467f6dff0', null, null, 'a/@href', null, null, '2017-05-20 00:00:00');
INSERT INTO `job_template_field` VALUES ('6d717a70-355d-11e7-81ad-00232490c701', '0', 'songSize', '九酷音乐指定音乐的大小', 'varchar', '255', null, '79b3bf64-3556-11e7-81ad-00232490c701', '大小：(\\S* [K|M]B)', null, 'p[3]/text()', null, null, '2017-05-12 00:26:30');
INSERT INTO `job_template_field` VALUES ('7192f800-3d73-11e7-995f-e09467f6dff0', '0', 'detail_url', '详情地址', 'varchar', '1024', 'test1', 'e885a180-3d71-11e7-8f5b-e09467f6dff0', null, null, 'a/@href', null, null, '2017-05-20 00:00:00');
INSERT INTO `job_template_field` VALUES ('790d5526-2c06-41d9-9608-0eaf82ea5cc3', '0', 'detailUrl', '市安监局案件信息内容地址', 'varchar', '255', null, '15aa0610-5b4b-4ea8-a355-51ce72d1693e', null, null, 'a/@href', null, null, '2017-05-12 00:26:30');
INSERT INTO `job_template_field` VALUES ('7a0e8c6f-3ec6-11e7-9605-e09467f6dff0', '0', '', '', null, null, null, '7a0e655e-3ec6-11e7-bf63-e09467f6dff0', null, null, '', null, null, null);
INSERT INTO `job_template_field` VALUES ('7a0e8c71-3ec6-11e7-9d48-e09467f6dff0', '0', '', '', null, null, null, '7a0e655e-3ec6-11e7-bf63-e09467f6dff0', null, null, '', null, null, null);
INSERT INTO `job_template_field` VALUES ('7a0eb380-3ec6-11e7-9a66-e09467f6dff0', '0', '', '', null, null, null, '7a0e655e-3ec6-11e7-bf63-e09467f6dff0', null, null, '', null, null, null);
INSERT INTO `job_template_field` VALUES ('7a0eb382-3ec6-11e7-b59c-e09467f6dff0', '0', '', '', null, null, null, '7a0e655e-3ec6-11e7-bf63-e09467f6dff0', null, null, '', null, null, null);
INSERT INTO `job_template_field` VALUES ('7a519e17-3611-11e7-81ad-00232490c701', '0', 'penaltyName', '处罚事项名称', null, null, null, '48bdb527-35fb-11e7-81ad-00232490c701', '：(.*)', null, 'tr[3]/td/p/text()', '{value}.encode(\'utf-8\')', null, '2017-05-12 00:26:30');
INSERT INTO `job_template_field` VALUES ('7b8b100e-3577-11e7-81ad-00232490c701', '0', 'songName', '芒仔音乐铺指定音乐的音乐名字', 'varchar', '255', null, '07059670-3577-11e7-81ad-00232490c701', null, null, 'h1/a/text()', null, null, '2017-05-12 00:26:30');
INSERT INTO `job_template_field` VALUES ('7c3b5a9f-3556-11e7-947a-b8aeed2fe120', '0', 'url', '讯多影视详情url', 'varchar', '1024', null, '45e1dade-3554-11e7-947a-b8aeed2fe120', null, null, 'a/@href', null, null, '2017-05-11 16:27:24');
INSERT INTO `job_template_field` VALUES ('7eac5a00-3d72-11e7-bb49-e09467f6dff0', '0', 'name', '名称', 'varchar', '1024', 'test1', 'ae631f9e-3d71-11e7-a148-e09467f6dff0', null, null, 'a /text()', null, null, '2017-05-20 00:00:00');
INSERT INTO `job_template_field` VALUES ('80163542-347c-11e7-81ad-00232490c701', '0', 'detailUrl', '成都海关违法走私信息内容地址', 'varchar', '255', null, '6394fc7e-347c-11e7-81ad-00232490c701', null, null, 'a/@href', null, null, '2017-05-12 00:26:30');
INSERT INTO `job_template_field` VALUES ('80777fb7-354f-11e7-947a-b8aeed2fe120', '0', 'movieDiretor', '热片网导演', 'varchar', '1024', null, '46546268-354e-11e7-947a-b8aeed2fe120', null, null, 'div[@class=\'detail-cols fn-clear\']//div[@class=\'info fn-clear\']/dl[6]/dd//text()', null, null, '2017-05-11 16:27:24');
INSERT INTO `job_template_field` VALUES ('80c0fb09-354e-11e7-947a-b8aeed2fe120', '0', 'movieName', '热片网名称', 'varchar', '1024', null, '46546268-354e-11e7-947a-b8aeed2fe120', null, null, 'div[@class=\'detail-title fn-clear\']/h2/text()', null, null, '2017-05-11 16:27:24');
INSERT INTO `job_template_field` VALUES ('84189db4-355c-11e7-81ad-00232490c701', '0', 'songCompany', '九酷音乐指定音乐的发行公司', 'varchar', '255', null, '79b3bf64-3556-11e7-81ad-00232490c701', '发行公司：(\\S*)', null, 'p[2]/text()', null, null, '2017-05-12 00:26:30');
INSERT INTO `job_template_field` VALUES ('859000f0-3d73-11e7-9187-e09467f6dff0', '0', 'desc', '描述', 'varchar', '5048', 'test1', 'e885a180-3d71-11e7-8f5b-e09467f6dff0', null, null, 'p/text()', null, null, '2017-05-20 00:00:00');
INSERT INTO `job_template_field` VALUES ('86a5fbc0-3557-11e7-81ad-00232490c701', '0', 'songName', '九酷音乐指定音乐的音乐名字', 'varchar', '255', null, '79b3bf64-3556-11e7-81ad-00232490c701', null, null, 'p[1]/a[1]/text()', null, null, '2017-05-12 00:26:30');
INSERT INTO `job_template_field` VALUES ('8b28a601-3549-11e7-81ad-00232490c701', '0', 'songAlbum', 'qq音乐指定音乐的专辑名', 'varchar', '255', null, '76a3bf16-3547-11e7-81ad-00232490c701', null, null, 'ul/li[1]/a/text()', null, null, '2017-05-12 00:26:30');
INSERT INTO `job_template_field` VALUES ('8c870ae1-349d-11e7-aa20-b8aeed2fe120', '0', 'movieDirector', '腾讯视频导演', 'varchar', '1024', null, 'c12161be-3494-11e7-aa20-b8aeed2fe120', null, null, 'div/div[@class=\'result_info\']/div[3]/span[@class=\'content\']//text()', null, null, '2017-05-11 16:27:24');
INSERT INTO `job_template_field` VALUES ('8c870ae1-349d-11e7-aa20-b8aeed2fe1201', '0', 'movieDirector', '腾讯视频导演', 'varchar', '1024', null, '86a400fe-3525-11e7-947a-b8aeed2fe120', null, null, '//ul[@class=\'actor_list cf\']/li[1]//span[1]/@text', null, null, '2017-05-11 16:27:24');
INSERT INTO `job_template_field` VALUES ('8d18c55e-3ed0-11e7-811f-e09467f6dff0', '0', 'href_url', '地址', 'varchar', '1024', 'test1', '8b5c6f5e-3ed0-11e7-a216-e09467f6dff0', null, null, 'a/@href', null, null, '2017-05-20 00:00:00');
INSERT INTO `job_template_field` VALUES ('8d1a7311-3ed0-11e7-af92-e09467f6dff0', '0', 'name', '名称', 'varchar', '1024', 'test1', '8b5c6f5e-3ed0-11e7-a216-e09467f6dff0', null, null, 'a /text()', null, null, '2017-05-20 00:00:00');
INSERT INTO `job_template_field` VALUES ('8f1fba72-35f9-11e7-81ad-00232490c701', '0', 'detailUrl', '成都出入境检验检疫局行政处罚内容地址', 'varchar', '255', null, '200f8193-35f8-11e7-81ad-00232490c701', null, null, 'td[3]/a/@href', null, null, '2017-05-12 00:26:30');
INSERT INTO `job_template_field` VALUES ('90124651-355f-11e7-947a-b8aeed2fe120', '0', 'movieTime', '琪琪布电影网年代', 'varchar', '1024', null, '8cc9d34c-355e-11e7-947a-b8aeed2fe120', null, null, 'div[@id=\'introduce\']//div[@class=\'info\']/dl[@class=\'gather\']/dd/text()', null, null, '2017-05-11 16:27:24');
INSERT INTO `job_template_field` VALUES ('90388cd6-3545-11e7-97d9-0025ab9a7c2c', '0', 'bookName', '114小说书名', 'varchar', '1024', null, '1e6ec3db-3545-11e7-97d9-0025ab9a7c2c', null, null, 'h2/text()', null, null, '2017-05-11 16:27:24');
INSERT INTO `job_template_field` VALUES ('91adad31-0971-434f-98a0-7faf8da4648b', '0', 'detailUrl', '市农委行政处罚案件信息公开表内容地址', 'varchar', '255', null, '5e69b443-3740-429f-b466-5ccefbfefdb6', null, null, 'a/@href', null, null, '2017-05-12 00:26:31');
INSERT INTO `job_template_field` VALUES ('92b38e12-3551-11e7-97d9-0025ab9a7c2c', '0', 'type', '81中文类型', 'varchar', '1024', null, 'f4f1a890-354e-11e7-97d9-0025ab9a7c2c', null, null, 'div/p[2]/span[2]/text()', null, null, '2017-05-11 16:27:24');
INSERT INTO `job_template_field` VALUES ('93169f60-3572-11e7-81ad-00232490c701', '0', 'songAlbum', '我爱音乐网指定音乐的专辑名', 'varchar', '255', null, '47827cc7-3571-11e7-81ad-00232490c701', null, null, 'p[1]/a[last()]/text()', null, null, '2017-05-12 00:26:31');
INSERT INTO `job_template_field` VALUES ('9420494f-3532-11e7-947a-b8aeed2fe120', '0', 'movieTime', '1905电影年代', 'varchar', '1024', null, 'b99e6a2c-3531-11e7-947a-b8aeed2fe120', null, null, 'ol/li[5]/a/text()', null, null, '2017-05-11 16:27:24');
INSERT INTO `job_template_field` VALUES ('95b4b46c-34b7-11e7-b41d-0025ab9a7c2c', '0', 'author', '小说阅读网作者', 'varchar', '1024', null, 'c53793f4-34b6-11e7-b41d-0025ab9a7c2c', '\\S\\S+', null, 'h1/a/text()', null, null, '2017-05-11 16:27:24');
INSERT INTO `job_template_field` VALUES ('973d1202-3ec9-11e7-af20-e09467f6dff0', '0', '', '', null, null, null, '973ceaf0-3ec9-11e7-b1b6-e09467f6dff0', null, null, '', null, null, null);
INSERT INTO `job_template_field` VALUES ('973d1204-3ec9-11e7-86f0-e09467f6dff0', '0', '', '', null, null, null, '973ceaf0-3ec9-11e7-b1b6-e09467f6dff0', null, null, '', null, null, null);
INSERT INTO `job_template_field` VALUES ('9823f9eb-354e-11e7-81ad-00232490c701', '0', 'songCompany', 'qq音乐指定音乐的发行公司', 'varchar', '255', null, '76a3bf16-3547-11e7-81ad-00232490c701', null, null, 'ul/li[4]/a/text()', null, null, '2017-05-12 00:26:31');
INSERT INTO `job_template_field` VALUES ('9a07df30-3d73-11e7-8066-e09467f6dff0', '0', 'info', '描述', 'varchar', '100', 'test1', 'e885a180-3d71-11e7-8f5b-e09467f6dff0', null, null, 'font/text()', null, null, '2017-05-20 00:00:00');
INSERT INTO `job_template_field` VALUES ('9c975ea3-354d-11e7-81ad-00232490c701', '0', 'songLan', 'qq音乐指定音乐的语种', 'varchar', '255', null, '76a3bf16-3547-11e7-81ad-00232490c701', '语种：(.*)', null, 'ul/li[2]/text()', null, null, '2017-05-12 00:26:31');
INSERT INTO `job_template_field` VALUES ('9d342db3-3531-11e7-947a-b8aeed2fe120', '0', 'url', '1905电影网详情页url', 'varchar', '1024', null, '39feb7d2-3530-11e7-947a-b8aeed2fe120', null, null, 'a/@href', null, null, '2017-05-11 16:27:24');
INSERT INTO `job_template_field` VALUES ('9d41ee95-078d-40e8-95fe-267e24609551', '0', 'pageCount', '成都海关行政许可总页数', 'varchar', '255', null, 'd2756997-06e9-419c-8a10-72f484f48fdc', '(\\d+)', null, 'text()[2]', null, null, '2017-05-12 00:26:31');
INSERT INTO `job_template_field` VALUES ('a0afc251-3560-11e7-947a-b8aeed2fe120', '0', 'movieDiretor', '琪琪布电影网导演', 'varchar', '1024', null, '8cc9d34c-355e-11e7-947a-b8aeed2fe120', null, null, 'div[@id=\'introduce\']//div[@class=\'info\']/dl[@class=\'Type\']/dd/text()', null, null, '2017-05-11 16:27:24');
INSERT INTO `job_template_field` VALUES ('a13e5a8e-3565-11e7-81ad-00232490c701', '0', 'songSinger', '一听音乐指定音乐的歌手名', 'varchar', '255', null, '481ceccb-3565-11e7-81ad-00232490c701', null, null, 'p[@class=\"singer\"]/a/text()', null, null, '2017-05-12 00:26:31');
INSERT INTO `job_template_field` VALUES ('a17ebe5c-352e-11e7-947a-b8aeed2fe120', '0', 'movieTime', '吉吉影音(爱上看电影)年代', 'varchar', '1024', null, '0a3b3e07-352e-11e7-947a-b8aeed2fe120', null, null, 'ul/li[2]/text()', null, null, '2017-05-11 16:27:24');
INSERT INTO `job_template_field` VALUES ('a1dc5a6a-3558-11e7-97d9-0025ab9a7c2c', '0', 'author', '小说大全作者', 'varchar', '1024', null, 'd4aaf892-3556-11e7-97d9-0025ab9a7c2c', null, null, 'div[@class=\'tit_bg\']//span[@class=\'author\']/a/text()', null, null, '2017-05-11 16:27:24');
INSERT INTO `job_template_field` VALUES ('a3e3e370-3ec5-11e7-beb5-e09467f6dff0', '0', '', '', null, null, null, '7c4e5fc0-3ec5-11e7-967a-e09467f6dff0', null, null, '', null, null, null);
INSERT INTO `job_template_field` VALUES ('a4415a70-35ea-11e7-81ad-00232490c701', '0', 'songAlbum', '5nd音乐网指定音乐的专辑名', 'varchar', '255', null, '7382a702-35e9-11e7-81ad-00232490c701', null, null, 'div[@class=\"songInfo\"]/ul/li[3]/a/text()', null, null, '2017-05-12 00:26:31');
INSERT INTO `job_template_field` VALUES ('a5e7c9c0-3ec5-11e7-b66e-e09467f6dff0', '0', '', '', null, null, null, '7c4e5fc0-3ec5-11e7-967a-e09467f6dff0', null, null, '', null, null, null);
INSERT INTO `job_template_field` VALUES ('a99043b7-3555-11e7-97d9-0025ab9a7c2c', '0', 'kmUrl', '小说大全详情页', 'varchar', '1024', null, '90a8e36f-3555-11e7-97d9-0025ab9a7c2c', null, null, 'a/@href', null, null, '2017-05-11 16:27:24');
INSERT INTO `job_template_field` VALUES ('aaeb5533-3482-11e7-81ad-00232490c701', '0', 'punishBasis', '处罚依据', 'varchar', '255', null, '7ecef0fa-3481-11e7-81ad-00232490c701', null, null, 'div[4]/span//tr[7]/td[2]/p/text()', null, null, '2017-05-12 00:26:31');
INSERT INTO `job_template_field` VALUES ('b0cb823e-3577-11e7-81ad-00232490c701', '0', 'songSinger', '芒仔音乐铺指定音乐的歌手名', 'varchar', '255', null, '07059670-3577-11e7-81ad-00232490c701', null, null, 'div[@class=\"songInfo\"]/ul/li[2]/a/text()', null, null, '2017-05-12 00:26:31');
INSERT INTO `job_template_field` VALUES ('b3f2688f-3ecf-11e7-bf12-e09467f6dff0', '0', 'href_url', '地址', 'varchar', '1024', 'test1', 'b3eff78f-3ecf-11e7-b568-e09467f6dff0', null, null, 'a/@href', null, null, '2017-05-20 00:00:00');
INSERT INTO `job_template_field` VALUES ('b3f3a110-3ecf-11e7-bdb1-e09467f6dff0', '0', 'name', '名称', 'varchar', '1024', 'test1', 'b3eff78f-3ecf-11e7-b568-e09467f6dff0', null, null, 'a /text()', null, null, '2017-05-20 00:00:00');
INSERT INTO `job_template_field` VALUES ('b68f18fc-355b-11e7-81ad-00232490c701', '0', 'songSinger', '九酷音乐指定音乐的歌手名', 'varchar', '255', null, '79b3bf64-3556-11e7-81ad-00232490c701', null, null, 'p[1]/a[2]/text()', null, null, '2017-05-12 00:26:31');
INSERT INTO `job_template_field` VALUES ('b74fb8e5-3546-11e7-97d9-0025ab9a7c2c', '0', 'type', '114小说类型', 'varchar', '1024', null, '1e6ec3db-3545-11e7-97d9-0025ab9a7c2c', null, null, 'div[@class=\'tags\']/a/text()', null, null, '2017-05-11 16:27:24');
INSERT INTO `job_template_field` VALUES ('b79c4791-352f-11e7-947a-b8aeed2fe120', '0', 'movieDirector', '吉吉影音(爱上看电影)导演', 'varchar', '1024', null, '0a3b3e07-352e-11e7-947a-b8aeed2fe120', null, null, 'ul/li[5]/text()', null, null, '2017-05-11 16:27:24');
INSERT INTO `job_template_field` VALUES ('b8d34478-3481-11e7-81ad-00232490c701', '0', 'punishTime', '行政处罚时间', 'varchar', '255', null, '7ecef0fa-3481-11e7-81ad-00232490c701', '发布时间：(.*)', null, 'div[@class=\"detailTime\"]/text()', '{value}.encode(\'utf-8\')', null, '2017-05-12 00:26:31');
INSERT INTO `job_template_field` VALUES ('ba9a32cc-3611-11e7-81ad-00232490c701', '0', 'penaltyGrounds', '处罚事由', null, null, null, '48bdb527-35fb-11e7-81ad-00232490c701', '：(.*)', null, 'tr[4]/td/p/text()', '{value}.encode(\'utf-8\')', null, '2017-05-12 00:26:31');
INSERT INTO `job_template_field` VALUES ('bd2ddbd1-3ec8-11e7-b886-e09467f6dff0', '0', '', '', null, null, null, 'afb649b0-3ec8-11e7-8663-e09467f6dff0', null, null, '', null, null, null);
INSERT INTO `job_template_field` VALUES ('bf517f21-3ec8-11e7-9507-e09467f6dff0', '0', '', '', null, null, null, 'afb649b0-3ec8-11e7-8663-e09467f6dff0', null, null, '', null, null, null);
INSERT INTO `job_template_field` VALUES ('c00fbcd0-3523-11e7-947a-b8aeed2fe120', '0', 'modieName', '中国高清名称', 'varchar', '1024', null, 'a17e9d1d-3523-11e7-947a-b8aeed2fe120', null, null, 'span[1]/text()', null, null, '2017-05-11 16:27:24');
INSERT INTO `job_template_field` VALUES ('c054cc2d-3616-11e7-81ad-00232490c701', '0', 'performanceCategory', '执行情况类别', null, null, null, '48bdb527-35fb-11e7-81ad-00232490c701', '：(.*)', null, 'tr[8]/td/p/text()', '{value}.encode(\'utf-8\')', null, '2017-05-12 00:26:31');
INSERT INTO `job_template_field` VALUES ('c089cd80-3ec7-11e7-83f2-e09467f6dff0', '0', '', '', null, null, null, 'b8b54170-3ec7-11e7-88e7-e09467f6dff0', null, null, '', null, null, null);
INSERT INTO `job_template_field` VALUES ('c1226400-3ec7-11e7-ae81-e09467f6dff0', '0', '', '', null, null, null, 'b8b54170-3ec7-11e7-88e7-e09467f6dff0', null, null, '', null, null, null);
INSERT INTO `job_template_field` VALUES ('c18e1060-3532-11e7-97d9-0025ab9a7c2c', '0', 'url144', '114小说详情地址', 'varchar', '1024', null, 'b3bb56ae-3532-11e7-97d9-0025ab9a7c2c', null, null, 'a[@target=\'_blank\']/@href', null, null, '2017-05-11 16:27:24');
INSERT INTO `job_template_field` VALUES ('c1cd9a4f-3ed6-11e7-9e18-e09467f6dff0', '0', 'href_url', '地址', 'varchar', '1024', 'test1', 'c1c42470-3ed6-11e7-881a-e09467f6dff0', null, null, 'a/@href', null, null, '2017-05-20 00:00:00');
INSERT INTO `job_template_field` VALUES ('c1cfbd2e-3ed6-11e7-9b1b-e09467f6dff0', '0', 'name', '名称', 'varchar', '1024', 'test1', 'c1c42470-3ed6-11e7-881a-e09467f6dff0', null, null, 'a /text()', null, null, '2017-05-20 00:00:00');
INSERT INTO `job_template_field` VALUES ('c444f660-357d-11e7-81ad-00232490c701', '0', 'songName', '想听音乐网指定音乐的音乐名字', 'varchar', '255', null, 'fca9bb42-357b-11e7-81ad-00232490c701', null, null, 'a[1]/span/text()', null, null, '2017-05-12 00:26:32');
INSERT INTO `job_template_field` VALUES ('c568dcc0-3ec6-11e7-b665-e09467f6dff0', '0', '', '', null, null, null, '9ebfdbf0-3ec6-11e7-947d-e09467f6dff0', null, null, '', null, null, null);
INSERT INTO `job_template_field` VALUES ('c5f4904f-3465-11e7-a9f6-e09467f6dff0', '0', 'desc', '描述', 'varchar', '5048', 'test1', '01cd3891-3464-11e7-8d06-e09467f6dff0', null, null, 'div[@class=\'f13\']//text()', null, null, '2017-05-09 11:12:56');
INSERT INTO `job_template_field` VALUES ('c69771b0-3ec6-11e7-9a96-e09467f6dff0', '0', '', '', null, null, null, '9ebfdbf0-3ec6-11e7-947d-e09467f6dff0', null, null, '', null, null, null);
INSERT INTO `job_template_field` VALUES ('c8252780-3ecf-11e7-b271-e09467f6dff0', '0', 'href_url', '地址', 'varchar', '1024', 'test1', 'c822b680-3ecf-11e7-86ea-e09467f6dff0', null, null, 'a/@href', null, null, '2017-05-20 00:00:00');
INSERT INTO `job_template_field` VALUES ('c825ead0-3ecf-11e7-b2cc-e09467f6dff0', '0', 'name', '名称', 'varchar', '1024', 'test1', 'c822b680-3ecf-11e7-86ea-e09467f6dff0', null, null, 'a /text()', null, null, '2017-05-20 00:00:00');
INSERT INTO `job_template_field` VALUES ('ca21047a-3565-11e7-81ad-00232490c701', '0', 'songAlbum', '一听音乐指定音乐的专辑名', 'varchar', '255', null, '481ceccb-3565-11e7-81ad-00232490c701', null, null, 'p[@class=\"album\"]/a/text()', null, null, '2017-05-12 00:26:32');
INSERT INTO `job_template_field` VALUES ('cb3a03a0-3482-11e7-81ad-00232490c701', '0', 'punishDesc', '违法详情描述', 'varchar', '1024', null, '7ecef0fa-3481-11e7-81ad-00232490c701', null, null, 'div[4]/span//tr[6]/td[2]/p/text()', null, null, '2017-05-12 00:26:32');
INSERT INTO `job_template_field` VALUES ('cb9aaf16-354e-11e7-81ad-00232490c701', '0', 'songPublicTime', 'qq音乐指定音乐的发行时间', 'varchar', '255', null, '76a3bf16-3547-11e7-81ad-00232490c701', '发行时间：(.*)', null, 'ul/li[last()]/text()', null, null, '2017-05-12 00:26:32');
INSERT INTO `job_template_field` VALUES ('cd5fc991-3615-11e7-81ad-00232490c701', '0', 'penaltyBasis', '处罚依据', null, null, null, '48bdb527-35fb-11e7-81ad-00232490c701', '：(.*)', null, 'tr[6]/td/p/text()', '{value}.encode(\'utf-8\')', null, '2017-05-12 00:26:32');
INSERT INTO `job_template_field` VALUES ('cdda2ac6-35ea-11e7-81ad-00232490c701', '0', 'songUploadTime', '5nd音乐网指定音乐的上传时间', 'varchar', '255', null, '7382a702-35e9-11e7-81ad-00232490c701', '发行时间：(.*)', null, 'div[@class=\"songInfo\"]/ul/li[4]/text()', null, null, '2017-05-12 00:26:32');
INSERT INTO `job_template_field` VALUES ('ce6dde78-3467-11e7-81ad-00232490c701', '0', 'grantTime', '授予时间', 'varchar', '1024', null, 'ef50c529-4e6e-4113-9f54-2270e54d7e2d', null, null, 'div[last()]/span/text()[5]', '{value}.encode(\'utf-8\')', null, '2017-05-12 00:26:32');
INSERT INTO `job_template_field` VALUES ('d212398b-352d-11e7-947a-b8aeed2fe120', '0', 'url', '吉吉影音(爱上看电影)详情页url', 'varchar', '1024', null, '65ade85c-3528-11e7-947a-b8aeed2fe120', null, null, 'a/@href', null, null, '2017-05-11 16:27:24');
INSERT INTO `job_template_field` VALUES ('d53a97c8-357b-11e7-81ad-00232490c701', '0', 'songUrl', '想听音乐网搜索到的第一个音乐的详情地址', 'varchar', '255', null, '7bc0d842-357b-11e7-81ad-00232490c701', null, null, '@href', null, null, '2017-05-12 00:26:32');
INSERT INTO `job_template_field` VALUES ('d580f6ba-3571-11e7-81ad-00232490c701', '0', 'songName', '我爱音乐网指定音乐的音乐名字', 'varchar', '255', null, '47827cc7-3571-11e7-81ad-00232490c701', null, null, 'div[1]/h1/text()', null, null, '2017-05-12 00:26:32');
INSERT INTO `job_template_field` VALUES ('d81d8671-3530-11e7-97d9-0025ab9a7c2c', '0', 'type', '咪咕类型', 'varchar', '1024', null, 'eac8e8a3-352e-11e7-97d9-0025ab9a7c2c', null, null, 'p/span[1]/a/text()', null, null, '2017-05-11 16:27:24');
INSERT INTO `job_template_field` VALUES ('d92756bc-355f-11e7-97d9-0025ab9a7c2c', '0', 'author', '鲸鱼中文作者', 'varchar', '1024', null, '93b6d456-355e-11e7-97d9-0025ab9a7c2c', null, null, 'div[@class=\'brief\']/span/a[1]/text()', null, null, '2017-05-11 16:27:24');
INSERT INTO `job_template_field` VALUES ('d92d16b0-372c-4ff2-a6df-31ac7fff7cc8', '0', 'pageCount', '市农委行政处罚案件总页数', 'varchar', '255', null, 'c5b197b8-a74b-49a4-8895-3509a976b8f3', 'index_(\\d)\\.html', null, '@href', null, null, '2017-05-12 00:26:32');
INSERT INTO `job_template_field` VALUES ('db492522-355b-11e7-81ad-00232490c701', '0', 'songAlbum', '九酷音乐指定音乐的专辑名', 'varchar', '255', null, '79b3bf64-3556-11e7-81ad-00232490c701', null, null, 'p[1]/a[3]/text()', null, null, '2017-05-12 00:26:32');
INSERT INTO `job_template_field` VALUES ('dbf7d968-c0f8-4bd6-8461-9e63f2dd3a55', '0', 'pdfUrl', '市安监局案件信息pdf附件地址', 'varchar', '255', null, '7ec22330-f120-49bb-888a-5c8d33fc95bc', null, null, '@href', null, null, '2017-05-12 00:26:32');
INSERT INTO `job_template_field` VALUES ('dc2b7d71-355c-11e7-81ad-00232490c701', '0', 'songPublicTime', '九酷音乐指定音乐的发行时间', 'varchar', '255', null, '79b3bf64-3556-11e7-81ad-00232490c701', '发行时间：(\\S*)', null, 'p[2]/text()', null, null, '2017-05-12 00:26:32');
INSERT INTO `job_template_field` VALUES ('dd62d250-3ec5-11e7-ad66-e09467f6dff0', '0', '', '', null, null, null, 'dd62ab40-3ec5-11e7-ae12-e09467f6dff0', null, null, '', null, null, null);
INSERT INTO `job_template_field` VALUES ('dd62d252-3ec5-11e7-9350-e09467f6dff0', '0', '', '', null, null, null, 'dd62ab40-3ec5-11e7-ae12-e09467f6dff0', null, null, '', null, null, null);
INSERT INTO `job_template_field` VALUES ('dea20b0d-354d-11e7-81ad-00232490c701', '0', 'songGenre', 'qq音乐指定音乐的流派', 'varchar', '255', null, '76a3bf16-3547-11e7-81ad-00232490c701', '流派：(.*)', null, 'ul/li[3]/text()', null, null, '2017-05-12 00:26:33');
INSERT INTO `job_template_field` VALUES ('e1023e31-ba4c-4940-b97a-75b382bf35f3', '0', 'detailUrl', '市安监局案件信息内容地址', 'varchar', '255', null, '2f4f7d28-451d-4006-86ef-49b50872d458', null, null, 'a/@href', null, null, '2017-05-12 00:26:33');
INSERT INTO `job_template_field` VALUES ('e1a367f8-3557-11e7-947a-b8aeed2fe120', '0', 'movieName', '讯多影视名称', 'varchar', '1024', null, 'fa463989-3556-11e7-947a-b8aeed2fe120', null, null, 'h1/text()', null, null, '2017-05-11 16:27:24');
INSERT INTO `job_template_field` VALUES ('e4482cb7-354d-11e7-947a-b8aeed2fe120', '0', 'url', '热片网详情url', 'varchar', '1024', null, '41a1ad3e-354d-11e7-947a-b8aeed2fe120', null, null, 'a/@href', null, null, '2017-05-11 16:27:24');
INSERT INTO `job_template_field` VALUES ('e473bd48-3523-11e7-947a-b8aeed2fe120', '0', 'movieTime', '中国高清年代', 'varchar', '1024', null, 'a17e9d1d-3523-11e7-947a-b8aeed2fe120', null, null, 'span[3]/text()', null, null, '2017-05-11 16:27:24');
INSERT INTO `job_template_field` VALUES ('e5d7a7e6-35e9-11e7-81ad-00232490c701', '0', 'songName', '5nd音乐网指定音乐的音乐名字', 'varchar', '255', null, '7382a702-35e9-11e7-81ad-00232490c701', null, null, 'h1/a/text()', null, null, '2017-05-12 00:26:33');
INSERT INTO `job_template_field` VALUES ('e69709de-3ecf-11e7-aae7-e09467f6dff0', '0', 'href_url', '地址', 'varchar', '1024', 'test1', 'cf7b5bd1-3ecf-11e7-98e3-e09467f6dff0', null, null, 'a/@href', null, null, '2017-05-20 00:00:00');
INSERT INTO `job_template_field` VALUES ('e698b792-3ecf-11e7-8c76-e09467f6dff0', '0', 'name', '名称', 'varchar', '1024', 'test1', 'cf7b5bd1-3ecf-11e7-98e3-e09467f6dff0', null, null, 'a /text()', null, null, '2017-05-20 00:00:00');
INSERT INTO `job_template_field` VALUES ('e8b2cc54-3556-11e7-97d9-0025ab9a7c2c', '0', 'bookName', '小说大全书名', 'varchar', '1024', null, 'd4aaf892-3556-11e7-97d9-0025ab9a7c2c', '《(.+)》', null, 'div[@class=\'tit_bg\']/h2', null, null, '2017-05-11 16:27:24');
INSERT INTO `job_template_field` VALUES ('e9efd600-3ec8-11e7-9433-e09467f6dff0', '0', '', '', null, null, null, 'e4fd5b40-3ec8-11e7-8772-e09467f6dff0', null, null, '', null, null, null);
INSERT INTO `job_template_field` VALUES ('ea276ee3-3576-11e7-81ad-00232490c701', '0', 'songUrl', '芒仔音乐铺搜索到的第一个音乐的详情地址', 'varchar', '255', null, 'ae78b7e4-3576-11e7-81ad-00232490c701', null, null, '@href', null, null, '2017-05-12 00:26:33');
INSERT INTO `job_template_field` VALUES ('eae97a1c-3482-11e7-81ad-00232490c701', '0', 'punishType', '行政处罚类型', 'varchar', '255', null, '7ecef0fa-3481-11e7-81ad-00232490c701', null, null, 'div[4]/span//tr[4]/td[2]/p/text()', null, null, '2017-05-12 00:26:33');
INSERT INTO `job_template_field` VALUES ('eb064f0f-3ec8-11e7-956d-e09467f6dff0', '0', '', '', null, null, null, 'e4fd5b40-3ec8-11e7-8772-e09467f6dff0', null, null, '', null, null, null);
INSERT INTO `job_template_field` VALUES ('ecdf75f6-355f-11e7-97d9-0025ab9a7c2c', '0', 'type', '鲸鱼中文类型', 'varchar', '1024', null, '93b6d456-355e-11e7-97d9-0025ab9a7c2c', null, null, 'div[@class=\'brief\']/span/a[2]/text()', null, null, '2017-05-11 16:27:24');
INSERT INTO `job_template_field` VALUES ('ef9adce9-3481-11e7-81ad-00232490c701', '0', 'punishUnit', '行政处罚单位', 'varchar', '255', null, '7ecef0fa-3481-11e7-81ad-00232490c701', null, null, 'div[4]/span//tr[1]/td[4]/p/text()', null, null, '2017-05-12 00:26:33');
INSERT INTO `job_template_field` VALUES ('f2153a33-357d-11e7-81ad-00232490c701', '0', 'songSinger', '想听音乐网指定音乐的歌手名', 'varchar', '255', null, 'fca9bb42-357b-11e7-81ad-00232490c701', null, null, 'span[3]/a/span/text()', null, null, '2017-05-12 00:26:33');
INSERT INTO `job_template_field` VALUES ('f42638f6-3467-11e7-81ad-00232490c701', '0', 'principalNo', '主体执照注册号', 'varchar', '255', null, 'ef50c529-4e6e-4113-9f54-2270e54d7e2d', null, null, 'div[last()]/span/text()[1]', null, null, '2017-05-12 00:26:33');
INSERT INTO `job_template_field` VALUES ('f51534b1-3d5d-11e7-b1e4-e09467f6dff0', '0', 'content', '内容', 'varchar', '5048', 'test1', 'f5150da1-3d5d-11e7-af9c-e09467f6dff0', null, null, './text()', null, null, '2017-05-09 11:12:56');
INSERT INTO `job_template_field` VALUES ('f5155bc0-3d5d-11e7-9ae1-e09467f6dff0', '0', 'name', '名称', 'varchar', '5048', 'test1', 'f5150da1-3d5d-11e7-af9c-e09467f6dff0', null, null, 'div[@class=\'op_zx_gaokao\']/h3/a//text()', null, null, null);
INSERT INTO `job_template_field` VALUES ('f5155bc2-3d5d-11e7-8ba7-e09467f6dff0', '0', 'desc', '描述', 'varchar', '5048', 'test1', 'f5150da1-3d5d-11e7-af9c-e09467f6dff0', null, null, 'div[@class=\'op_zx_gaokao\']/p//text()', null, null, '2017-05-09 11:12:56');
INSERT INTO `job_template_field` VALUES ('f5586b4f-3d75-11e7-bf8e-e09467f6dff0', '0', 'pageCount', '总数', 'varchar', '255', 'test1', 'e885a180-3d71-11e7-8f5b-e09467f6dff0', null, null, '//span[@class=\'default_pgTotalPage\']/text()', null, null, '2017-04-14 00:00:00');
INSERT INTO `job_template_field` VALUES ('f655151e-3ec5-11e7-afe8-e09467f6dff0', '0', '', '', null, null, null, 'ef407db0-3ec5-11e7-86e6-e09467f6dff0', null, null, '', null, null, null);
INSERT INTO `job_template_field` VALUES ('f747f914-3489-11e7-81ad-00232490c701', '0', 'pageCount', '成都出入境检验检疫局行政处罚总页数', 'varchar', '255', null, '6cba3e48-3488-11e7-81ad-00232490c701', '\\d/(\\d+)页', null, 'div/text()', '{value}.encode(\'utf-8\')', null, '2017-05-12 00:26:33');
INSERT INTO `job_template_field` VALUES ('f97df370-3ec5-11e7-a59c-e09467f6dff0', '0', '', '', null, null, null, 'ef407db0-3ec5-11e7-86e6-e09467f6dff0', null, null, '', null, null, null);
INSERT INTO `job_template_field` VALUES ('fb86c0d5-3616-11e7-81ad-00232490c701', '0', 'penaltyOrgan', '处罚决定机关', null, null, null, '48bdb527-35fb-11e7-81ad-00232490c701', '：(.*)', null, 'tr[9]/td/p/text()', '{value}.encode(\'utf-8\')', null, '2017-05-12 00:26:33');

-- ----------------------------
-- Table structure for job_template_param
-- ----------------------------
DROP TABLE IF EXISTS `job_template_param`;
CREATE TABLE `job_template_param` (
  `ID` varchar(50) NOT NULL,
  `DEL_FLAG` tinyint(1) DEFAULT NULL,
  `PARAM_NAME_EN` varchar(255) DEFAULT NULL,
  `PARAM_NAME_CN` varchar(255) DEFAULT NULL,
  `PARAM_VALUE` varchar(255) DEFAULT NULL,
  `PARAM_CONDITION` varchar(255) DEFAULT NULL,
  `NEXT_PARAM_VALUE` varchar(255) DEFAULT NULL,
  `CREATE_TIME` datetime DEFAULT NULL,
  `CREATE_USER_ID` varchar(50) DEFAULT NULL,
  `TYPE` varchar(5) DEFAULT NULL,
  `JOB_TEMPLATE_ID` varchar(50) DEFAULT NULL,
  PRIMARY KEY (`ID`)
) ENGINE=InnoDB DEFAULT CHARSET=utf8;

-- ----------------------------
-- Records of job_template_param
-- ----------------------------
INSERT INTO `job_template_param` VALUES ('04978e50-cce2-4604-8664-55dad3d84574', null, 'pageIndex', '市安监局案件信息第pageIndex页', '2', '{pageIndex}<={pageCount}', '{pageIndex}+1', null, null, null, '2f4f7d28-451d-4006-86ef-49b50872d458');
INSERT INTO `job_template_param` VALUES ('608de0a5-e13b-457f-8ee3-90683b8d6a82', null, 'pageIndex', '成都海关行政许可第pageIndex页', '2', '{pageIndex}<={pageCount}', '{pageIndex}+1', null, null, null, '58a05936-3dcb-4906-a27b-b3aeaa4124c0');
INSERT INTO `job_template_param` VALUES ('67f1a464-35fa-11e7-81ad-00232490c701', null, 'pageIndex', '成都出入境检验检疫局行政处罚第pageIndex页', '2', '{pageIndex}<={pageCount}', '{pageIndex}+1', null, null, null, '236f8237-35fa-11e7-81ad-00232490c701');
INSERT INTO `job_template_param` VALUES ('74bb429f-4cae-45d1-ad39-b16a3a9b0fd7', '0', 'pageIndex', '市农委行政处罚案件第pageIndex+1页', '1', '{pageIndex}<={pageCount}', '{pageIndex}+1', null, null, '0', 'bf0b362b-c6ee-4f2f-9693-fe82ba424bb6');
INSERT INTO `job_template_param` VALUES ('b330624f-3d75-11e7-8e60-e09467f6dff0', '0', 'pageNo', '页数', '1', '{pageNo}+1<{pageCount}', '{pageNo}+1', '0000-00-00 00:00:00', 'test1', '0', 'e885a180-3d71-11e7-8f5b-e09467f6dff0');
INSERT INTO `job_template_param` VALUES ('d691bb15-347c-11e7-81ad-00232490c701', null, 'pageIndex', '成都海关违法走私信息第pageIndex页', '2', '{pageIndex}<={pageCount}', '{pageIndex}+1', null, null, null, 'af654225-347c-11e7-81ad-00232490c701');
