/*
Navicat MySQL Data Transfer

Source Server         : localhost_3306
Source Server Version : 50611
Source Host           : localhost:3306
Source Database       : new_crawler_db

Target Server Type    : MYSQL
Target Server Version : 50611
File Encoding         : 65001

Date: 2017-05-21 01:21:17
*/

SET FOREIGN_KEY_CHECKS=0;

-- ----------------------------
-- Table structure for asdasd
-- ----------------------------
DROP TABLE IF EXISTS `asdasd`;
CREATE TABLE `asdasd` (
  `content` varchar(5048) DEFAULT NULL,
  `name` varchar(5048) DEFAULT NULL,
  `desc` varchar(5048) DEFAULT NULL,
  `id` varchar(50) NOT NULL,
  `task_job_create_time` datetime DEFAULT NULL,
  `task_job_del_flag` tinyint(4) DEFAULT NULL,
  `task_job_id_sequence` varchar(50) DEFAULT NULL,
  PRIMARY KEY (`id`)
) ENGINE=InnoDB DEFAULT CHARSET=utf8;

-- ----------------------------
-- Records of asdasd
-- ----------------------------
INSERT INTO `asdasd` VALUES ('考后首发2017高考答案_2017年高考答案_2017高考试题及答案_2017...考试吧高考答案网,提供优质2017高考答案,2017年高考答案,2017高考试题及答案,2017高考试卷及答案,高考试题库,高考题库,高考试题,高考题等,是中国最大最好的高考...gaokao.exam8.com/gaoka...  - 百度快照 - 220条评价为您推荐：2016高考作文2016高考答案及解析高考答案公布时间', '考试吧高考答案网,提供优质2017高考答案,2017年高考答案,2017高考试题及答案,2017高考试卷及答案,高考试题库,高考题库,高考试题,高考题等,是中国最大最好的高考...', 'gaokao.exam8.com/gaoka...  - 百度快照 - 220条评价', '05b1d14f-3bad-11e7-87da-e09467f6dff0', '2017-05-18 17:33:17', '0', '02a5f0de-3bad-11e7-b952-e09467f6dff0');
INSERT INTO `asdasd` VALUES ('高考试题库_2016高考试题及答案_2016年全年高考试卷_高考网高考试题库频道内容包括:2016高考试题及答案,2015高考试题及答案,2014高考试题及答案,2013年全年高考试卷,2012高考真题,历年高考真题答案,高考试题,高考试题答案等内容...www.gaokao.com/zyk/gk...  - 百度快照 - 199条评价为您推荐：2015高考全国卷2016高考试题全国卷2016高考答案及解析', '高考试题库频道内容包括:2016高考试题及答案,2015高考试题及答案,2014高考试题及答案,2013年全年高考试卷,2012高考真题,历年高考真题答案,高考试题,高考试题答案等内容...', 'www.gaokao.com/zyk/gk...  - 百度快照 - 199条评价', '05b7ebcf-3bad-11e7-86dc-e09467f6dff0', '2017-05-18 17:33:17', '0', '02a5f0de-3bad-11e7-b952-e09467f6dff0');
INSERT INTO `asdasd` VALUES ('2016高考试题及答案_腾讯高考_腾讯网2016年高考物理真题解析主讲:吴海波 学而思高考研究中心全国卷I 适用于:河南、河北、山西、江西、湖北、湖南、广东、安徽、福建 语文 试题 | 答案 文数 试题 | ...edu.qq.com/zt2016/2016...  - 百度快照 - 126条评价为您推荐：2016高考答案及解析2016高考语文答案2016高考分数线预测', '', '', '05bd6a0f-3bad-11e7-825b-e09467f6dff0', '2017-05-18 17:33:17', '0', '02a5f0de-3bad-11e7-b952-e09467f6dff0');
INSERT INTO `asdasd` VALUES ('2009年高考试题答案及在线估分_腾讯高考频道_腾讯网高考辅导课 | 高考试题 | 分数线  首页 新闻 评论 图片 微心愿 院校动态 招办...语文|下载 试卷 估分 答案  理数|下载 试卷 估分 答案  文数|下载 试卷 估...edu.qq.com/zt/2009/200...  - 百度快照 - 126条评价为您推荐：2009高考试题及答案2009年高考真题2011高考题', '高考辅导课 | 高考试题 | 分数线  首页 新闻 评论 图片 微心愿 院校动态 招办...语文|下载 试卷 估分 答案  理数|下载 试卷 估分 答案  文数|下载 试卷 估...', 'edu.qq.com/zt/2009/200...  - 百度快照 - 126条评价', '05c2e84f-3bad-11e7-abe1-e09467f6dff0', '2017-05-18 17:33:17', '0', '02a5f0de-3bad-11e7-b952-e09467f6dff0');
INSERT INTO `asdasd` VALUES ('考后首发2017高考真题_2017高考试卷_2017高考真题及答案_2017年...您现在的位置: 考试吧 > 2017高考 > 2017高考真题及答案 高考报名 高考政策 高考作文 历年真题2017高考真题-2017高考真题及答案-2017高考试卷-2017高考试题及答案...gaokao.exam8.com/zhenti/  - 百度快照 - 220条评价为您推荐：高考答案有买是真的吗2016高考答案及解析学科网高考资源网', '您现在的位置: 考试吧 > 2017高考 > 2017高考真题及答案 高考报名 高考政策 高考作文 历年真题2017高考真题-2017高考真题及答案-2017高考试卷-2017高考试题及答案...', 'gaokao.exam8.com/zhenti/  - 百度快照 - 220条评价', '05c7f161-3bad-11e7-9cbc-e09467f6dff0', '2017-05-18 17:33:17', '0', '02a5f0de-3bad-11e7-b952-e09467f6dff0');
INSERT INTO `asdasd` VALUES ('...年高考试题及答案—高考真题_历年高考试题_高考答案_..._学科网2014高考真题答案 新课标1 难易度调查:很难 | 偏难 | 一般 | 简单 适用地区:河南 河北 山西 语文(答)图片|word|解析 文数(答)图片|word|解析 理数(答)...www.zxxk.com/gaokao/20...  - 百度快照 - 787条评价为您推荐：2014年高考试题答案2016高考答案及解析2016高考高考资源网', '2014高考真题答案 新课标1 难易度调查:很难 | 偏难 | 一般 | 简单 适用地区:河南 河北 山西 语文(答)图片|word|解析 文数(答)图片|word|解析 理数(答)...', 'www.zxxk.com/gaokao/20...  - 百度快照 - 787条评价', '05cafe9e-3bad-11e7-8d87-e09467f6dff0', '2017-05-18 17:33:17', '0', '02a5f0de-3bad-11e7-b952-e09467f6dff0');
INSERT INTO `asdasd` VALUES ('2015年全国高考真题及答案_网易教育2015年山东高考满分作文:丝瓜与肉豆 2015年江苏高考满分作文:小巷面条香 2015年广东高考高分作文赏析 2015年北京高考满分作文:深入灵魂的 2015高考真题及答案江苏卷(...edu.163.com/special/gk...  - 百度快照 - 66条评价为您推荐：2015高考真题全国卷2015年高考全国数学文科2015全国卷语文', '', '', '05cdbdc0-3bad-11e7-83c0-e09467f6dff0', '2017-05-18 17:33:17', '0', '02a5f0de-3bad-11e7-b952-e09467f6dff0');
INSERT INTO `asdasd` VALUES ('高考试题答案_腾讯高考_腾讯网高考微心愿 高考摄像机 高考见证人 招办发言人 全国卷 新课标版 I 适用于:河北 河南 山西 江西 山东(英语) 真题解析 我要答题  语文 试题 | 答案 PDF | WO...edu.qq.com/zt2015/gkst...  - 百度快照 - 126条评价', '', '', '05d007b0-3bad-11e7-a5c9-e09467f6dff0', '2017-05-18 17:33:17', '0', '02a5f0de-3bad-11e7-b952-e09467f6dff0');
INSERT INTO `asdasd` VALUES ('高考答案-2017年高考试卷及答案_高考真题答案解析2017年高考答案栏目提供2017年高考答案内容和高考试题及答案,希望能帮助您在考试中能帮到你!但我们提供的内容仅作为参考。www.liuxue86.com/gaoka...  - 百度快照', '', '', '05d2c6d1-3bad-11e7-8735-e09467f6dff0', '2017-05-18 17:33:17', '0', '02a5f0de-3bad-11e7-b952-e09467f6dff0');
INSERT INTO `asdasd` VALUES ('2016全国各地高考真题_高考试卷_高考试题答案及解析学科网第一时间发布2016高考真题及答案,深度解析全国各省市各科高考真题,并包含高考作文及点评。高考试题全解析、高考分数线、高考成绩查询以及2016高考志愿填报,欢迎...www.zxxk.com/gaokao/2016  - 百度快照 - 787条评价', '', '', '37e17ecf-3baf-11e7-9ed1-e09467f6dff0', '2017-05-18 17:49:00', '0', '2d735c21-3baf-11e7-9f29-e09467f6dff0');
INSERT INTO `asdasd` VALUES ('2016高考北京试题及答案汇总 —高考频道—中国教育在线2016年6月7日 - 2016北京高考于6月7日开始,中国教育在线在考试后及时公布高考试题、答案和高考作文,并提供高考试题下载以及高考试题的专家点评。gaokao.eol.cn/shiti/zh...  - 百度快照 - 190条评价为您推荐：2016高考作文2016北京高考数学2016高考语文答案', '2016年6月7日 - 2016北京高考于6月7日开始,中国教育在线在考试后及时公布高考试题、答案和高考作文,并提供高考试题下载以及高考试题的专家点评。', 'gaokao.eol.cn/shiti/zh...  - 百度快照 - 190条评价', '37e43df0-3baf-11e7-8e1d-e09467f6dff0', '2017-05-18 17:49:00', '0', '2d735c21-3baf-11e7-9f29-e09467f6dff0');
INSERT INTO `asdasd` VALUES ('高考试题库_2016高考试题及答案_2016年全年高考试卷_高考网高考试题库频道内容包括:2016高考试题及答案,2015高考试题及答案,2014高考试题及答案,2013年全年高考试卷,2012高考真题,历年高考真题答案,高考试题,高考试题答案等内容...www.gaokao.com/zyk/gk...  - 百度快照 - 199条评价为您推荐：2015高考全国卷2016高考试题全国卷2016高考答案及解析', '高考试题库频道内容包括:2016高考试题及答案,2015高考试题及答案,2014高考试题及答案,2013年全年高考试卷,2012高考真题,历年高考真题答案,高考试题,高考试题答案等内容...', 'www.gaokao.com/zyk/gk...  - 百度快照 - 199条评价', '37e6fd0f-3baf-11e7-b58f-e09467f6dff0', '2017-05-18 17:49:00', '0', '2d735c21-3baf-11e7-9f29-e09467f6dff0');
INSERT INTO `asdasd` VALUES ('2016年高考试题及答案word版-中国校长网2016年全国高考试题及答案word版 本站提供的所有试题和答案均为word版(图片版会做出标记),在此对提供试题和答案的各位网友表示感谢。如果您有我们没有收集到的内容...www.zgxzw.com/gaokaoshiti  - 百度快照 - 78%好评为您推荐：2015高考数学全国卷1高考试题及答案下载高考资源网', '2016年全国高考试题及答案word版 本站提供的所有试题和答案均为word版(图片版会做出标记),在此对提供试题和答案的各位网友表示感谢。如果您有我们没有收集到的内容...', 'www.zgxzw.com/gaokaoshiti  - 百度快照 - 78%好评', '37e94700-3baf-11e7-8817-e09467f6dff0', '2017-05-18 17:49:00', '0', '2d735c21-3baf-11e7-9f29-e09467f6dff0');
INSERT INTO `asdasd` VALUES ('2016高考全国卷答案-高考-考试吧2016年4月7日 - “2016高考全国卷答案”考试吧考后首发,更多关于2016高考答案、2016高考试题等信息,请微信搜索“566高考”或者访问考试吧高考网。...gaokao.exam8.com/35749...  - 百度快照 - 220条评价为您推荐：2016全国卷数学2016全国卷语文答案2016全国卷英语答案', '2016年4月7日 - “2016高考全国卷答案”考试吧考后首发,更多关于2016高考答案、2016高考试题等信息,请微信搜索“566高考”或者访问考试吧高考网。...', 'gaokao.exam8.com/35749...  - 百度快照 - 220条评价', '37ebdf0f-3baf-11e7-838c-e09467f6dff0', '2017-05-18 17:49:00', '0', '2d735c21-3baf-11e7-9f29-e09467f6dff0');
INSERT INTO `asdasd` VALUES ('2016年全国各地高考真题及答案解析权威发布天星教育网是一家服务于中学师生、教育团体的综合教育门户网站,凭借快速权威的考试信息、海量教学资源以及公司强大的图书资源优势成为国内教育行业的领跑者。topic.tesoon.com/20160...  - 百度快照 - 71条评价为您推荐：高考资源网学科网2016高考全国三卷数学庄园经济是一种实现', '天星教育网是一家服务于中学师生、教育团体的综合教育门户网站,凭借快速权威的考试信息、海量教学资源以及公司强大的图书资源优势成为国内教育行业的领跑者。', 'topic.tesoon.com/20160...  - 百度快照 - 71条评价', '37ee771e-3baf-11e7-b086-e09467f6dff0', '2017-05-18 17:49:00', '0', '2d735c21-3baf-11e7-9f29-e09467f6dff0');
INSERT INTO `asdasd` VALUES ('2016高考吉林试题及答案汇总 —高考频道—中国教育在线2016年6月7日 - 2016吉林高考于6月7日开始,中国教育在线在考试后及时公布高考试题、答案和高考作文,并提供高考试题下载以及高考试题的专家点评。gaokao.eol.cn/shiti/zh...  - 百度快照 - 190条评价为您推荐：2016高考作文2016语文高考2016吉林高考作文', '2016年6月7日 - 2016吉林高考于6月7日开始,中国教育在线在考试后及时公布高考试题、答案和高考作文,并提供高考试题下载以及高考试题的专家点评。', 'gaokao.eol.cn/shiti/zh...  - 百度快照 - 190条评价', '37f0e821-3baf-11e7-b8a7-e09467f6dff0', '2017-05-18 17:49:00', '0', '2d735c21-3baf-11e7-9f29-e09467f6dff0');
INSERT INTO `asdasd` VALUES ('2016年高考真题_新浪网新浪教育讯 2016年高考考试已结束,点击查看2016高考化学试题(海南卷)及参考答案。【适用地区:海南】   [详情] 新浪教育 | 2016年06月13日 10:56 696  ...edu.sina.com.cn/zt_d/2...  - 百度快照 - 52条评价', '', '', '37f35921-3baf-11e7-8fa9-e09467f6dff0', '2017-05-18 17:49:00', '0', '2d735c21-3baf-11e7-9f29-e09467f6dff0');
INSERT INTO `asdasd` VALUES ('2016年全国高考理综试题及答案-全国卷1_图文_百度文库2016年6月25日 - 2016年全国高考理综试题及答案-全国卷1_高考_高中教育_教育专区。中国校长网教学资源频道 http://zy.zgxzw.com 绝密★启封并使用完毕前 试题类型: 201...wenku.baidu.com/link?u...  - 评价2016年全国高考卷一文综.doc评分:0/518页2016年理综高考试题全国卷3(含答案).doc评分:5/523页更多文库相关文档>>', '2016年6月25日 - 2016年全国高考理综试题及答案-全国卷1_高考_高中教育_教育专区。中国校长网教学资源频道 http://zy.zgxzw.com 绝密★启封并使用完毕前 试题类型: 201...', 'wenku.baidu.com/link?u...  - 评价', '37f5f130-3baf-11e7-ba5a-e09467f6dff0', '2017-05-18 17:49:00', '0', '2d735c21-3baf-11e7-9f29-e09467f6dff0');

-- ----------------------------
-- Table structure for content_type
-- ----------------------------
DROP TABLE IF EXISTS `content_type`;
CREATE TABLE `content_type` (
  `ID` varchar(50) NOT NULL,
  `NAME` varchar(255) DEFAULT NULL,
  `DEL_FLAG` tinyint(1) DEFAULT NULL,
  `CREATE_TIME` datetime DEFAULT CURRENT_TIMESTAMP,
  `PARENT_ID` varchar(50) DEFAULT '-1',
  PRIMARY KEY (`ID`)
) ENGINE=InnoDB DEFAULT CHARSET=utf8;

-- ----------------------------
-- Records of content_type
-- ----------------------------
INSERT INTO `content_type` VALUES ('1', '测试', '0', '2017-05-05 14:36:15', '-1');

-- ----------------------------
-- Table structure for data_job_template_13
-- ----------------------------
DROP TABLE IF EXISTS `data_job_template_13`;
CREATE TABLE `data_job_template_13` (
  `url` varchar(1024) DEFAULT NULL,
  `id` varchar(50) NOT NULL,
  `task_job_create_time` datetime DEFAULT NULL,
  `task_job_del_flag` tinyint(4) DEFAULT NULL,
  `task_job_id_sequence` varchar(50) DEFAULT NULL,
  PRIMARY KEY (`id`)
) ENGINE=InnoDB DEFAULT CHARSET=utf8;

-- ----------------------------
-- Records of data_job_template_13
-- ----------------------------
INSERT INTO `data_job_template_13` VALUES ('http://www.1905.com/mdb/film/1963461/', '9f8cc6ee-3ba7-11e7-aed9-e09467f6dff0', '2017-05-18 16:54:38', '0', '6e1f6d1e-3ba7-11e7-b342-e09467f6dff0');
INSERT INTO `data_job_template_13` VALUES ('http://www.1905.com/mdb/film/64148/', 'cd9af030-3ba7-11e7-9ad5-e09467f6dff0', '2017-05-18 16:55:55', '0', 'a5f762c0-3ba7-11e7-8ed3-e09467f6dff0');

-- ----------------------------
-- Table structure for data_job_template_14
-- ----------------------------
DROP TABLE IF EXISTS `data_job_template_14`;
CREATE TABLE `data_job_template_14` (
  `url` varchar(1024) DEFAULT NULL,
  `id` varchar(50) NOT NULL,
  `task_job_create_time` datetime DEFAULT NULL,
  `task_job_del_flag` tinyint(4) DEFAULT NULL,
  `task_job_id_sequence` varchar(50) DEFAULT NULL,
  PRIMARY KEY (`id`)
) ENGINE=InnoDB DEFAULT CHARSET=utf8;

-- ----------------------------
-- Records of data_job_template_14
-- ----------------------------

-- ----------------------------
-- Table structure for data_job_template_15
-- ----------------------------
DROP TABLE IF EXISTS `data_job_template_15`;
CREATE TABLE `data_job_template_15` (
  `url` varchar(1024) DEFAULT NULL,
  `id` varchar(50) NOT NULL,
  `task_job_create_time` datetime DEFAULT NULL,
  `task_job_del_flag` tinyint(4) DEFAULT NULL,
  `task_job_id_sequence` varchar(50) DEFAULT NULL,
  PRIMARY KEY (`id`)
) ENGINE=InnoDB DEFAULT CHARSET=utf8;

-- ----------------------------
-- Records of data_job_template_15
-- ----------------------------
INSERT INTO `data_job_template_15` VALUES ('/dianying/999.html', 'cd803c40-3ba7-11e7-844f-e09467f6dff0', '2017-05-18 16:55:55', '0', 'a5f762c0-3ba7-11e7-8ed3-e09467f6dff0');

-- ----------------------------
-- Table structure for data_job_template_25
-- ----------------------------
DROP TABLE IF EXISTS `data_job_template_25`;
CREATE TABLE `data_job_template_25` (
  `url` varchar(1024) DEFAULT NULL,
  `id` varchar(50) NOT NULL,
  `task_job_create_time` datetime DEFAULT NULL,
  `task_job_del_flag` tinyint(4) DEFAULT NULL,
  `task_job_id_sequence` varchar(50) DEFAULT NULL,
  PRIMARY KEY (`id`)
) ENGINE=InnoDB DEFAULT CHARSET=utf8;

-- ----------------------------
-- Records of data_job_template_25
-- ----------------------------
INSERT INTO `data_job_template_25` VALUES ('/?s=vod-read-id-123778.html', '9e708180-3ba7-11e7-ae07-e09467f6dff0', '2017-05-18 16:54:36', '0', '6e1f6d1e-3ba7-11e7-b342-e09467f6dff0');
INSERT INTO `data_job_template_25` VALUES ('/?s=vod-read-id-100479.html', 'cc886ec0-3ba7-11e7-b488-e09467f6dff0', '2017-05-18 16:55:54', '0', 'a5f762c0-3ba7-11e7-8ed3-e09467f6dff0');
INSERT INTO `data_job_template_25` VALUES ('/?s=vod-read-id-23712.html', 'cc984d40-3ba7-11e7-a212-e09467f6dff0', '2017-05-18 16:55:54', '0', 'a5f762c0-3ba7-11e7-8ed3-e09467f6dff0');
INSERT INTO `data_job_template_25` VALUES ('/?s=vod-read-id-117683.html', 'cca6a51e-3ba7-11e7-8e4b-e09467f6dff0', '2017-05-18 16:55:54', '0', 'a5f762c0-3ba7-11e7-8ed3-e09467f6dff0');
INSERT INTO `data_job_template_25` VALUES ('/?s=vod-read-id-107740.html', 'ccb7950f-3ba7-11e7-a203-e09467f6dff0', '2017-05-18 16:55:54', '0', 'a5f762c0-3ba7-11e7-8ed3-e09467f6dff0');
INSERT INTO `data_job_template_25` VALUES ('/?s=vod-read-id-85408.html', 'ccc72570-3ba7-11e7-92b1-e09467f6dff0', '2017-05-18 16:55:54', '0', 'a5f762c0-3ba7-11e7-8ed3-e09467f6dff0');
INSERT INTO `data_job_template_25` VALUES ('/?s=vod-read-id-92466.html', 'ccd6b5cf-3ba7-11e7-844d-e09467f6dff0', '2017-05-18 16:55:54', '0', 'a5f762c0-3ba7-11e7-8ed3-e09467f6dff0');
INSERT INTO `data_job_template_25` VALUES ('/?s=vod-read-id-86456.html', 'cce47170-3ba7-11e7-94bf-e09467f6dff0', '2017-05-18 16:55:54', '0', 'a5f762c0-3ba7-11e7-8ed3-e09467f6dff0');
INSERT INTO `data_job_template_25` VALUES ('/?s=vod-read-id-87060.html', 'ccf3b3b0-3ba7-11e7-8c12-e09467f6dff0', '2017-05-18 16:55:54', '0', 'a5f762c0-3ba7-11e7-8ed3-e09467f6dff0');

-- ----------------------------
-- Table structure for data_job_template_28
-- ----------------------------
DROP TABLE IF EXISTS `data_job_template_28`;
CREATE TABLE `data_job_template_28` (
  `url` varchar(1024) DEFAULT NULL,
  `id` varchar(50) NOT NULL,
  `task_job_create_time` datetime DEFAULT NULL,
  `task_job_del_flag` tinyint(4) DEFAULT NULL,
  `task_job_id_sequence` varchar(50) DEFAULT NULL,
  PRIMARY KEY (`id`)
) ENGINE=InnoDB DEFAULT CHARSET=utf8;

-- ----------------------------
-- Records of data_job_template_28
-- ----------------------------

-- ----------------------------
-- Table structure for data_job_template_36
-- ----------------------------
DROP TABLE IF EXISTS `data_job_template_36`;
CREATE TABLE `data_job_template_36` (
  `movieName` varchar(1024) DEFAULT NULL,
  `movieTime` varchar(1024) DEFAULT NULL,
  `movieDirector` varchar(1024) DEFAULT NULL,
  `id` varchar(50) NOT NULL,
  `task_job_create_time` datetime DEFAULT NULL,
  `task_job_del_flag` tinyint(4) DEFAULT NULL,
  `task_job_id_sequence` varchar(50) DEFAULT NULL,
  PRIMARY KEY (`id`)
) ENGINE=InnoDB DEFAULT CHARSET=utf8;

-- ----------------------------
-- Records of data_job_template_36
-- ----------------------------
INSERT INTO `data_job_template_36` VALUES ('刺客信条:权势', '', '', '72a1fd21-3938-11e7-951d-e09467f6dff0', '2017-05-15 14:33:46', '0', null);
INSERT INTO `data_job_template_36` VALUES ('刺客信条', '2017-02-24', '', '75a3a45e-3938-11e7-8144-e09467f6dff0', '2017-05-15 14:33:51', '0', null);
INSERT INTO `data_job_template_36` VALUES ('人民的名义[纪录片]', '2017', '', '78f419cf-3ba7-11e7-acd5-e09467f6dff0', '2017-05-18 16:53:33', '0', '6e1f6d1e-3ba7-11e7-b342-e09467f6dff0');
INSERT INTO `data_job_template_36` VALUES ('超级大首映 第1季', '2016-11-11', '', '7c30136e-3a11-11e7-b1e5-e09467f6dff0', '2017-05-16 16:27:23', '0', '778772f0-3a11-11e7-ad48-e09467f6dff0');
INSERT INTO `data_job_template_36` VALUES ('新闻1+1', '', '', '83d244e1-3a11-11e7-97a9-e09467f6dff0', '2017-05-16 16:27:35', '0', '778772f0-3a11-11e7-ad48-e09467f6dff0');
INSERT INTO `data_job_template_36` VALUES ('变相怪杰1', '1994-07-29', '', '89b0310f-3a11-11e7-9153-e09467f6dff0', '2017-05-16 16:27:45', '0', '778772f0-3a11-11e7-ad48-e09467f6dff0');
INSERT INTO `data_job_template_36` VALUES ('真心英雄 第1季', '2015-10-23', '', '89fffec0-3a11-11e7-b178-e09467f6dff0', '2017-05-16 16:27:46', '0', '778772f0-3a11-11e7-ad48-e09467f6dff0');
INSERT INTO `data_job_template_36` VALUES ('高能少年团 第1季', '2017-05-13', '', '8a594251-3a11-11e7-a0b6-e09467f6dff0', '2017-05-16 16:27:46', '0', '778772f0-3a11-11e7-ad48-e09467f6dff0');
INSERT INTO `data_job_template_36` VALUES ('金曲捞 第1季', '2017-05-12', '', '8ab1e99e-3a11-11e7-a69d-e09467f6dff0', '2017-05-16 16:27:47', '0', '778772f0-3a11-11e7-ad48-e09467f6dff0');
INSERT INTO `data_job_template_36` VALUES ('刺客信条:权势', '', '', '9601cfc0-391f-11e7-a037-e09467f6dff0', '2017-05-15 11:35:48', '0', null);
INSERT INTO `data_job_template_36` VALUES ('刺客信条:权势', '', '', '961b4b30-391f-11e7-a3b6-e09467f6dff0', '2017-05-15 11:35:48', '0', null);
INSERT INTO `data_job_template_36` VALUES ('刺客信条:权势', '', '', '9b8fa7ae-3941-11e7-8dad-e09467f6dff0', '2017-05-15 15:39:20', '0', '6e6aa5ee-3941-11e7-a48a-e09467f6dff0');
INSERT INTO `data_job_template_36` VALUES ('人民的名义[DVD版]', '2017', '', '9c4fc461-3ba7-11e7-8b87-e09467f6dff0', '2017-05-18 16:54:32', '0', '6e1f6d1e-3ba7-11e7-b342-e09467f6dff0');
INSERT INTO `data_job_template_36` VALUES ('人民的名义[DVD版]', '2017', '', '9c732ade-3ba7-11e7-abc8-e09467f6dff0', '2017-05-18 16:54:32', '0', '6e1f6d1e-3ba7-11e7-b342-e09467f6dff0');
INSERT INTO `data_job_template_36` VALUES ('人民的名义[干货精简版]', '2017', '', '9ca1dc00-3ba7-11e7-b6c9-e09467f6dff0', '2017-05-18 16:54:33', '0', '6e1f6d1e-3ba7-11e7-b342-e09467f6dff0');
INSERT INTO `data_job_template_36` VALUES ('刺客信条', '2017-02-24', '', '9de9c44f-3941-11e7-a5e5-e09467f6dff0', '2017-05-15 15:39:24', '0', '6e6aa5ee-3941-11e7-a48a-e09467f6dff0');
INSERT INTO `data_job_template_36` VALUES ('非常幸运', '2013-09-17', '', 'ab27349e-3ba7-11e7-ad20-e09467f6dff0', '2017-05-18 16:54:57', '0', 'a5f762c0-3ba7-11e7-8ed3-e09467f6dff0');
INSERT INTO `data_job_template_36` VALUES ('非常幸运', '2013-09-17', '', 'ab412540-3ba7-11e7-b11c-e09467f6dff0', '2017-05-18 16:54:57', '0', 'a5f762c0-3ba7-11e7-8ed3-e09467f6dff0');
INSERT INTO `data_job_template_36` VALUES ('非常完美 2017', '2017-05-17', '', 'c8f5ab0f-3ba7-11e7-ac53-e09467f6dff0', '2017-05-18 16:55:47', '0', 'a5f762c0-3ba7-11e7-8ed3-e09467f6dff0');

-- ----------------------------
-- Table structure for data_job_template_37
-- ----------------------------
DROP TABLE IF EXISTS `data_job_template_37`;
CREATE TABLE `data_job_template_37` (
  `movieName` varchar(1024) DEFAULT NULL,
  `movieTime` varchar(1024) DEFAULT NULL,
  `movieDiretor` varchar(1024) DEFAULT NULL,
  `id` varchar(50) NOT NULL,
  `task_job_create_time` datetime DEFAULT NULL,
  `task_job_del_flag` tinyint(4) DEFAULT NULL,
  `task_job_id_sequence` varchar(50) DEFAULT NULL,
  PRIMARY KEY (`id`)
) ENGINE=InnoDB DEFAULT CHARSET=utf8;

-- ----------------------------
-- Records of data_job_template_37
-- ----------------------------

-- ----------------------------
-- Table structure for data_job_template_46
-- ----------------------------
DROP TABLE IF EXISTS `data_job_template_46`;
CREATE TABLE `data_job_template_46` (
  `movieDirector` varchar(1024) DEFAULT NULL,
  `movieName` varchar(1024) DEFAULT NULL,
  `movieTime` varchar(1024) DEFAULT NULL,
  `id` varchar(50) NOT NULL,
  `task_job_create_time` datetime DEFAULT NULL,
  `task_job_del_flag` tinyint(4) DEFAULT NULL,
  `task_job_id_sequence` varchar(50) DEFAULT NULL,
  PRIMARY KEY (`id`)
) ENGINE=InnoDB DEFAULT CHARSET=utf8;

-- ----------------------------
-- Records of data_job_template_46
-- ----------------------------
INSERT INTO `data_job_template_46` VALUES ('迪诺·里西', '以意大利人民的名义', '', 'a0869040-3ba7-11e7-bed4-e09467f6dff0', '2017-05-18 16:54:39', '0', '6e1f6d1e-3ba7-11e7-b342-e09467f6dff0');
INSERT INTO `data_job_template_46` VALUES ('金依萌', '非常完美', '', 'ceb07ee1-3ba7-11e7-b4bf-e09467f6dff0', '2017-05-18 16:55:57', '0', 'a5f762c0-3ba7-11e7-8ed3-e09467f6dff0');

-- ----------------------------
-- Table structure for data_job_template_49
-- ----------------------------
DROP TABLE IF EXISTS `data_job_template_49`;
CREATE TABLE `data_job_template_49` (
  `detailUrl` varchar(1024) DEFAULT NULL,
  `movieName` varchar(1024) DEFAULT NULL,
  `movieDirector` varchar(1024) DEFAULT NULL,
  `id` varchar(50) NOT NULL,
  `task_job_create_time` datetime DEFAULT NULL,
  `task_job_del_flag` tinyint(4) DEFAULT NULL,
  `task_job_id_sequence` varchar(50) DEFAULT NULL,
  PRIMARY KEY (`id`)
) ENGINE=InnoDB DEFAULT CHARSET=utf8;

-- ----------------------------
-- Records of data_job_template_49
-- ----------------------------
INSERT INTO `data_job_template_49` VALUES ('', '3', '', '0153706e-3a11-11e7-8c0d-e09467f6dff0', '2017-05-16 16:24:00', '0', 'fe06684f-3a10-11e7-b27b-e09467f6dff0');
INSERT INTO `data_job_template_49` VALUES ('', '3', '', '02f2c88f-3a11-11e7-8594-e09467f6dff0', '2017-05-16 16:24:00', '0', 'fe06684f-3a10-11e7-b27b-e09467f6dff0');
INSERT INTO `data_job_template_49` VALUES ('', '3', '', '02f846cf-3a11-11e7-9a98-e09467f6dff0', '2017-05-16 16:24:00', '0', 'fe06684f-3a10-11e7-b27b-e09467f6dff0');
INSERT INTO `data_job_template_49` VALUES ('', '3', '', '02fd76f0-3a11-11e7-b399-e09467f6dff0', '2017-05-16 16:24:00', '0', 'fe06684f-3a10-11e7-b27b-e09467f6dff0');
INSERT INTO `data_job_template_49` VALUES ('', '3', '', '03034351-3a11-11e7-8e06-e09467f6dff0', '2017-05-16 16:24:00', '0', 'fe06684f-3a10-11e7-b27b-e09467f6dff0');
INSERT INTO `data_job_template_49` VALUES ('', '3', '', '030f2a2e-3a11-11e7-a31a-e09467f6dff0', '2017-05-16 16:24:00', '0', 'fe06684f-3a10-11e7-b27b-e09467f6dff0');
INSERT INTO `data_job_template_49` VALUES ('', '3', '', '03178e9e-3a11-11e7-b070-e09467f6dff0', '2017-05-16 16:24:00', '0', 'fe06684f-3a10-11e7-b27b-e09467f6dff0');
INSERT INTO `data_job_template_49` VALUES ('', '3', '', '031e4561-3a11-11e7-8c5a-e09467f6dff0', '2017-05-16 16:24:00', '0', 'fe06684f-3a10-11e7-b27b-e09467f6dff0');
INSERT INTO `data_job_template_49` VALUES ('', '3', '', '0324fc21-3a11-11e7-b69d-e09467f6dff0', '2017-05-16 16:24:00', '0', 'fe06684f-3a10-11e7-b27b-e09467f6dff0');
INSERT INTO `data_job_template_49` VALUES ('', '3', '', '032aef8f-3a11-11e7-b33c-e09467f6dff0', '2017-05-16 16:24:00', '0', 'fe06684f-3a10-11e7-b27b-e09467f6dff0');
INSERT INTO `data_job_template_49` VALUES ('', '3', '', '032ff8a1-3a11-11e7-88ed-e09467f6dff0', '2017-05-16 16:24:00', '0', 'fe06684f-3a10-11e7-b27b-e09467f6dff0');
INSERT INTO `data_job_template_49` VALUES ('', '3', '', '03359df0-3a11-11e7-91cf-e09467f6dff0', '2017-05-16 16:24:00', '0', 'fe06684f-3a10-11e7-b27b-e09467f6dff0');
INSERT INTO `data_job_template_49` VALUES ('', '3', '', '033ace0f-3a11-11e7-9bb0-e09467f6dff0', '2017-05-16 16:24:00', '0', 'fe06684f-3a10-11e7-b27b-e09467f6dff0');
INSERT INTO `data_job_template_49` VALUES ('', '3', '', '03402540-3a11-11e7-9176-e09467f6dff0', '2017-05-16 16:24:00', '0', 'fe06684f-3a10-11e7-b27b-e09467f6dff0');
INSERT INTO `data_job_template_49` VALUES ('', '3', '', '0345ca8f-3a11-11e7-8467-e09467f6dff0', '2017-05-16 16:24:00', '0', 'fe06684f-3a10-11e7-b27b-e09467f6dff0');
INSERT INTO `data_job_template_49` VALUES ('', '3', '', '034b6fde-3a11-11e7-8dc6-e09467f6dff0', '2017-05-16 16:24:00', '0', 'fe06684f-3a10-11e7-b27b-e09467f6dff0');
INSERT INTO `data_job_template_49` VALUES ('', '33', '', '03518a61-3a11-11e7-a97a-e09467f6dff0', '2017-05-16 16:24:00', '0', 'fe06684f-3a10-11e7-b27b-e09467f6dff0');
INSERT INTO `data_job_template_49` VALUES ('', '33', '', '0357f300-3a11-11e7-9d21-e09467f6dff0', '2017-05-16 16:24:00', '0', 'fe06684f-3a10-11e7-b27b-e09467f6dff0');
INSERT INTO `data_job_template_49` VALUES ('http://v.qq.com/detail/y/yz4vl2g8sma0zuu.html', '', '', '15290f8f-3932-11e7-b5e2-e09467f6dff0', '2017-05-15 13:48:12', '0', null);
INSERT INTO `data_job_template_49` VALUES ('http://v.qq.com/detail/t/tlqma6dqnaailbj.html', '', '', '15328570-3932-11e7-9876-e09467f6dff0', '2017-05-15 13:48:12', '0', null);
INSERT INTO `data_job_template_49` VALUES ('', '', '', '15354491-3932-11e7-b20d-e09467f6dff0', '2017-05-15 13:48:12', '0', null);
INSERT INTO `data_job_template_49` VALUES ('', '', '', '1538c700-3932-11e7-96ed-e09467f6dff0', '2017-05-15 13:48:12', '0', null);
INSERT INTO `data_job_template_49` VALUES ('', '刺客信条', '', '153c4970-3932-11e7-97d4-e09467f6dff0', '2017-05-15 13:48:12', '0', null);
INSERT INTO `data_job_template_49` VALUES ('', '刺客信条', '', '153f56b0-3932-11e7-9351-e09467f6dff0', '2017-05-15 13:48:12', '0', null);
INSERT INTO `data_job_template_49` VALUES ('', '刺客信条', '', '15423cde-3932-11e7-95e3-e09467f6dff0', '2017-05-15 13:48:12', '0', null);
INSERT INTO `data_job_template_49` VALUES ('', '刺客信条', '', '1544fc00-3932-11e7-a5a3-e09467f6dff0', '2017-05-15 13:48:12', '0', null);
INSERT INTO `data_job_template_49` VALUES ('', '刺客信条', '', '1547e230-3932-11e7-8d7b-e09467f6dff0', '2017-05-15 13:48:12', '0', null);
INSERT INTO `data_job_template_49` VALUES ('', '刺客信条', '', '154b1680-3932-11e7-bd82-e09467f6dff0', '2017-05-15 13:48:12', '0', null);
INSERT INTO `data_job_template_49` VALUES ('', '刺客信条', '', '154dae8f-3932-11e7-a732-e09467f6dff0', '2017-05-15 13:48:12', '0', null);
INSERT INTO `data_job_template_49` VALUES ('', '刺客信条', '', '155094c0-3932-11e7-acaa-e09467f6dff0', '2017-05-15 13:48:12', '0', null);
INSERT INTO `data_job_template_49` VALUES ('', '刺客信条', '', '1553a200-3932-11e7-9108-e09467f6dff0', '2017-05-15 13:48:12', '0', null);
INSERT INTO `data_job_template_49` VALUES ('', '刺客信条', '', '15572470-3932-11e7-bce1-e09467f6dff0', '2017-05-15 13:48:12', '0', null);
INSERT INTO `data_job_template_49` VALUES ('', '刺客信条', '', '155a0aa1-3932-11e7-abbf-e09467f6dff0', '2017-05-15 13:48:12', '0', null);
INSERT INTO `data_job_template_49` VALUES ('http://v.qq.com/detail/y/yz4vl2g8sma0zuu.html', '', '', '16a4dc4f-3941-11e7-8a8d-e09467f6dff0', '2017-05-15 15:35:52', '0', '0ccc69ee-3941-11e7-a4ee-e09467f6dff0');
INSERT INTO `data_job_template_49` VALUES ('http://v.qq.com/detail/t/tlqma6dqnaailbj.html', '', '', '19d70970-3941-11e7-95e0-e09467f6dff0', '2017-05-15 15:35:52', '0', '0ccc69ee-3941-11e7-a4ee-e09467f6dff0');
INSERT INTO `data_job_template_49` VALUES ('', '', '', '1ab73040-3941-11e7-a984-e09467f6dff0', '2017-05-15 15:35:52', '0', '0ccc69ee-3941-11e7-a4ee-e09467f6dff0');
INSERT INTO `data_job_template_49` VALUES ('', '', '', '1e3c5f5e-3941-11e7-8b05-e09467f6dff0', '2017-05-15 15:35:52', '0', '0ccc69ee-3941-11e7-a4ee-e09467f6dff0');
INSERT INTO `data_job_template_49` VALUES ('', '刺客信条', '', '1e9c0b91-3941-11e7-97ad-e09467f6dff0', '2017-05-15 15:35:52', '0', '0ccc69ee-3941-11e7-a4ee-e09467f6dff0');
INSERT INTO `data_job_template_49` VALUES ('', '刺客信条', '', '1eeaa0c0-3941-11e7-a4af-e09467f6dff0', '2017-05-15 15:35:52', '0', '0ccc69ee-3941-11e7-a4ee-e09467f6dff0');
INSERT INTO `data_job_template_49` VALUES ('', '刺客信条', '', '1f0b210f-3941-11e7-860d-e09467f6dff0', '2017-05-15 15:35:52', '0', '0ccc69ee-3941-11e7-a4ee-e09467f6dff0');
INSERT INTO `data_job_template_49` VALUES ('', '刺客信条', '', '1f244e5e-3941-11e7-a392-e09467f6dff0', '2017-05-15 15:35:52', '0', '0ccc69ee-3941-11e7-a4ee-e09467f6dff0');
INSERT INTO `data_job_template_49` VALUES ('', '刺客信条', '', '1f3e3f00-3941-11e7-b55e-e09467f6dff0', '2017-05-15 15:35:52', '0', '0ccc69ee-3941-11e7-a4ee-e09467f6dff0');
INSERT INTO `data_job_template_49` VALUES ('', '刺客信条', '', '1f545f0f-3941-11e7-ba0c-e09467f6dff0', '2017-05-15 15:35:52', '0', '0ccc69ee-3941-11e7-a4ee-e09467f6dff0');
INSERT INTO `data_job_template_49` VALUES ('', '刺客信条', '', '1f6c05c0-3941-11e7-89bc-e09467f6dff0', '2017-05-15 15:35:52', '0', '0ccc69ee-3941-11e7-a4ee-e09467f6dff0');
INSERT INTO `data_job_template_49` VALUES ('', '刺客信条', '', '1f846fc0-3941-11e7-bb20-e09467f6dff0', '2017-05-15 15:35:52', '0', '0ccc69ee-3941-11e7-a4ee-e09467f6dff0');
INSERT INTO `data_job_template_49` VALUES ('', '刺客信条', '', '1f98bb0f-3941-11e7-89d7-e09467f6dff0', '2017-05-15 15:35:52', '0', '0ccc69ee-3941-11e7-a4ee-e09467f6dff0');
INSERT INTO `data_job_template_49` VALUES ('', '刺客信条', '', '1fafc580-3941-11e7-8c3e-e09467f6dff0', '2017-05-15 15:35:52', '0', '0ccc69ee-3941-11e7-a4ee-e09467f6dff0');
INSERT INTO `data_job_template_49` VALUES ('', '刺客信条', '', '1fc9b621-3941-11e7-a3a0-e09467f6dff0', '2017-05-15 15:35:52', '0', '0ccc69ee-3941-11e7-a4ee-e09467f6dff0');
INSERT INTO `data_job_template_49` VALUES ('http://v.qq.com/detail/y/yz4vl2g8sma0zuu.html', '', '', '21379370-3940-11e7-99e1-e09467f6dff0', '2017-05-15 15:28:46', '0', '1b80de4f-3940-11e7-86b6-e09467f6dff0');
INSERT INTO `data_job_template_49` VALUES ('http://v.qq.com/detail/t/tlqma6dqnaailbj.html', '', '', '213bd930-3940-11e7-a04c-e09467f6dff0', '2017-05-15 15:28:46', '0', '1b80de4f-3940-11e7-86b6-e09467f6dff0');
INSERT INTO `data_job_template_49` VALUES ('', '', '', '213f5b9e-3940-11e7-8d5a-e09467f6dff0', '2017-05-15 15:28:46', '0', '1b80de4f-3940-11e7-86b6-e09467f6dff0');
INSERT INTO `data_job_template_49` VALUES ('', '', '', '2142b700-3940-11e7-92f0-e09467f6dff0', '2017-05-15 15:28:46', '0', '1b80de4f-3940-11e7-86b6-e09467f6dff0');
INSERT INTO `data_job_template_49` VALUES ('', '刺客信条', '', '21466080-3940-11e7-91cb-e09467f6dff0', '2017-05-15 15:28:46', '0', '1b80de4f-3940-11e7-86b6-e09467f6dff0');
INSERT INTO `data_job_template_49` VALUES ('', '刺客信条', '', '214a0a00-3940-11e7-b85b-e09467f6dff0', '2017-05-15 15:28:46', '0', '1b80de4f-3940-11e7-86b6-e09467f6dff0');
INSERT INTO `data_job_template_49` VALUES ('', '刺客信条', '', '214e9dde-3940-11e7-bdb1-e09467f6dff0', '2017-05-15 15:28:46', '0', '1b80de4f-3940-11e7-86b6-e09467f6dff0');
INSERT INTO `data_job_template_49` VALUES ('', '刺客信条', '', '2151f940-3940-11e7-ae95-e09467f6dff0', '2017-05-15 15:28:46', '0', '1b80de4f-3940-11e7-86b6-e09467f6dff0');
INSERT INTO `data_job_template_49` VALUES ('', '刺客信条', '', '21557bb0-3940-11e7-aa52-e09467f6dff0', '2017-05-15 15:28:46', '0', '1b80de4f-3940-11e7-86b6-e09467f6dff0');
INSERT INTO `data_job_template_49` VALUES ('', '刺客信条', '', '21594c40-3940-11e7-a166-e09467f6dff0', '2017-05-15 15:28:46', '0', '1b80de4f-3940-11e7-86b6-e09467f6dff0');
INSERT INTO `data_job_template_49` VALUES ('', '刺客信条', '', '215ca79e-3940-11e7-8452-e09467f6dff0', '2017-05-15 15:28:46', '0', '1b80de4f-3940-11e7-86b6-e09467f6dff0');
INSERT INTO `data_job_template_49` VALUES ('', '刺客信条', '', '21602a0f-3940-11e7-b865-e09467f6dff0', '2017-05-15 15:28:46', '0', '1b80de4f-3940-11e7-86b6-e09467f6dff0');
INSERT INTO `data_job_template_49` VALUES ('', '刺客信条', '', '216f4540-3940-11e7-98e4-e09467f6dff0', '2017-05-15 15:28:46', '0', '1b80de4f-3940-11e7-86b6-e09467f6dff0');
INSERT INTO `data_job_template_49` VALUES ('', '刺客信条', '', '2172798f-3940-11e7-9410-e09467f6dff0', '2017-05-15 15:28:46', '0', '1b80de4f-3940-11e7-86b6-e09467f6dff0');
INSERT INTO `data_job_template_49` VALUES ('', '刺客信条', '', '2175adde-3940-11e7-a77a-e09467f6dff0', '2017-05-15 15:28:46', '0', '1b80de4f-3940-11e7-86b6-e09467f6dff0');
INSERT INTO `data_job_template_49` VALUES ('http://v.qq.com/detail/y/yz4vl2g8sma0zuu.html', '', '', '48764cee-3932-11e7-bfa4-e09467f6dff0', '2017-05-15 13:49:38', '0', null);
INSERT INTO `data_job_template_49` VALUES ('', '刺客信条', '', '487d51cf-3932-11e7-979c-e09467f6dff0', '2017-05-15 13:49:38', '0', null);
INSERT INTO `data_job_template_49` VALUES ('http://v.qq.com/detail/t/tlqma6dqnaailbj.html', '', '', '48839361-3932-11e7-9f0e-e09467f6dff0', '2017-05-15 13:49:38', '0', null);
INSERT INTO `data_job_template_49` VALUES ('', '刺客信条', '', '4889fc00-3932-11e7-a4f6-e09467f6dff0', '2017-05-15 13:49:38', '0', null);
INSERT INTO `data_job_template_49` VALUES ('', '刺客信条', '', '488ede00-3932-11e7-9f24-e09467f6dff0', '2017-05-15 13:49:38', '0', null);
INSERT INTO `data_job_template_49` VALUES ('', '刺客信条', '', '4892ae8f-3932-11e7-b87f-e09467f6dff0', '2017-05-15 13:49:38', '0', null);
INSERT INTO `data_job_template_49` VALUES ('', '刺客信条', '', '4896f451-3932-11e7-a24b-e09467f6dff0', '2017-05-15 13:49:38', '0', null);
INSERT INTO `data_job_template_49` VALUES ('', '刺客信条', '', '4899b370-3932-11e7-af39-e09467f6dff0', '2017-05-15 13:49:38', '0', null);
INSERT INTO `data_job_template_49` VALUES ('', '刺客信条', '', '489bd64f-3932-11e7-88b9-e09467f6dff0', '2017-05-15 13:49:38', '0', null);
INSERT INTO `data_job_template_49` VALUES ('', '刺客信条', '', '489dab0f-3932-11e7-929e-e09467f6dff0', '2017-05-15 13:49:38', '0', null);
INSERT INTO `data_job_template_49` VALUES ('', '刺客信条', '', '489fa6e1-3932-11e7-99bb-e09467f6dff0', '2017-05-15 13:49:38', '0', null);
INSERT INTO `data_job_template_49` VALUES ('', '刺客信条', '', '48a1548f-3932-11e7-a743-e09467f6dff0', '2017-05-15 13:49:38', '0', null);
INSERT INTO `data_job_template_49` VALUES ('', '刺客信条', '', '48a39e80-3932-11e7-9534-e09467f6dff0', '2017-05-15 13:49:38', '0', null);
INSERT INTO `data_job_template_49` VALUES ('', '刺客信条', '', '48a5c15e-3932-11e7-856d-e09467f6dff0', '2017-05-15 13:49:38', '0', null);
INSERT INTO `data_job_template_49` VALUES ('', '刺客信条', '', '48a7e440-3932-11e7-a36d-e09467f6dff0', '2017-05-15 13:49:38', '0', null);
INSERT INTO `data_job_template_49` VALUES ('http://v.qq.com/detail/y/yz4vl2g8sma0zuu.html', '', '', '4b84bade-3931-11e7-9e0a-e09467f6dff0', '2017-05-15 13:42:34', '0', null);
INSERT INTO `data_job_template_49` VALUES ('', '刺客信条', '', '4b8d465e-3931-11e7-a263-e09467f6dff0', '2017-05-15 13:42:34', '0', null);
INSERT INTO `data_job_template_49` VALUES ('http://v.qq.com/detail/t/tlqma6dqnaailbj.html', '', '', '4b93af00-3931-11e7-a1a5-e09467f6dff0', '2017-05-15 13:42:34', '0', null);
INSERT INTO `data_job_template_49` VALUES ('', '刺客信条', '', '4b97f4c0-3931-11e7-aa54-e09467f6dff0', '2017-05-15 13:42:34', '0', null);
INSERT INTO `data_job_template_49` VALUES ('', '刺客信条', '', '4b9a3eb0-3931-11e7-a052-e09467f6dff0', '2017-05-15 13:42:34', '0', null);
INSERT INTO `data_job_template_49` VALUES ('', '刺客信条', '', '4b9c3a80-3931-11e7-9a23-e09467f6dff0', '2017-05-15 13:42:34', '0', null);
INSERT INTO `data_job_template_49` VALUES ('', '刺客信条', '', '4b9e364f-3931-11e7-ae28-e09467f6dff0', '2017-05-15 13:42:34', '0', null);
INSERT INTO `data_job_template_49` VALUES ('', '刺客信条', '', '4ba0321e-3931-11e7-a404-e09467f6dff0', '2017-05-15 13:42:34', '0', null);
INSERT INTO `data_job_template_49` VALUES ('', '刺客信条', '', '4ba1dfcf-3931-11e7-99e2-e09467f6dff0', '2017-05-15 13:42:34', '0', null);
INSERT INTO `data_job_template_49` VALUES ('', '刺客信条', '', '4ba3db9e-3931-11e7-9f7c-e09467f6dff0', '2017-05-15 13:42:34', '0', null);
INSERT INTO `data_job_template_49` VALUES ('', '刺客信条', '', '4ba5b061-3931-11e7-a737-e09467f6dff0', '2017-05-15 13:42:34', '0', null);
INSERT INTO `data_job_template_49` VALUES ('', '刺客信条', '', '4ba7d340-3931-11e7-bfc8-e09467f6dff0', '2017-05-15 13:42:34', '0', null);
INSERT INTO `data_job_template_49` VALUES ('', '刺客信条', '', '4ba9cf0f-3931-11e7-89ab-e09467f6dff0', '2017-05-15 13:42:34', '0', null);
INSERT INTO `data_job_template_49` VALUES ('', '刺客信条', '', '4babcade-3931-11e7-9187-e09467f6dff0', '2017-05-15 13:42:34', '0', null);
INSERT INTO `data_job_template_49` VALUES ('', '刺客信条', '', '4bad9fa1-3931-11e7-af15-e09467f6dff0', '2017-05-15 13:42:34', '0', null);
INSERT INTO `data_job_template_49` VALUES ('http://v.qq.com/detail/y/yz4vl2g8sma0zuu.html', '', '', '52065cf0-3938-11e7-bc66-e09467f6dff0', '2017-05-15 14:32:51', '0', null);
INSERT INTO `data_job_template_49` VALUES ('', '刺客信条', '', '52094321-3938-11e7-975d-e09467f6dff0', '2017-05-15 14:32:51', '0', null);
INSERT INTO `data_job_template_49` VALUES ('', '刺客信条', '', '520bdb30-3938-11e7-b4ee-e09467f6dff0', '2017-05-15 14:32:51', '0', null);
INSERT INTO `data_job_template_49` VALUES ('http://v.qq.com/detail/t/tlqma6dqnaailbj.html', '', '', '520e7340-3938-11e7-8448-e09467f6dff0', '2017-05-15 14:32:51', '0', null);
INSERT INTO `data_job_template_49` VALUES ('', '刺客信条', '', '52110b4f-3938-11e7-924b-e09467f6dff0', '2017-05-15 14:32:51', '0', null);
INSERT INTO `data_job_template_49` VALUES ('', '刺客信条', '', '52137c4f-3938-11e7-b7ba-e09467f6dff0', '2017-05-15 14:32:51', '0', null);
INSERT INTO `data_job_template_49` VALUES ('', '刺客信条', '', '5216898f-3938-11e7-997a-e09467f6dff0', '2017-05-15 14:32:51', '0', null);
INSERT INTO `data_job_template_49` VALUES ('', '刺客信条', '', '521a5a21-3938-11e7-ba1d-e09467f6dff0', '2017-05-15 14:32:51', '0', null);
INSERT INTO `data_job_template_49` VALUES ('', '刺客信条', '', '521d6761-3938-11e7-ac4c-e09467f6dff0', '2017-05-15 14:32:51', '0', null);
INSERT INTO `data_job_template_49` VALUES ('', '刺客信条', '', '52209bb0-3938-11e7-9e05-e09467f6dff0', '2017-05-15 14:32:51', '0', null);
INSERT INTO `data_job_template_49` VALUES ('', '刺客信条', '', '5223a8f0-3938-11e7-a921-e09467f6dff0', '2017-05-15 14:32:51', '0', null);
INSERT INTO `data_job_template_49` VALUES ('', '刺客信条', '', '5226b630-3938-11e7-aa40-e09467f6dff0', '2017-05-15 14:32:51', '0', null);
INSERT INTO `data_job_template_49` VALUES ('', '刺客信条', '', '52299c61-3938-11e7-bd1c-e09467f6dff0', '2017-05-15 14:32:51', '0', null);
INSERT INTO `data_job_template_49` VALUES ('', '刺客信条', '', '522c3470-3938-11e7-b1e2-e09467f6dff0', '2017-05-15 14:32:51', '0', null);
INSERT INTO `data_job_template_49` VALUES ('', '刺客信条', '', '522e7e61-3938-11e7-bc77-e09467f6dff0', '2017-05-15 14:32:51', '0', null);
INSERT INTO `data_job_template_49` VALUES ('http://v.qq.com/detail/y/yz4vl2g8sma0zuu.html', '', '', '67994c4f-3931-11e7-8235-e09467f6dff0', '2017-05-15 13:43:25', '0', null);
INSERT INTO `data_job_template_49` VALUES ('', '刺客信条', '', '6a4e3321-3931-11e7-b8e0-e09467f6dff0', '2017-05-15 13:43:25', '0', null);
INSERT INTO `data_job_template_49` VALUES ('http://v.qq.com/detail/t/tlqma6dqnaailbj.html', '', '', '6a50cb30-3931-11e7-abae-e09467f6dff0', '2017-05-15 13:43:25', '0', null);
INSERT INTO `data_job_template_49` VALUES ('', '刺客信条', '', '6a53151e-3931-11e7-9c48-e09467f6dff0', '2017-05-15 13:43:25', '0', null);
INSERT INTO `data_job_template_49` VALUES ('', '刺客信条', '', '6a553800-3931-11e7-98fe-e09467f6dff0', '2017-05-15 13:43:25', '0', null);
INSERT INTO `data_job_template_49` VALUES ('', '刺客信条', '', '6a575ae1-3931-11e7-bc77-e09467f6dff0', '2017-05-15 13:43:25', '0', null);
INSERT INTO `data_job_template_49` VALUES ('', '刺客信条', '', '6a5956b0-3931-11e7-8ad3-e09467f6dff0', '2017-05-15 13:43:25', '0', null);
INSERT INTO `data_job_template_49` VALUES ('', '刺客信条', '', '6a5b798f-3931-11e7-90d3-e09467f6dff0', '2017-05-15 13:43:25', '0', null);
INSERT INTO `data_job_template_49` VALUES ('', '刺客信条', '', '6a5d9c70-3931-11e7-85ec-e09467f6dff0', '2017-05-15 13:43:25', '0', null);
INSERT INTO `data_job_template_49` VALUES ('', '刺客信条', '', '6a600d70-3931-11e7-9a08-e09467f6dff0', '2017-05-15 13:43:25', '0', null);
INSERT INTO `data_job_template_49` VALUES ('', '刺客信条', '', '6a627e70-3931-11e7-af2d-e09467f6dff0', '2017-05-15 13:43:25', '0', null);
INSERT INTO `data_job_template_49` VALUES ('', '刺客信条', '', '6a647a40-3931-11e7-ba21-e09467f6dff0', '2017-05-15 13:43:25', '0', null);
INSERT INTO `data_job_template_49` VALUES ('', '刺客信条', '', '6a664f00-3931-11e7-b366-e09467f6dff0', '2017-05-15 13:43:25', '0', null);
INSERT INTO `data_job_template_49` VALUES ('', '刺客信条', '', '6a6823c0-3931-11e7-94bf-e09467f6dff0', '2017-05-15 13:43:25', '0', null);
INSERT INTO `data_job_template_49` VALUES ('', '刺客信条', '', '6a6a469e-3931-11e7-b132-e09467f6dff0', '2017-05-15 13:43:25', '0', null);
INSERT INTO `data_job_template_49` VALUES ('http://v.qq.com/detail/y/yz4vl2g8sma0zuu.html', '', '', '74aafd70-3941-11e7-a323-e09467f6dff0', '2017-05-15 15:38:15', '0', '6e6aa5ee-3941-11e7-a48a-e09467f6dff0');
INSERT INTO `data_job_template_49` VALUES ('', '刺客信条', '', '74af6a40-3941-11e7-a3de-e09467f6dff0', '2017-05-15 15:38:15', '0', '6e6aa5ee-3941-11e7-a48a-e09467f6dff0');
INSERT INTO `data_job_template_49` VALUES ('http://v.qq.com/detail/t/tlqma6dqnaailbj.html', '', '', '74b313c0-3941-11e7-a625-e09467f6dff0', '2017-05-15 15:38:15', '0', '6e6aa5ee-3941-11e7-a48a-e09467f6dff0');
INSERT INTO `data_job_template_49` VALUES ('', '刺客信条', '', '74b69630-3941-11e7-b15b-e09467f6dff0', '2017-05-15 15:38:15', '0', '6e6aa5ee-3941-11e7-a48a-e09467f6dff0');
INSERT INTO `data_job_template_49` VALUES ('', '刺客信条', '', '74b9f191-3941-11e7-a269-e09467f6dff0', '2017-05-15 15:38:15', '0', '6e6aa5ee-3941-11e7-a48a-e09467f6dff0');
INSERT INTO `data_job_template_49` VALUES ('', '刺客信条', '', '74bd7400-3941-11e7-b4fa-e09467f6dff0', '2017-05-15 15:38:15', '0', '6e6aa5ee-3941-11e7-a48a-e09467f6dff0');
INSERT INTO `data_job_template_49` VALUES ('', '刺客信条', '', '74c0a84f-3941-11e7-ba0a-e09467f6dff0', '2017-05-15 15:38:15', '0', '6e6aa5ee-3941-11e7-a48a-e09467f6dff0');
INSERT INTO `data_job_template_49` VALUES ('', '刺客信条', '', '74c42ac0-3941-11e7-a357-e09467f6dff0', '2017-05-15 15:38:15', '0', '6e6aa5ee-3941-11e7-a48a-e09467f6dff0');
INSERT INTO `data_job_template_49` VALUES ('', '刺客信条', '', '74c78621-3941-11e7-b71c-e09467f6dff0', '2017-05-15 15:38:15', '0', '6e6aa5ee-3941-11e7-a48a-e09467f6dff0');
INSERT INTO `data_job_template_49` VALUES ('', '刺客信条', '', '74cb7dc0-3941-11e7-886b-e09467f6dff0', '2017-05-15 15:38:15', '0', '6e6aa5ee-3941-11e7-a48a-e09467f6dff0');
INSERT INTO `data_job_template_49` VALUES ('', '刺客信条', '', '74ced91e-3941-11e7-baa8-e09467f6dff0', '2017-05-15 15:38:15', '0', '6e6aa5ee-3941-11e7-a48a-e09467f6dff0');
INSERT INTO `data_job_template_49` VALUES ('', '刺客信条', '', '74d2829e-3941-11e7-b967-e09467f6dff0', '2017-05-15 15:38:15', '0', '6e6aa5ee-3941-11e7-a48a-e09467f6dff0');
INSERT INTO `data_job_template_49` VALUES ('', '刺客信条', '', '74d6a151-3941-11e7-aca8-e09467f6dff0', '2017-05-15 15:38:15', '0', '6e6aa5ee-3941-11e7-a48a-e09467f6dff0');
INSERT INTO `data_job_template_49` VALUES ('', '刺客信条', '', '74d9ae8f-3941-11e7-8952-e09467f6dff0', '2017-05-15 15:38:15', '0', '6e6aa5ee-3941-11e7-a48a-e09467f6dff0');
INSERT INTO `data_job_template_49` VALUES ('', '刺客信条', '', '74dc6db0-3941-11e7-902f-e09467f6dff0', '2017-05-15 15:38:15', '0', '6e6aa5ee-3941-11e7-a48a-e09467f6dff0');
INSERT INTO `data_job_template_49` VALUES ('http://v.qq.com/detail/p/p69wlzli02uqwms.html', '', '', '76825680-3ba7-11e7-8457-e09467f6dff0', '2017-05-18 16:53:31', '0', '6e1f6d1e-3ba7-11e7-b342-e09467f6dff0');
INSERT INTO `data_job_template_49` VALUES ('http://v.qq.com/detail/4/4ugzi15ugpa67zz.html', '', '', '7695de80-3ba7-11e7-8c6e-e09467f6dff0', '2017-05-18 16:53:31', '0', '6e1f6d1e-3ba7-11e7-b342-e09467f6dff0');
INSERT INTO `data_job_template_49` VALUES ('http://v.qq.com/detail/1/1162gk3x7x0ciuc.html', '', '', '76a791c0-3ba7-11e7-8693-e09467f6dff0', '2017-05-18 16:53:31', '0', '6e1f6d1e-3ba7-11e7-b342-e09467f6dff0');
INSERT INTO `data_job_template_49` VALUES ('', '人民的名义的的', '', '76b5c28f-3ba7-11e7-8c86-e09467f6dff0', '2017-05-18 16:53:31', '0', '6e1f6d1e-3ba7-11e7-b342-e09467f6dff0');
INSERT INTO `data_job_template_49` VALUES ('', '人民的名义', '', '76c6b280-3ba7-11e7-89d1-e09467f6dff0', '2017-05-18 16:53:31', '0', '6e1f6d1e-3ba7-11e7-b342-e09467f6dff0');
INSERT INTO `data_job_template_49` VALUES ('', '人民的名义的的', '', '76d6df21-3ba7-11e7-a4e9-e09467f6dff0', '2017-05-18 16:53:31', '0', '6e1f6d1e-3ba7-11e7-b342-e09467f6dff0');
INSERT INTO `data_job_template_49` VALUES ('', '人民的名义', '', '76e6bd9e-3ba7-11e7-b15d-e09467f6dff0', '2017-05-18 16:53:31', '0', '6e1f6d1e-3ba7-11e7-b342-e09467f6dff0');
INSERT INTO `data_job_template_49` VALUES ('', '人民的名义的', '', '76f7d49e-3ba7-11e7-b747-e09467f6dff0', '2017-05-18 16:53:31', '0', '6e1f6d1e-3ba7-11e7-b342-e09467f6dff0');
INSERT INTO `data_job_template_49` VALUES ('', '人民的名义', '', '770939c0-3ba7-11e7-ab80-e09467f6dff0', '2017-05-18 16:53:31', '0', '6e1f6d1e-3ba7-11e7-b342-e09467f6dff0');
INSERT INTO `data_job_template_49` VALUES ('', '人民的名义的', '', '771c2580-3ba7-11e7-99e6-e09467f6dff0', '2017-05-18 16:53:31', '0', '6e1f6d1e-3ba7-11e7-b342-e09467f6dff0');
INSERT INTO `data_job_template_49` VALUES ('', '人民的名义的', '', '772cc74f-3ba7-11e7-89e4-e09467f6dff0', '2017-05-18 16:53:31', '0', '6e1f6d1e-3ba7-11e7-b342-e09467f6dff0');
INSERT INTO `data_job_template_49` VALUES ('', '人民的名义', '', '7744bc21-3ba7-11e7-bd8f-e09467f6dff0', '2017-05-18 16:53:31', '0', '6e1f6d1e-3ba7-11e7-b342-e09467f6dff0');
INSERT INTO `data_job_template_49` VALUES ('', '人民的名义的', '', '7753d74f-3ba7-11e7-b4e1-e09467f6dff0', '2017-05-18 16:53:31', '0', '6e1f6d1e-3ba7-11e7-b342-e09467f6dff0');
INSERT INTO `data_job_template_49` VALUES ('', '人民的名义的', '', '77638ec0-3ba7-11e7-a6f0-e09467f6dff0', '2017-05-18 16:53:31', '0', '6e1f6d1e-3ba7-11e7-b342-e09467f6dff0');
INSERT INTO `data_job_template_49` VALUES ('', '人民的名义的', '', '7772a9f0-3ba7-11e7-8101-e09467f6dff0', '2017-05-18 16:53:31', '0', '6e1f6d1e-3ba7-11e7-b342-e09467f6dff0');
INSERT INTO `data_job_template_49` VALUES ('', '人民的名义的的', '', '778aece1-3ba7-11e7-9cab-e09467f6dff0', '2017-05-18 16:53:31', '0', '6e1f6d1e-3ba7-11e7-b342-e09467f6dff0');
INSERT INTO `data_job_template_49` VALUES ('http://v.qq.com/detail/j/jdoxz218mwrccz1.html', '', '', '77a1a930-3ba7-11e7-9748-e09467f6dff0', '2017-05-18 16:53:31', '0', '6e1f6d1e-3ba7-11e7-b342-e09467f6dff0');
INSERT INTO `data_job_template_49` VALUES ('http://v.qq.com/detail/5/56221.html', '', '', '7b3a41c0-3a11-11e7-9f7a-e09467f6dff0', '2017-05-16 16:27:21', '0', '778772f0-3a11-11e7-ad48-e09467f6dff0');
INSERT INTO `data_job_template_49` VALUES ('', '1', '', '7b40d170-3a11-11e7-96be-e09467f6dff0', '2017-05-16 16:27:21', '0', '778772f0-3a11-11e7-ad48-e09467f6dff0');
INSERT INTO `data_job_template_49` VALUES ('http://v.qq.com/detail/5/55352.html', '', '', '7b469dcf-3a11-11e7-93e7-e09467f6dff0', '2017-05-16 16:27:21', '0', '778772f0-3a11-11e7-ad48-e09467f6dff0');
INSERT INTO `data_job_template_49` VALUES ('', '', '', '7b4ba6de-3a11-11e7-99c2-e09467f6dff0', '2017-05-16 16:27:21', '0', '778772f0-3a11-11e7-ad48-e09467f6dff0');
INSERT INTO `data_job_template_49` VALUES ('http://v.qq.com/detail/5/51594.html', '', '', '7b5088e1-3a11-11e7-bd72-e09467f6dff0', '2017-05-16 16:27:21', '0', '778772f0-3a11-11e7-ad48-e09467f6dff0');
INSERT INTO `data_job_template_49` VALUES ('', '11', '', '7b55e011-3a11-11e7-9c89-e09467f6dff0', '2017-05-16 16:27:21', '0', '778772f0-3a11-11e7-ad48-e09467f6dff0');
INSERT INTO `data_job_template_49` VALUES ('http://v.qq.com/detail/b/biz11seia0hww6k.html', '', '', '7b5b3740-3a11-11e7-9bbc-e09467f6dff0', '2017-05-16 16:27:21', '0', '778772f0-3a11-11e7-ad48-e09467f6dff0');
INSERT INTO `data_job_template_49` VALUES ('', '1', '', '7b601940-3a11-11e7-94d5-e09467f6dff0', '2017-05-16 16:27:21', '0', '778772f0-3a11-11e7-ad48-e09467f6dff0');
INSERT INTO `data_job_template_49` VALUES ('', '1', '', '7b64ad1e-3a11-11e7-91b4-e09467f6dff0', '2017-05-16 16:27:21', '0', '778772f0-3a11-11e7-ad48-e09467f6dff0');
INSERT INTO `data_job_template_49` VALUES ('', '1', '', '7b698f21-3a11-11e7-b206-e09467f6dff0', '2017-05-16 16:27:21', '0', '778772f0-3a11-11e7-ad48-e09467f6dff0');
INSERT INTO `data_job_template_49` VALUES ('http://v.qq.com/detail/1/17.html', '', '', '7b6e7121-3a11-11e7-81b1-e09467f6dff0', '2017-05-16 16:27:21', '0', '778772f0-3a11-11e7-ad48-e09467f6dff0');
INSERT INTO `data_job_template_49` VALUES ('', '', '', '7b73a140-3a11-11e7-b39a-e09467f6dff0', '2017-05-16 16:27:21', '0', '778772f0-3a11-11e7-ad48-e09467f6dff0');
INSERT INTO `data_job_template_49` VALUES ('', '', '', '7b785c2e-3a11-11e7-9d37-e09467f6dff0', '2017-05-16 16:27:21', '0', '778772f0-3a11-11e7-ad48-e09467f6dff0');
INSERT INTO `data_job_template_49` VALUES ('', '1', '', '7b7cf00f-3a11-11e7-8b51-e09467f6dff0', '2017-05-16 16:27:21', '0', '778772f0-3a11-11e7-ad48-e09467f6dff0');
INSERT INTO `data_job_template_49` VALUES ('', '', '', '7b81ab00-3a11-11e7-afcb-e09467f6dff0', '2017-05-16 16:27:21', '0', '778772f0-3a11-11e7-ad48-e09467f6dff0');
INSERT INTO `data_job_template_49` VALUES ('http://v.qq.com/detail/4/48611.html', '', '', '7b863ee1-3a11-11e7-b268-e09467f6dff0', '2017-05-16 16:27:21', '0', '778772f0-3a11-11e7-ad48-e09467f6dff0');
INSERT INTO `data_job_template_49` VALUES ('', '2', '', '7fc1e230-3a10-11e7-8aa2-e09467f6dff0', '2017-05-16 16:20:20', '0', '6d60fd0f-3a10-11e7-966a-e09467f6dff0');
INSERT INTO `data_job_template_49` VALUES ('', '2', '', '7fcbf44f-3a10-11e7-9e77-e09467f6dff0', '2017-05-16 16:20:20', '0', '6d60fd0f-3a10-11e7-966a-e09467f6dff0');
INSERT INTO `data_job_template_49` VALUES ('', '2', '', '7fd59140-3a10-11e7-8b61-e09467f6dff0', '2017-05-16 16:20:20', '0', '6d60fd0f-3a10-11e7-966a-e09467f6dff0');
INSERT INTO `data_job_template_49` VALUES ('', '2', '', '7fdf2e30-3a10-11e7-b066-e09467f6dff0', '2017-05-16 16:20:20', '0', '6d60fd0f-3a10-11e7-966a-e09467f6dff0');
INSERT INTO `data_job_template_49` VALUES ('', '2', '', '7fe8a40f-3a10-11e7-9947-e09467f6dff0', '2017-05-16 16:20:20', '0', '6d60fd0f-3a10-11e7-966a-e09467f6dff0');
INSERT INTO `data_job_template_49` VALUES ('', '22', '', '7ffa7e61-3a10-11e7-b636-e09467f6dff0', '2017-05-16 16:20:20', '0', '6d60fd0f-3a10-11e7-966a-e09467f6dff0');
INSERT INTO `data_job_template_49` VALUES ('', '2', '', '80026d9e-3a10-11e7-8d4e-e09467f6dff0', '2017-05-16 16:20:20', '0', '6d60fd0f-3a10-11e7-966a-e09467f6dff0');
INSERT INTO `data_job_template_49` VALUES ('', '2', '', '80092461-3a10-11e7-8985-e09467f6dff0', '2017-05-16 16:20:20', '0', '6d60fd0f-3a10-11e7-966a-e09467f6dff0');
INSERT INTO `data_job_template_49` VALUES ('', '2', '', '80102940-3a10-11e7-ad25-e09467f6dff0', '2017-05-16 16:20:20', '0', '6d60fd0f-3a10-11e7-966a-e09467f6dff0');
INSERT INTO `data_job_template_49` VALUES ('', '2', '', '80188db0-3a10-11e7-b1fa-e09467f6dff0', '2017-05-16 16:20:20', '0', '6d60fd0f-3a10-11e7-966a-e09467f6dff0');
INSERT INTO `data_job_template_49` VALUES ('', '2', '', '8020a400-3a10-11e7-8443-e09467f6dff0', '2017-05-16 16:20:20', '0', '6d60fd0f-3a10-11e7-966a-e09467f6dff0');
INSERT INTO `data_job_template_49` VALUES ('', '2', '', '802a40f0-3a10-11e7-8d20-e09467f6dff0', '2017-05-16 16:20:20', '0', '6d60fd0f-3a10-11e7-966a-e09467f6dff0');
INSERT INTO `data_job_template_49` VALUES ('', '2', '', '80327e4f-3a10-11e7-89e5-e09467f6dff0', '2017-05-16 16:20:20', '0', '6d60fd0f-3a10-11e7-966a-e09467f6dff0');
INSERT INTO `data_job_template_49` VALUES ('', '22', '', '80395c21-3a10-11e7-ab0c-e09467f6dff0', '2017-05-16 16:20:20', '0', '6d60fd0f-3a10-11e7-966a-e09467f6dff0');
INSERT INTO `data_job_template_49` VALUES ('', '2', '', '8041244f-3a10-11e7-985f-e09467f6dff0', '2017-05-16 16:20:20', '0', '6d60fd0f-3a10-11e7-966a-e09467f6dff0');
INSERT INTO `data_job_template_49` VALUES ('http://v.qq.com/detail/y/yz4vl2g8sma0zuu.html', '', '', '8bcc9230-3931-11e7-838c-e09467f6dff0', '2017-05-15 13:44:22', '0', null);
INSERT INTO `data_job_template_49` VALUES ('http://v.qq.com/detail/y/yz4vl2g8sma0zuu.html', '', '', '8bd50130-3932-11e7-83a7-e09467f6dff0', '2017-05-15 13:51:31', '0', null);
INSERT INTO `data_job_template_49` VALUES ('', '刺客信条', '', '8bd7240f-3932-11e7-9236-e09467f6dff0', '2017-05-15 13:51:31', '0', null);
INSERT INTO `data_job_template_49` VALUES ('http://v.qq.com/detail/t/tlqma6dqnaailbj.html', '', '', '8bd8d1c0-3932-11e7-b790-e09467f6dff0', '2017-05-15 13:51:31', '0', null);
INSERT INTO `data_job_template_49` VALUES ('', '刺客信条', '', '8bda4dd1-3931-11e7-8e75-e09467f6dff0', '2017-05-15 13:44:22', '0', null);
INSERT INTO `data_job_template_49` VALUES ('', '刺客信条', '', '8bda7f70-3932-11e7-8567-e09467f6dff0', '2017-05-15 13:51:31', '0', null);
INSERT INTO `data_job_template_49` VALUES ('', '刺客信条', '', '8bdc5430-3932-11e7-ac6f-e09467f6dff0', '2017-05-15 13:51:31', '0', null);
INSERT INTO `data_job_template_49` VALUES ('', '刺客信条', '', '8bde01e1-3932-11e7-a89f-e09467f6dff0', '2017-05-15 13:51:31', '0', null);
INSERT INTO `data_job_template_49` VALUES ('', '刺客信条', '', '8bdfaf8f-3932-11e7-a937-e09467f6dff0', '2017-05-15 13:51:31', '0', null);
INSERT INTO `data_job_template_49` VALUES ('', '刺客信条', '', '8be1362e-3932-11e7-9263-e09467f6dff0', '2017-05-15 13:51:31', '0', null);
INSERT INTO `data_job_template_49` VALUES ('http://v.qq.com/detail/t/tlqma6dqnaailbj.html', '', '', '8be1c7de-3931-11e7-a6ea-e09467f6dff0', '2017-05-15 13:44:22', '0', null);
INSERT INTO `data_job_template_49` VALUES ('', '刺客信条', '', '8be30af0-3932-11e7-b4f3-e09467f6dff0', '2017-05-15 13:51:31', '0', null);
INSERT INTO `data_job_template_49` VALUES ('', '刺客信条', '', '8be4b89e-3932-11e7-ac3b-e09467f6dff0', '2017-05-15 13:51:31', '0', null);
INSERT INTO `data_job_template_49` VALUES ('', '刺客信条', '', '8be4d521-3931-11e7-bed0-e09467f6dff0', '2017-05-15 13:44:22', '0', null);
INSERT INTO `data_job_template_49` VALUES ('', '刺客信条', '', '8be63f40-3932-11e7-aa5b-e09467f6dff0', '2017-05-15 13:51:31', '0', null);
INSERT INTO `data_job_template_49` VALUES ('', '刺客信条', '', '8be6a9de-3931-11e7-a4c2-e09467f6dff0', '2017-05-15 13:44:22', '0', null);
INSERT INTO `data_job_template_49` VALUES ('', '刺客信条', '', '8be7ecf0-3932-11e7-870b-e09467f6dff0', '2017-05-15 13:51:31', '0', null);
INSERT INTO `data_job_template_49` VALUES ('', '刺客信条', '', '8be8a5b0-3931-11e7-b77e-e09467f6dff0', '2017-05-15 13:44:22', '0', null);
INSERT INTO `data_job_template_49` VALUES ('', '刺客信条', '', '8be97391-3932-11e7-9e66-e09467f6dff0', '2017-05-15 13:51:31', '0', null);
INSERT INTO `data_job_template_49` VALUES ('', '刺客信条', '', '8bea535e-3931-11e7-b757-e09467f6dff0', '2017-05-15 13:44:22', '0', null);
INSERT INTO `data_job_template_49` VALUES ('', '刺客信条', '', '8beb484f-3932-11e7-ab03-e09467f6dff0', '2017-05-15 13:51:31', '0', null);
INSERT INTO `data_job_template_49` VALUES ('', '刺客信条', '', '8bebda00-3931-11e7-8bf6-e09467f6dff0', '2017-05-15 13:44:22', '0', null);
INSERT INTO `data_job_template_49` VALUES ('', '刺客信条', '', '8becf600-3932-11e7-8c14-e09467f6dff0', '2017-05-15 13:51:31', '0', null);
INSERT INTO `data_job_template_49` VALUES ('', '刺客信条', '', '8bed60a1-3931-11e7-bfe3-e09467f6dff0', '2017-05-15 13:44:22', '0', null);
INSERT INTO `data_job_template_49` VALUES ('', '刺客信条', '', '8bef0e4f-3931-11e7-a42a-e09467f6dff0', '2017-05-15 13:44:22', '0', null);
INSERT INTO `data_job_template_49` VALUES ('', '刺客信条', '', '8bf0bc00-3931-11e7-adc8-e09467f6dff0', '2017-05-15 13:44:22', '0', null);
INSERT INTO `data_job_template_49` VALUES ('', '刺客信条', '', '8bf269b0-3931-11e7-b24e-e09467f6dff0', '2017-05-15 13:44:22', '0', null);
INSERT INTO `data_job_template_49` VALUES ('', '刺客信条', '', '8bf3f051-3931-11e7-8066-e09467f6dff0', '2017-05-15 13:44:22', '0', null);
INSERT INTO `data_job_template_49` VALUES ('', '刺客信条', '', '8bf576f0-3931-11e7-b951-e09467f6dff0', '2017-05-15 13:44:22', '0', null);
INSERT INTO `data_job_template_49` VALUES ('', '刺客信条', '', '8bf6fd91-3931-11e7-bdb5-e09467f6dff0', '2017-05-15 13:44:22', '0', null);
INSERT INTO `data_job_template_49` VALUES ('http://v.qq.com/detail/y/yz4vl2g8sma0zuu.html', '', '', 'a190dab0-393e-11e7-b6e7-e09467f6dff0', '2017-05-15 15:18:02', '0', null);
INSERT INTO `data_job_template_49` VALUES ('http://v.qq.com/detail/t/tlqma6dqnaailbj.html', '', '', 'a194f95e-393e-11e7-b7ca-e09467f6dff0', '2017-05-15 15:18:02', '0', null);
INSERT INTO `data_job_template_49` VALUES ('', '', '', 'a1979170-393e-11e7-87df-e09467f6dff0', '2017-05-15 15:18:02', '0', null);
INSERT INTO `data_job_template_49` VALUES ('', '', '', 'a19a2980-393e-11e7-ad5a-e09467f6dff0', '2017-05-15 15:18:02', '0', null);
INSERT INTO `data_job_template_49` VALUES ('', '刺客信条', '', 'a19dd300-393e-11e7-b3d0-e09467f6dff0', '2017-05-15 15:18:02', '0', null);
INSERT INTO `data_job_template_49` VALUES ('', '刺客信条', '', 'a1a12e5e-393e-11e7-87b4-e09467f6dff0', '2017-05-15 15:18:02', '0', null);
INSERT INTO `data_job_template_49` VALUES ('', '刺客信条', '', 'a1a3c670-393e-11e7-9931-e09467f6dff0', '2017-05-15 15:18:02', '0', null);
INSERT INTO `data_job_template_49` VALUES ('', '刺客信条', '', 'a1a65e80-393e-11e7-a14c-e09467f6dff0', '2017-05-15 15:18:02', '0', null);
INSERT INTO `data_job_template_49` VALUES ('', '刺客信条', '', 'a1a944b0-393e-11e7-9cdd-e09467f6dff0', '2017-05-15 15:18:02', '0', null);
INSERT INTO `data_job_template_49` VALUES ('', '刺客信条', '', 'a1ac2ade-393e-11e7-b18e-e09467f6dff0', '2017-05-15 15:18:02', '0', null);
INSERT INTO `data_job_template_49` VALUES ('', '刺客信条', '', 'a1af381e-393e-11e7-a6dd-e09467f6dff0', '2017-05-15 15:18:02', '0', null);
INSERT INTO `data_job_template_49` VALUES ('', '刺客信条', '', 'a1b2ba8f-393e-11e7-9f0f-e09467f6dff0', '2017-05-15 15:18:02', '0', null);
INSERT INTO `data_job_template_49` VALUES ('', '刺客信条', '', 'a1b5c7cf-393e-11e7-b4ac-e09467f6dff0', '2017-05-15 15:18:02', '0', null);
INSERT INTO `data_job_template_49` VALUES ('', '刺客信条', '', 'a1c5cd5e-393e-11e7-b36b-e09467f6dff0', '2017-05-15 15:18:02', '0', null);
INSERT INTO `data_job_template_49` VALUES ('', '刺客信条', '', 'a1c901b0-393e-11e7-afbb-e09467f6dff0', '2017-05-15 15:18:02', '0', null);
INSERT INTO `data_job_template_49` VALUES ('', '', '', 'a848f3de-3ba7-11e7-b968-e09467f6dff0', '2017-05-18 16:54:54', '0', 'a5f762c0-3ba7-11e7-8ed3-e09467f6dff0');
INSERT INTO `data_job_template_49` VALUES ('http://v.qq.com/detail/5/54353.html', '', '', 'a858ab51-3ba7-11e7-8ea4-e09467f6dff0', '2017-05-18 16:54:54', '0', 'a5f762c0-3ba7-11e7-8ed3-e09467f6dff0');
INSERT INTO `data_job_template_49` VALUES ('', '', '', 'a8692611-3ba7-11e7-b8f6-e09467f6dff0', '2017-05-18 16:54:54', '0', 'a5f762c0-3ba7-11e7-8ed3-e09467f6dff0');
INSERT INTO `data_job_template_49` VALUES ('', '', '', 'a879a0cf-3ba7-11e7-b230-e09467f6dff0', '2017-05-18 16:54:54', '0', 'a5f762c0-3ba7-11e7-8ed3-e09467f6dff0');
INSERT INTO `data_job_template_49` VALUES ('', '', '', 'a889312e-3ba7-11e7-8b66-e09467f6dff0', '2017-05-18 16:54:54', '0', 'a5f762c0-3ba7-11e7-8ed3-e09467f6dff0');
INSERT INTO `data_job_template_49` VALUES ('', '', '', 'a8995dd1-3ba7-11e7-a28e-e09467f6dff0', '2017-05-18 16:54:54', '0', 'a5f762c0-3ba7-11e7-8ed3-e09467f6dff0');
INSERT INTO `data_job_template_49` VALUES ('', '非常完美', '', 'a8aeba8f-3ba7-11e7-ade5-e09467f6dff0', '2017-05-18 16:54:54', '0', 'a5f762c0-3ba7-11e7-8ed3-e09467f6dff0');
INSERT INTO `data_job_template_49` VALUES ('', '', '', 'a8c17f40-3ba7-11e7-a004-e09467f6dff0', '2017-05-18 16:54:54', '0', 'a5f762c0-3ba7-11e7-8ed3-e09467f6dff0');
INSERT INTO `data_job_template_49` VALUES ('', '', '', 'a8d443f0-3ba7-11e7-9028-e09467f6dff0', '2017-05-18 16:54:54', '0', 'a5f762c0-3ba7-11e7-8ed3-e09467f6dff0');
INSERT INTO `data_job_template_49` VALUES ('', '完美', '', 'a8e55af0-3ba7-11e7-8a50-e09467f6dff0', '2017-05-18 16:54:54', '0', 'a5f762c0-3ba7-11e7-8ed3-e09467f6dff0');
INSERT INTO `data_job_template_49` VALUES ('', '', '', 'a8f56080-3ba7-11e7-818d-e09467f6dff0', '2017-05-18 16:54:54', '0', 'a5f762c0-3ba7-11e7-8ed3-e09467f6dff0');
INSERT INTO `data_job_template_49` VALUES ('', '', '', 'a904c9d1-3ba7-11e7-8131-e09467f6dff0', '2017-05-18 16:54:54', '0', 'a5f762c0-3ba7-11e7-8ed3-e09467f6dff0');
INSERT INTO `data_job_template_49` VALUES ('', '', '', 'a915b9c0-3ba7-11e7-829c-e09467f6dff0', '2017-05-18 16:54:54', '0', 'a5f762c0-3ba7-11e7-8ed3-e09467f6dff0');
INSERT INTO `data_job_template_49` VALUES ('http://v.qq.com/detail/z/z4gtwxbv3rt05sw.html', '', '', 'a924adde-3ba7-11e7-bb63-e09467f6dff0', '2017-05-18 16:54:54', '0', 'a5f762c0-3ba7-11e7-8ed3-e09467f6dff0');
INSERT INTO `data_job_template_49` VALUES ('http://v.qq.com/detail/k/kce9ibstm7oy163.html', '', '', 'a934b370-3ba7-11e7-a9c8-e09467f6dff0', '2017-05-18 16:54:54', '0', 'a5f762c0-3ba7-11e7-8ed3-e09467f6dff0');
INSERT INTO `data_job_template_49` VALUES ('', '非常完美', '', 'a94491f0-3ba7-11e7-b54d-e09467f6dff0', '2017-05-18 16:54:54', '0', 'a5f762c0-3ba7-11e7-8ed3-e09467f6dff0');
INSERT INTO `data_job_template_49` VALUES ('http://v.qq.com/detail/y/yz4vl2g8sma0zuu.html', '', '', 'b019ff80-3920-11e7-ad5f-e09467f6dff0', '2017-05-15 11:43:41', '0', null);
INSERT INTO `data_job_template_49` VALUES ('', '刺客信条', '', 'b01c4970-3920-11e7-8e44-e09467f6dff0', '2017-05-15 11:43:41', '0', null);
INSERT INTO `data_job_template_49` VALUES ('http://v.qq.com/detail/t/tlqma6dqnaailbj.html', '', '', 'b01e1e30-3920-11e7-818b-e09467f6dff0', '2017-05-15 11:43:41', '0', null);
INSERT INTO `data_job_template_49` VALUES ('', '刺客信条', '', 'b01fcbe1-3920-11e7-8bf2-e09467f6dff0', '2017-05-15 11:43:41', '0', null);
INSERT INTO `data_job_template_49` VALUES ('', '刺客信条', '', 'b021a0a1-3920-11e7-b746-e09467f6dff0', '2017-05-15 11:43:41', '0', null);
INSERT INTO `data_job_template_49` VALUES ('', '刺客信条', '', 'b023755e-3920-11e7-b174-e09467f6dff0', '2017-05-15 11:43:41', '0', null);
INSERT INTO `data_job_template_49` VALUES ('', '刺客信条', '', 'b0257130-3920-11e7-9afb-e09467f6dff0', '2017-05-15 11:43:41', '0', null);
INSERT INTO `data_job_template_49` VALUES ('', '刺客信条', '', 'b0271ede-3920-11e7-9f53-e09467f6dff0', '2017-05-15 11:43:41', '0', null);
INSERT INTO `data_job_template_49` VALUES ('', '刺客信条', '', 'b028cc8f-3920-11e7-b39a-e09467f6dff0', '2017-05-15 11:43:41', '0', null);
INSERT INTO `data_job_template_49` VALUES ('', '刺客信条', '', 'b02aef70-3920-11e7-9377-e09467f6dff0', '2017-05-15 11:43:41', '0', null);
INSERT INTO `data_job_template_49` VALUES ('', '刺客信条', '', 'b02cc430-3920-11e7-bb52-e09467f6dff0', '2017-05-15 11:43:41', '0', null);
INSERT INTO `data_job_template_49` VALUES ('', '刺客信条', '', 'b02ee70f-3920-11e7-b5f2-e09467f6dff0', '2017-05-15 11:43:41', '0', null);
INSERT INTO `data_job_template_49` VALUES ('', '刺客信条', '', 'b0313100-3920-11e7-91d4-e09467f6dff0', '2017-05-15 11:43:41', '0', null);
INSERT INTO `data_job_template_49` VALUES ('', '刺客信条', '', 'b0332ccf-3920-11e7-a9d2-e09467f6dff0', '2017-05-15 11:43:41', '0', null);
INSERT INTO `data_job_template_49` VALUES ('', '刺客信条', '', 'b035018f-3920-11e7-ad2e-e09467f6dff0', '2017-05-15 11:43:41', '0', null);
INSERT INTO `data_job_template_49` VALUES ('http://v.qq.com/detail/y/yz4vl2g8sma0zuu.html', '', '', 'c9d76970-393f-11e7-bd0c-e09467f6dff0', '2017-05-15 15:26:19', '0', 'c721bf51-393f-11e7-98ad-e09467f6dff0');
INSERT INTO `data_job_template_49` VALUES ('http://v.qq.com/detail/t/tlqma6dqnaailbj.html', '', '', 'c9db8821-393f-11e7-b8f6-e09467f6dff0', '2017-05-15 15:26:19', '0', 'c721bf51-393f-11e7-98ad-e09467f6dff0');
INSERT INTO `data_job_template_49` VALUES ('', '', '', 'c9de9561-393f-11e7-8945-e09467f6dff0', '2017-05-15 15:26:19', '0', 'c721bf51-393f-11e7-98ad-e09467f6dff0');
INSERT INTO `data_job_template_49` VALUES ('', '', '', 'c9e1a2a1-393f-11e7-b104-e09467f6dff0', '2017-05-15 15:26:19', '0', 'c721bf51-393f-11e7-98ad-e09467f6dff0');
INSERT INTO `data_job_template_49` VALUES ('', '刺客信条', '', 'c9e5250f-393f-11e7-9f1d-e09467f6dff0', '2017-05-15 15:26:19', '0', 'c721bf51-393f-11e7-98ad-e09467f6dff0');
INSERT INTO `data_job_template_49` VALUES ('', '刺客信条', '', 'c9e8324f-393f-11e7-bde2-e09467f6dff0', '2017-05-15 15:26:19', '0', 'c721bf51-393f-11e7-98ad-e09467f6dff0');
INSERT INTO `data_job_template_49` VALUES ('', '刺客信条', '', 'c9eb1880-393f-11e7-a9aa-e09467f6dff0', '2017-05-15 15:26:19', '0', 'c721bf51-393f-11e7-98ad-e09467f6dff0');
INSERT INTO `data_job_template_49` VALUES ('', '刺客信条', '', 'c9ee73de-393f-11e7-89a6-e09467f6dff0', '2017-05-15 15:26:19', '0', 'c721bf51-393f-11e7-98ad-e09467f6dff0');
INSERT INTO `data_job_template_49` VALUES ('', '刺客信条', '', 'c9f1a830-393f-11e7-90a6-e09467f6dff0', '2017-05-15 15:26:19', '0', 'c721bf51-393f-11e7-98ad-e09467f6dff0');
INSERT INTO `data_job_template_49` VALUES ('', '刺客信条', '', 'c9f4dc80-393f-11e7-964b-e09467f6dff0', '2017-05-15 15:26:19', '0', 'c721bf51-393f-11e7-98ad-e09467f6dff0');
INSERT INTO `data_job_template_49` VALUES ('', '刺客信条', '', 'c9f88600-393f-11e7-b7a4-e09467f6dff0', '2017-05-15 15:26:19', '0', 'c721bf51-393f-11e7-98ad-e09467f6dff0');
INSERT INTO `data_job_template_49` VALUES ('', '刺客信条', '', 'c9fbba4f-393f-11e7-b976-e09467f6dff0', '2017-05-15 15:26:19', '0', 'c721bf51-393f-11e7-98ad-e09467f6dff0');
INSERT INTO `data_job_template_49` VALUES ('', '刺客信条', '', 'c9ff63cf-393f-11e7-918e-e09467f6dff0', '2017-05-15 15:26:19', '0', 'c721bf51-393f-11e7-98ad-e09467f6dff0');
INSERT INTO `data_job_template_49` VALUES ('', '刺客信条', '', 'ca029821-393f-11e7-9cb4-e09467f6dff0', '2017-05-15 15:26:19', '0', 'c721bf51-393f-11e7-98ad-e09467f6dff0');
INSERT INTO `data_job_template_49` VALUES ('', '刺客信条', '', 'ca05f380-393f-11e7-9571-e09467f6dff0', '2017-05-15 15:26:19', '0', 'c721bf51-393f-11e7-98ad-e09467f6dff0');
INSERT INTO `data_job_template_49` VALUES ('http://v.qq.com/detail/y/yz4vl2g8sma0zuu.html', '', '', 'f8877800-393f-11e7-95aa-e09467f6dff0', '2017-05-15 15:27:37', '0', 'f5800461-393f-11e7-9f5a-e09467f6dff0');
INSERT INTO `data_job_template_49` VALUES ('http://v.qq.com/detail/t/tlqma6dqnaailbj.html', '', '', 'f88afa70-393f-11e7-a234-e09467f6dff0', '2017-05-15 15:27:37', '0', 'f5800461-393f-11e7-9f5a-e09467f6dff0');
INSERT INTO `data_job_template_49` VALUES ('', '', '', 'f88d9280-393f-11e7-837c-e09467f6dff0', '2017-05-15 15:27:37', '0', 'f5800461-393f-11e7-9f5a-e09467f6dff0');
INSERT INTO `data_job_template_49` VALUES ('', '', '', 'f89078b0-393f-11e7-8c9c-e09467f6dff0', '2017-05-15 15:27:37', '0', 'f5800461-393f-11e7-9f5a-e09467f6dff0');
INSERT INTO `data_job_template_49` VALUES ('', '刺客信条', '', 'f8935ede-393f-11e7-8e7e-e09467f6dff0', '2017-05-15 15:27:37', '0', 'f5800461-393f-11e7-9f5a-e09467f6dff0');
INSERT INTO `data_job_template_49` VALUES ('', '刺客信条', '', 'f896ba40-393f-11e7-b6ab-e09467f6dff0', '2017-05-15 15:27:37', '0', 'f5800461-393f-11e7-9f5a-e09467f6dff0');
INSERT INTO `data_job_template_49` VALUES ('', '刺客信条', '', 'f899524f-393f-11e7-8bdc-e09467f6dff0', '2017-05-15 15:27:37', '0', 'f5800461-393f-11e7-9f5a-e09467f6dff0');
INSERT INTO `data_job_template_49` VALUES ('', '刺客信条', '', 'f89c3880-393f-11e7-8c27-e09467f6dff0', '2017-05-15 15:27:37', '0', 'f5800461-393f-11e7-9f5a-e09467f6dff0');
INSERT INTO `data_job_template_49` VALUES ('', '刺客信条', '', 'f89f1eb0-393f-11e7-85ad-e09467f6dff0', '2017-05-15 15:27:37', '0', 'f5800461-393f-11e7-9f5a-e09467f6dff0');
INSERT INTO `data_job_template_49` VALUES ('', '刺客信条', '', 'f8a204de-393f-11e7-bb0b-e09467f6dff0', '2017-05-15 15:27:37', '0', 'f5800461-393f-11e7-9f5a-e09467f6dff0');
INSERT INTO `data_job_template_49` VALUES ('', '刺客信条', '', 'f8a475de-393f-11e7-8fbe-e09467f6dff0', '2017-05-15 15:27:37', '0', 'f5800461-393f-11e7-9f5a-e09467f6dff0');
INSERT INTO `data_job_template_49` VALUES ('', '刺客信条', '', 'f8a70df0-393f-11e7-be72-e09467f6dff0', '2017-05-15 15:27:37', '0', 'f5800461-393f-11e7-9f5a-e09467f6dff0');
INSERT INTO `data_job_template_49` VALUES ('', '刺客信条', '', 'f8a9cd0f-393f-11e7-85f1-e09467f6dff0', '2017-05-15 15:27:37', '0', 'f5800461-393f-11e7-9f5a-e09467f6dff0');
INSERT INTO `data_job_template_49` VALUES ('', '刺客信条', '', 'f8ac3e0f-393f-11e7-84c5-e09467f6dff0', '2017-05-15 15:27:37', '0', 'f5800461-393f-11e7-9f5a-e09467f6dff0');
INSERT INTO `data_job_template_49` VALUES ('', '刺客信条', '', 'f8aefd2e-393f-11e7-8e5e-e09467f6dff0', '2017-05-15 15:27:37', '0', 'f5800461-393f-11e7-9f5a-e09467f6dff0');

-- ----------------------------
-- Table structure for data_job_template_5
-- ----------------------------
DROP TABLE IF EXISTS `data_job_template_5`;
CREATE TABLE `data_job_template_5` (
  `movieName` varchar(1024) DEFAULT NULL,
  `movieTime` varchar(1024) DEFAULT NULL,
  `movieDirector` varchar(1024) DEFAULT NULL,
  `id` varchar(50) NOT NULL,
  `task_job_create_time` datetime DEFAULT NULL,
  `task_job_del_flag` tinyint(4) DEFAULT NULL,
  `task_job_id_sequence` varchar(50) DEFAULT NULL,
  PRIMARY KEY (`id`)
) ENGINE=InnoDB DEFAULT CHARSET=utf8;

-- ----------------------------
-- Records of data_job_template_5
-- ----------------------------
INSERT INTO `data_job_template_5` VALUES ('人民的名义(2017)', '时 间 ：2017-04-29 13:04:50', '导 演 ：李路', '9eeda0c0-3ba7-11e7-8fb7-e09467f6dff0', '2017-05-18 16:54:37', '0', '6e1f6d1e-3ba7-11e7-b342-e09467f6dff0');
INSERT INTO `data_job_template_5` VALUES ('人民的名义(2017)', '时 间 ：2017-04-29 13:04:50', '导 演 ：李路', '9efc94de-3ba7-11e7-afcc-e09467f6dff0', '2017-05-18 16:54:37', '0', '6e1f6d1e-3ba7-11e7-b342-e09467f6dff0');
INSERT INTO `data_job_template_5` VALUES ('非常完美(2014)(2014)', '时 间 ：2014-02-15 00:02:20', '导 演 ：贵州卫视', 'cd67841e-3ba7-11e7-931f-e09467f6dff0', '2017-05-18 16:55:55', '0', 'a5f762c0-3ba7-11e7-8ed3-e09467f6dff0');
INSERT INTO `data_job_template_5` VALUES ('非常完美(2014)(2014)', '时 间 ：2014-02-15 00:02:20', '导 演 ：贵州卫视', 'cdbaad30-3ba7-11e7-943a-e09467f6dff0', '2017-05-18 16:55:55', '0', 'a5f762c0-3ba7-11e7-8ed3-e09467f6dff0');
INSERT INTO `data_job_template_5` VALUES ('非常完美/苏菲的复仇/非常完美：夺爱大作战(2009)', '时 间 ：2016-05-22 00:05:10', '导 演 ：依萌', 'cde58dc0-3ba7-11e7-9bec-e09467f6dff0', '2017-05-18 16:55:55', '0', 'a5f762c0-3ba7-11e7-8ed3-e09467f6dff0');
INSERT INTO `data_job_template_5` VALUES ('非常完美/苏菲的复仇/非常完美：夺爱大作战(2009)', '时 间 ：2016-05-22 00:05:10', '导 演 ：依萌', 'cdf45acf-3ba7-11e7-99b8-e09467f6dff0', '2017-05-18 16:55:55', '0', 'a5f762c0-3ba7-11e7-8ed3-e09467f6dff0');
INSERT INTO `data_job_template_5` VALUES ('非常完美/苏菲的复仇/非常完美：夺爱大作战(2009)', '时 间 ：2016-05-22 00:05:10', '导 演 ：依萌', 'ce0571cf-3ba7-11e7-9dd7-e09467f6dff0', '2017-05-18 16:55:56', '0', 'a5f762c0-3ba7-11e7-8ed3-e09467f6dff0');
INSERT INTO `data_job_template_5` VALUES ('非常完美/苏菲的复仇/非常完美：夺爱大作战(2009)', '时 间 ：2016-05-22 00:05:10', '导 演 ：依萌', 'ce13a29e-3ba7-11e7-a90a-e09467f6dff0', '2017-05-18 16:55:56', '0', 'a5f762c0-3ba7-11e7-8ed3-e09467f6dff0');
INSERT INTO `data_job_template_5` VALUES ('非常完美[2014](2014)', '时 间 ：2015-02-23 16:02:50', '导 演 ：贵州卫视', 'ce30c78f-3ba7-11e7-b98a-e09467f6dff0', '2017-05-18 16:55:56', '0', 'a5f762c0-3ba7-11e7-8ed3-e09467f6dff0');
INSERT INTO `data_job_template_5` VALUES ('非常完美[2014](2014)', '时 间 ：2015-02-23 16:02:50', '导 演 ：贵州卫视', 'ce41695e-3ba7-11e7-91e2-e09467f6dff0', '2017-05-18 16:55:56', '0', 'a5f762c0-3ba7-11e7-8ed3-e09467f6dff0');
INSERT INTO `data_job_template_5` VALUES ('非常完美[2014](2014)', '时 间 ：2015-02-23 16:02:50', '导 演 ：贵州卫视', 'ce516eee-3ba7-11e7-b3e9-e09467f6dff0', '2017-05-18 16:55:56', '0', 'a5f762c0-3ba7-11e7-8ed3-e09467f6dff0');

-- ----------------------------
-- Table structure for data_job_template_50
-- ----------------------------
DROP TABLE IF EXISTS `data_job_template_50`;
CREATE TABLE `data_job_template_50` (
  `url` varchar(1024) DEFAULT NULL,
  `id` varchar(50) NOT NULL,
  `task_job_create_time` datetime DEFAULT NULL,
  `task_job_del_flag` tinyint(4) DEFAULT NULL,
  `task_job_id_sequence` varchar(50) DEFAULT NULL,
  PRIMARY KEY (`id`)
) ENGINE=InnoDB DEFAULT CHARSET=utf8;

-- ----------------------------
-- Records of data_job_template_50
-- ----------------------------

-- ----------------------------
-- Table structure for data_job_template_58
-- ----------------------------
DROP TABLE IF EXISTS `data_job_template_58`;
CREATE TABLE `data_job_template_58` (
  `movieTime` varchar(1024) DEFAULT NULL,
  `movieDiretor` varchar(1024) DEFAULT NULL,
  `movieName` varchar(1024) DEFAULT NULL,
  `id` varchar(50) NOT NULL,
  `task_job_create_time` datetime DEFAULT NULL,
  `task_job_del_flag` tinyint(4) DEFAULT NULL,
  `task_job_id_sequence` varchar(50) DEFAULT NULL,
  PRIMARY KEY (`id`)
) ENGINE=InnoDB DEFAULT CHARSET=utf8;

-- ----------------------------
-- Records of data_job_template_58
-- ----------------------------

-- ----------------------------
-- Table structure for db_source
-- ----------------------------
DROP TABLE IF EXISTS `db_source`;
CREATE TABLE `db_source` (
  `ID` varchar(50) NOT NULL,
  `DEL_FLAG` tinyint(1) DEFAULT '0',
  `HOST` varchar(200) DEFAULT NULL,
  `USERNAME` varchar(200) DEFAULT NULL,
  `PASSWORD` varchar(200) DEFAULT NULL,
  `DBNAME` varchar(200) DEFAULT NULL,
  `TYPE` varchar(200) DEFAULT NULL,
  `CHARSET` varchar(200) DEFAULT NULL,
  `PATH` varchar(200) DEFAULT NULL,
  `CREATE_TIME` datetime DEFAULT CURRENT_TIMESTAMP,
  `PORT` int(8) DEFAULT NULL,
  `URL` varchar(255) DEFAULT NULL,
  PRIMARY KEY (`ID`)
) ENGINE=InnoDB DEFAULT CHARSET=utf8;

-- ----------------------------
-- Records of db_source
-- ----------------------------
INSERT INTO `db_source` VALUES ('1', '0', '127.0.0.1', 'root', '', 'new_crawler_db', 'mysql', 'utf-8', null, '2017-05-11 17:02:17', '3306', null);

-- ----------------------------
-- Table structure for job_template
-- ----------------------------
DROP TABLE IF EXISTS `job_template`;
CREATE TABLE `job_template` (
  `ID` varchar(50) NOT NULL DEFAULT '0',
  `DEL_FLAG` tinyint(1) DEFAULT NULL,
  `FLAG` tinyint(1) DEFAULT NULL,
  `NAME` varchar(255) DEFAULT NULL,
  `DESC` varchar(1000) DEFAULT NULL,
  `CREATE_TIME` datetime DEFAULT NULL,
  `CREATE_USER_ID` varchar(10) DEFAULT NULL,
  `ROOT_PATH` varchar(255) DEFAULT NULL,
  `BASE_TABLE_NAME` varchar(255) DEFAULT NULL,
  `URL` varchar(255) DEFAULT NULL,
  `parent_id` varchar(255) DEFAULT '-1' COMMENT '父级id',
  `job_template_type` varchar(50) DEFAULT '-1' COMMENT 'job_template_type',
  `database_id` varchar(50) DEFAULT '-1' COMMENT 'database_id',
  `encode_type` varchar(10) DEFAULT NULL COMMENT '是否encode',
  `object_type` varchar(8) DEFAULT NULL COMMENT '白名单还是黑屏单1，是白 2是黑',
  PRIMARY KEY (`ID`)
) ENGINE=InnoDB DEFAULT CHARSET=utf8;

-- ----------------------------
-- Records of job_template
-- ----------------------------
INSERT INTO `job_template` VALUES ('01cd3891-3464-11e7-8d06-e09467f6dff0', '0', '0', '百度搜索', null, '2017-05-09 00:00:00', 'test1', '//div[@class=\'result c-container \']', 'asdasd', 'https://www.baidu.com/s?wd={key}', '-1', '4', '1', null, '2');
INSERT INTO `job_template` VALUES ('03a29e86-3554-11e7-81ad-00232490c701', '1', null, '九酷音乐搜索到的第一个音乐信息', null, null, null, '//div[@id=\"searchInfo\"]//ul[@class=\"clearfix\"]/li[1]', 'data_job_template_1', 'http://baidu.9ku.com/song/{key}/', '-1', '1', '1', null, '2');
INSERT INTO `job_template` VALUES ('05c6ae99-347c-11e7-81ad-00232490c701', '1', null, '成都海关违法走私信息总页数', null, null, null, '//div[@id=\"ess_ctr193672_ListC_Info_AspNetPager\"]//tr/td[1]', 'data_job_template_2', 'http://chengdu.customs.gov.cn/publish/portal130/tab70919/', '-1', '3', '1', null, '2');
INSERT INTO `job_template` VALUES ('07059670-3577-11e7-81ad-00232490c701', '1', null, '芒仔音乐铺指定音乐的详情信息', null, null, null, '//div[@class=\"songAboutL\"]', 'data_job_template_3', '{songUrl}', 'ae78b7e4-3576-11e7-81ad-00232490c701', '1', '1', null, '2');
INSERT INTO `job_template` VALUES ('072241de-34b6-11e7-b41d-0025ab9a7c2c', '1', null, '小说阅读网搜索', null, '2017-05-09 20:48:50', null, '//div[@id=\'result-list\']//li/div[@class=\'book-img-box\']', 'data_job_template_4', 'https://www.readnovel.com/search?kw={key}', '-1', '2', '1', null, '2');
INSERT INTO `job_template` VALUES ('0a3b3e07-352e-11e7-947a-b8aeed2fe120', '1', null, '吉吉影音(爱上看电影)详情界面', null, '2017-05-10 11:09:30', null, '//div[@class=\'zhuyan\']', 'data_job_template_5', 'http://www.iskdy.com{url}', '65ade85c-3528-11e7-947a-b8aeed2fe120', '0', '1', null, '2');
INSERT INTO `job_template` VALUES ('13d28677-d305-4803-9f97-10ea86a08acc', '1', null, '成都海关行政许可第一页列表', null, null, null, '//table[@id=\"ess_ctr193591_ModuleContent\"]//ul/li', 'data_job_template_6', 'http://chengdu.customs.gov.cn/publish/portal130/tab70899/', 'd2756997-06e9-419c-8a10-72f484f48fdc', '3', '1', null, '2');
INSERT INTO `job_template` VALUES ('15aa0610-5b4b-4ea8-a355-51ce72d1693e', '1', null, '市安监局案件信息第一页列表', null, null, null, '//ul[@class=\"infoList03 f14\"]/li', 'data_job_template_7', 'http://www.cdsafety.gov.cn/index.php?m=content&c=index&a=lists&catid=109', '5b6ae8d4-77c8-48ac-af78-75b2fabd41da', '3', '1', null, '2');
INSERT INTO `job_template` VALUES ('1e6ec3db-3545-11e7-97d9-0025ab9a7c2c', '1', null, '114详情页', null, '2017-05-10 13:54:11', null, '//div[@class=\'cont fl\']', 'data_job_template_8', '{url144}', 'b3bb56ae-3532-11e7-97d9-0025ab9a7c2c', '2', '1', null, '2');
INSERT INTO `job_template` VALUES ('200f8193-35f8-11e7-81ad-00232490c701', '1', null, '成都出入境检验检疫局行政处罚第一页列表', null, null, null, '//div[@class=\"ftya_wrap\"]//tbody/tr[position()>=2]', 'data_job_template_9', 'http://www.scciq.gov.cn/xzcf/index.htm', '6cba3e48-3488-11e7-81ad-00232490c701', '3', '1', null, '2');
INSERT INTO `job_template` VALUES ('236f8237-35fa-11e7-81ad-00232490c701', '1', null, '成都出入境检验检疫局行政处罚单页列表', null, null, null, '//div[@class=\"ftya_wrap\"]//tbody/tr[position()>=2]', 'data_job_template_10', 'http://www.scciq.gov.cn/xzcf/index_{pageIndex}.htm', '6cba3e48-3488-11e7-81ad-00232490c701', '3', '1', null, '2');
INSERT INTO `job_template` VALUES ('2847be6c-3498-11e7-9285-0025ab9a7c2c', '1', null, '起点中文网搜索', null, '2017-05-09 16:51:24', null, '//div[@id=\'result-list\']//li[1]/div[@class=\'book-img-box\']', 'data_job_template_11', 'http://se.qidian.com/?kw={key}', '-1', '2', '1', null, '2');
INSERT INTO `job_template` VALUES ('2f4f7d28-451d-4006-86ef-49b50872d458', '1', null, '市安监局案件信息单页列表', null, null, null, '//ul[@class=\"infoList03 f14\"]/li', 'data_job_template_12', 'http://www.cdsafety.gov.cn/index.php?m=content&c=index&a=lists&catid=109&page={pageIndex}', '5b6ae8d4-77c8-48ac-af78-75b2fabd41da', '3', '1', null, '2');
INSERT INTO `job_template` VALUES ('39feb7d2-3530-11e7-947a-b8aeed2fe120', '1', null, '1905电影网搜索', null, null, null, '//h2[@id=\'my_video_h2_old\']', 'data_job_template_13', 'http://www.1905.com/search/?q=&q={key}', '-1', '0', '1', null, '2');
INSERT INTO `job_template` VALUES ('41a1ad3e-354d-11e7-947a-b8aeed2fe120', '0', null, '热片网搜索', null, null, null, '//ul[class=\'show-list\']/li', 'data_job_template_14', 'http://list.repian.com/?keyword={key}', '-1', '0', '1', '1', '2');
INSERT INTO `job_template` VALUES ('45e1dade-3554-11e7-947a-b8aeed2fe120', '1', null, '讯多影视搜索', null, null, null, '//div[@id=\'zuo\']/h4', 'data_job_template_15', 'http://www.xunduo.cc/sousuo.php?wd={key}', '-1', '0', '1', null, '2');
INSERT INTO `job_template` VALUES ('46546268-354e-11e7-947a-b8aeed2fe120', '1', null, '热片网详情', null, null, null, '//div[@id=\'detail-box\']', 'data_job_template_16', '{url}', '41a1ad3e-354d-11e7-947a-b8aeed2fe120', '0', '1', null, '2');
INSERT INTO `job_template` VALUES ('47827cc7-3571-11e7-81ad-00232490c701', '1', null, '我爱音乐网指定音乐的详情信息', null, null, null, '//div[@id=\"cscms_music_play\"]//div[@class=\"mc_info rt\"]', 'data_job_template_17', '{songUrl}', 'bf78bb32-3570-11e7-81ad-00232490c701', '1', '1', null, '2');
INSERT INTO `job_template` VALUES ('481ceccb-3565-11e7-81ad-00232490c701', '1', null, '一听音乐指定音乐的详情信息', null, null, null, '//div[@id=\"songinfo\"]', 'data_job_template_18', '{songUrl}', '83efcd8d-3564-11e7-81ad-00232490c701', '1', '1', null, '2');
INSERT INTO `job_template` VALUES ('48bdb527-35fb-11e7-81ad-00232490c701', '1', null, '成都出入境检验检疫局行政处罚内容', null, null, null, '//div[@class=\"fdet_txt\"]//tbody', 'data_job_template_19', 'http://www.scciq.gov.cn{detailUrl}', '200f8193-35f8-11e7-81ad-00232490c701,236f8237-35fa-11e7-81ad-00232490c701', '3', '1', null, '2');
INSERT INTO `job_template` VALUES ('5540015c-41a5-45cc-b45b-74dceb948f38', '1', null, '市农委行政处罚案件信息公开表内容', null, null, null, '//div[@id=\"myTable\"]/p/a', 'data_job_template_20', '{detailUrl}', '5e69b443-3740-429f-b466-5ccefbfefdb6,bf0b362b-c6ee-4f2f-9693-fe82ba424bb6', '3', '1', null, '2');
INSERT INTO `job_template` VALUES ('58a05936-3dcb-4906-a27b-b3aeaa4124c0', '1', null, '成都海关行政许可单页列表', null, null, null, '//table[@id=\"ess_ctr193591_ModuleContent\"]//ul/li', 'data_job_template_21', 'http://chengdu.customs.gov.cn/publish/portal130/tab70899/module193591/page{pageIndex}.htm', 'd2756997-06e9-419c-8a10-72f484f48fdc', '3', '1', null, '2');
INSERT INTO `job_template` VALUES ('5b6ae8d4-77c8-48ac-af78-75b2fabd41da', '1', null, '市安监局案件信息总页数', null, null, null, '//div[@id=\"pages\"]/a[last()-1]', 'data_job_template_22', 'http://www.cdsafety.gov.cn/index.php?m=content&c=index&a=lists&catid=109', '-1', '3', '1', null, '2');
INSERT INTO `job_template` VALUES ('5e69b443-3740-429f-b466-5ccefbfefdb6', '1', null, '市农委行政处罚案件第一页列表', null, null, null, '//div[@class=\"pr\"]/div[@class=\"blk01\"]/ul/li', 'data_job_template_23', 'http://www.cdagri.gov.cn/wwwRoot/nw/zwgk/qlsx/xzcfajgs/index.html', 'c5b197b8-a74b-49a4-8895-3509a976b8f3', '3', '1', null, '2');
INSERT INTO `job_template` VALUES ('6394fc7e-347c-11e7-81ad-00232490c701', '1', null, '成都海关违法走私信息第一页列表', null, null, null, '//table[@id=\"ess_ctr193672_ModuleContent\"]//ul/li', 'data_job_template_24', 'http://chengdu.customs.gov.cn/publish/portal130/tab70919/', '05c6ae99-347c-11e7-81ad-00232490c701', '3', '1', null, '2');
INSERT INTO `job_template` VALUES ('65ade85c-3528-11e7-947a-b8aeed2fe120', '1', null, '吉吉影音(爱上看电影)搜索', null, '2017-05-10 10:30:04', null, '//div[@id=\'classpage6\']//div[@class=\'vodlist_l\']/ul', 'data_job_template_25', 'http://www.iskdy.com/index.php?m=vod&a=search&wd={key}', '-1', '0', '1', null, '2');
INSERT INTO `job_template` VALUES ('6cba3e48-3488-11e7-81ad-00232490c701', '1', null, '成都出入境检验检疫局行政处罚总页数', null, null, null, '//div[@class=\"fpag_wrap\"]', 'data_job_template_26', 'http://www.scciq.gov.cn/xzcf/index.htm', '-1', '3', '1', null, '2');
INSERT INTO `job_template` VALUES ('7382a702-35e9-11e7-81ad-00232490c701', '1', null, '5nd音乐网指定音乐的详情信息', null, null, null, '//div[@class=\"songAboutL\"]', 'data_job_template_27', '{songUrl}', '91a744da-35e8-11e7-81ad-00232490c701', '1', '1', null, '2');
INSERT INTO `job_template` VALUES ('740532f2-355d-11e7-947a-b8aeed2fe120', '1', null, '琪琪布电影网搜索', null, null, null, '//div[@id=\'main\']/div/ul/li', 'data_job_template_28', 'http://www.qiqibu8.com/soso.asp?kwtype=0&searchword={key}', '-1', '0', '1', '1', '2');
INSERT INTO `job_template` VALUES ('76a3bf16-3547-11e7-81ad-00232490c701', '1', null, 'qq音乐指定音乐的详情信息', null, null, null, '//div[@class=\'data__cont\']', 'data_job_template_29', '{songUrl}', 'b990638c-3544-11e7-81ad-00232490c701', '1', '1', null, '2');
INSERT INTO `job_template` VALUES ('76cf6922-34a5-11e7-9285-0025ab9a7c2c', '1', null, '起点书籍详情页', null, '2017-05-09 18:51:42', null, '//div[@class=\'book-info \']', 'data_job_template_30', 'http:{newUrl}', '2847be6c-3498-11e7-9285-0025ab9a7c2c', '2', '1', null, '2');
INSERT INTO `job_template` VALUES ('79b3bf64-3556-11e7-81ad-00232490c701', '1', null, '九酷音乐指定音乐的详情信息', null, null, null, '//div[@class=\"t-t\"]', 'data_job_template_31', '{songUrl}', '03a29e86-3554-11e7-81ad-00232490c701', '1', '1', null, '2');
INSERT INTO `job_template` VALUES ('7bc0d842-357b-11e7-81ad-00232490c701', '1', null, '想听音乐网搜索到的第一个音乐的详情地址', null, null, null, '//div[@id=\"type01\"]/ul/li[1]/a[@class=\"songName\"]', 'data_job_template_32', 'http://www.yy3t.com/index.php/dance/so/key/?key={key}', '-1', '1', '1', null, '2');
INSERT INTO `job_template` VALUES ('7ec22330-f120-49bb-888a-5c8d33fc95bc', '1', null, '市安监局案件信息内容', null, null, null, '//p[@style=\"line-height: 16px;\"]/a', 'data_job_template_33', '{detailUrl}', '15aa0610-5b4b-4ea8-a355-51ce72d1693e,2f4f7d28-451d-4006-86ef-49b50872d458', '3', '1', null, '2');
INSERT INTO `job_template` VALUES ('7ecef0fa-3481-11e7-81ad-00232490c701', '1', null, '成都海关违法走私信息内容', null, null, null, '//div[@class=\"xl_Cont1\"]', 'data_job_template_34', 'http://chengdu.customs.gov.cn{detail_url}', '6394fc7e-347c-11e7-81ad-00232490c701,af654225-347c-11e7-81ad-00232490c701', '3', '1', null, '2');
INSERT INTO `job_template` VALUES ('83efcd8d-3564-11e7-81ad-00232490c701', '1', null, '一听音乐搜索到的第一个音乐的详情地址', null, null, null, '//div[@id=\"resultList\"]//tbody/tr[1]/td[@class=\"song\"]/a', 'data_job_template_35', 'http://so.1ting.com/all.do?q={key}', '-1', '1', '1', null, '2');
INSERT INTO `job_template` VALUES ('86a400fe-3525-11e7-947a-b8aeed2fe120', '1', null, '腾讯视频详情', null, '2017-05-10 10:08:43', null, '', 'data_job_template_36', '{detailUrl}', 'c12161be-3494-11e7-aa20-b8aeed2fe120', '0', '1', null, '2');
INSERT INTO `job_template` VALUES ('8cc9d34c-355e-11e7-947a-b8aeed2fe120', '1', null, '琪琪布电影网详情页', null, null, null, '//div[@class=\'video-box\']', 'data_job_template_37', 'http://www.qiqibu8.com{url}', '740532f2-355d-11e7-947a-b8aeed2fe120', '0', '1', null, '2');
INSERT INTO `job_template` VALUES ('90a8e36f-3555-11e7-97d9-0025ab9a7c2c', '1', null, '小说大全搜索', null, '2017-05-10 15:51:27', null, '//div[@class=\'imgbox\']', 'data_job_template_38', 'http://book.km.com/search.html?search_type=index&keyword={key}', '-1', '2', '1', null, '2');
INSERT INTO `job_template` VALUES ('91a744da-35e8-11e7-81ad-00232490c701', '1', null, '5nd音乐网搜索到的第一个音乐的详情地址', null, null, null, '//ul[@class=\"mulist\"]/li[2]/p[1]/a', 'data_job_template_39', 'http://so.5nd.com/k_{key}', '-1', '1', '1', null, '2');
INSERT INTO `job_template` VALUES ('93b6d456-355e-11e7-97d9-0025ab9a7c2c', '1', null, '鲸鱼中文搜索', null, '2017-05-10 16:56:53', null, '//div[@class=\'novel-info\']', 'data_job_template_40', 'http://www.jingyu.com/search/?kw={key}', '-1', '2', '1', null, '2');
INSERT INTO `job_template` VALUES ('a17e9d1d-3523-11e7-947a-b8aeed2fe120', '1', null, '中国高清网详情页', null, '2017-05-10 09:54:55', null, '//div[@id=\'post_content\']/p[3]', 'data_job_template_41', '{url}', 'c283b2c4-3521-11e7-947a-b8aeed2fe120', '0', '1', null, '2');
INSERT INTO `job_template` VALUES ('ae631f9e-3d71-11e7-a148-e09467f6dff0', '0', '0', '重庆市政府列表', null, '2017-05-20 00:00:00', 'test1', '//div[@class=\'index_head1 content_heads3\']/div|//div[@class=\'index_head1 content_heads4\']/div|//div[@class=\'index_head1 content_heads5\']/div', null, 'http://www.cqyz.gov.cn/index.html', null, null, null, null, null);
INSERT INTO `job_template` VALUES ('ae78b7e4-3576-11e7-81ad-00232490c701', '1', null, '芒仔音乐铺搜索到的第一个音乐的详情地址', null, null, null, '//div[@id=\"results\"]/div[1]/h3/a', 'data_job_template_42', 'http://so.yinyuepu.com/cse/search?q={key}&from=input&s=6692532090072095586&entry=1', '-1', '1', '1', null, '2');
INSERT INTO `job_template` VALUES ('af654225-347c-11e7-81ad-00232490c701', '1', null, '成都海关违法走私信息单页列表', null, null, null, '//table[@id=\"ess_ctr193672_ModuleContent\"]//ul/li', 'data_job_template_43', 'http://chengdu.customs.gov.cn/publish/portal130/tab70919/module193672/page{pageIndex}.htm', '05c6ae99-347c-11e7-81ad-00232490c701', '3', '1', null, '2');
INSERT INTO `job_template` VALUES ('b3bb56ae-3532-11e7-97d9-0025ab9a7c2c', '1', null, '114小说搜索', null, '2017-05-10 11:42:04', null, '//div[@class=\'searcont\']//dd', 'data_job_template_44', 'http://book.114la.com/search.html?s={key}', '-1', '2', '1', null, '2');
INSERT INTO `job_template` VALUES ('b990638c-3544-11e7-81ad-00232490c701', '1', null, 'qq音乐搜索到的第一个音乐的详情地址', null, null, null, '//div[@id=\'song_box\']//ul[@class=\'songlist__list\']/li[1]//div[@class=\'songlist__songname\']/span/a', 'data_job_template_45', 'https://y.qq.com/portal/search.html#page=1&searchid=1&remoteplace=txt.yqq.top&t=song&w={key}', '-1', '1', '1', null, '2');
INSERT INTO `job_template` VALUES ('b99e6a2c-3531-11e7-947a-b8aeed2fe120', '1', null, '1905电影网详情页', null, null, null, '//div[@class=\'db h100b pb02\']', 'data_job_template_46', '{url}', '39feb7d2-3530-11e7-947a-b8aeed2fe120', '0', '1', null, '2');
INSERT INTO `job_template` VALUES ('bf0b362b-c6ee-4f2f-9693-fe82ba424bb6', '1', null, '市农委行政处罚案件单页列表', null, null, null, '//div[@class=\"pr\"]/div[@class=\"blk01\"]/ul/li', 'data_job_template_47', 'http://www.cdagri.gov.cn/wwwRoot/nw/zwgk/qlsx/xzcfajgs/index_{pageIndex}.html', 'c5b197b8-a74b-49a4-8895-3509a976b8f3', '3', '1', null, '2');
INSERT INTO `job_template` VALUES ('bf78bb32-3570-11e7-81ad-00232490c701', '1', null, '我爱音乐网搜索到的第一个音乐的详情地址', null, null, null, '//tbody[@id=\"dance_list\"]/tr[2]/td[1]/div/a', 'data_job_template_48', 'http://www.5iyy.net/index.php/dance/so/key?key={key}&tp=1', '-1', '1', '1', null, '2');
INSERT INTO `job_template` VALUES ('c12161be-3494-11e7-aa20-b8aeed2fe120', '1', '0', '腾讯视频搜索', null, '2017-05-09 16:53:02', null, '//div[@class=\'wrapper_main\']/div[contains(@class,\'result_item\')]', 'data_job_template_49', 'https://v.qq.com/x/search/?q={key}', '-1', '0', '1', null, '2');
INSERT INTO `job_template` VALUES ('c283b2c4-3521-11e7-947a-b8aeed2fe120', '1', null, '中国高清网搜索页', null, '2017-05-10 09:44:20', null, '//ul[@id=\'post_container\']/li[1]//div[@class=\'thumbnail\']', 'data_job_template_50', 'http://gaoqing.la/?s={key}', '-1', '0', '1', null, '2');
INSERT INTO `job_template` VALUES ('c53793f4-34b6-11e7-b41d-0025ab9a7c2c', '1', null, '小说阅读网详情页', null, '2017-05-09 20:55:12', null, '//div[@class=\'book-information cf\']/div[@class=\'book-info\']', 'data_job_template_51', 'https://{readnovelUrl}', '072241de-34b6-11e7-b41d-0025ab9a7c2c', '2', '1', null, '2');
INSERT INTO `job_template` VALUES ('c5b197b8-a74b-49a4-8895-3509a976b8f3', '1', null, '市农委行政处罚案件总页数', null, null, null, '//div[@class=\"scott\"]/a[last()]', 'data_job_template_52', 'http://www.cdagri.gov.cn/wwwRoot/nw/zwgk/qlsx/xzcfajgs/index.html', '-1', '3', '1', null, '2');
INSERT INTO `job_template` VALUES ('d2756997-06e9-419c-8a10-72f484f48fdc', '1', null, '成都海关行政许可总页数', null, null, null, '//div[@id=\"ess_ctr193591_ListC_Info_AspNetPager\"]//tr/td[1]', 'data_job_template_53', 'http://chengdu.customs.gov.cn/publish/portal130/tab70899/', '-1', '3', '1', null, '2');
INSERT INTO `job_template` VALUES ('d4aaf892-3556-11e7-97d9-0025ab9a7c2c', '1', null, '小说大全详情', null, '2017-05-10 16:26:20', null, '//div[@class=\'abook clearfix\']', 'data_job_template_54', 'http://book.km.com{kmUrl}', '90a8e36f-3555-11e7-97d9-0025ab9a7c2c', '2', '1', null, '2');
INSERT INTO `job_template` VALUES ('e885a180-3d71-11e7-8f5b-e09467f6dff0', '0', '0', '重庆市政府子集列表', null, '2017-05-20 00:00:00', 'test1', '//ul[@class=\'pXxgk_list\']/li', null, 'http://www.cqyz.gov.cn/{href_url}', 'ae631f9e-3d71-11e7-a148-e09467f6dff0', null, null, null, null);
INSERT INTO `job_template` VALUES ('eac8e8a3-352e-11e7-97d9-0025ab9a7c2c', '1', null, '咪咕详情页', null, '2017-05-10 11:16:05', null, '//div[@class=\'read_con\']', 'data_job_template_55', 'http://www.cmread.com/{cmUrl}', 'ffe68206-352d-11e7-97d9-0025ab9a7c2c', '2', '1', null, '2');
INSERT INTO `job_template` VALUES ('ef50c529-4e6e-4113-9f54-2270e54d7e2d', '1', null, '成都海关行政许可内容', null, null, null, '//div[@class=\"xl_Cont1\"]', 'data_job_template_56', 'http://chengdu.customs.gov.cn{detail_url}', '13d28677-d305-4803-9f97-10ea86a08acc,58a05936-3dcb-4906-a27b-b3aeaa4124c0', '3', '1', null, '2');
INSERT INTO `job_template` VALUES ('f4f1a890-354e-11e7-97d9-0025ab9a7c2c', '1', null, '81中文网搜索', null, '2017-05-10 15:11:33', null, '//div[@class=\'result-game-item-detail\']', 'data_job_template_57', 'http://zhannei.baidu.com/cse/search?s=2988433831094058597&q={key}', '-1', '2', '1', null, '2');
INSERT INTO `job_template` VALUES ('f5150da1-3d5d-11e7-af9c-e09467f6dff0', '0', '0', '百度搜索', null, '2017-05-09 00:00:00', 'test1', '//div[@class=\'result-op c-container\']', null, 'https:https://www.baidu.com/s?wd={searchWord}', null, null, null, null, null);
INSERT INTO `job_template` VALUES ('fa463989-3556-11e7-947a-b8aeed2fe120', '1', null, '讯多影视详情', null, null, null, '//div[@id=\'xinxi_zuo\']', 'data_job_template_58', 'http://www.xunduo.cc{url}', '45e1dade-3554-11e7-947a-b8aeed2fe120', '0', '1', null, '2');
INSERT INTO `job_template` VALUES ('fca9bb42-357b-11e7-81ad-00232490c701', '1', null, '想听音乐网指定音乐的详情信息', null, null, null, '//div[@class=\"pFr\"]/div[2]', 'data_job_template_59', '{songUrl}', '7bc0d842-357b-11e7-81ad-00232490c701', '1', '1', null, '2');
INSERT INTO `job_template` VALUES ('ffe68206-352d-11e7-97d9-0025ab9a7c2c', '1', null, '咪咕搜索', null, '2017-05-10 11:08:38', null, '//div[@class=\'book_le\']', 'data_job_template_60', 'http://www.cmread.com/u/new/searchResult?kwords={key}&bookItemType=0', '-1', '2', '1', null, '2');

-- ----------------------------
-- Table structure for job_template_field
-- ----------------------------
DROP TABLE IF EXISTS `job_template_field`;
CREATE TABLE `job_template_field` (
  `ID` varchar(50) NOT NULL,
  `DEL_FLAG` tinyint(1) DEFAULT '0',
  `FIELD_NAME_EN` varchar(255) DEFAULT NULL,
  `FIELD_NAME_CN` varchar(255) DEFAULT NULL,
  `DATA_TYPE` varchar(255) DEFAULT NULL,
  `DATA_LENGTH` int(10) DEFAULT NULL,
  `CREATE_USER_ID` varchar(2048) DEFAULT NULL,
  `JOB_TEMPLATE_ID` varchar(2048) DEFAULT NULL,
  `REG_EXP` varchar(255) DEFAULT NULL,
  `SPLIT` varchar(10) DEFAULT NULL,
  `FIELD_VALUE` varchar(255) DEFAULT NULL,
  `FUNC` varchar(255) DEFAULT NULL COMMENT '操作函数',
  `FIELD_CONDITION` varchar(1024) DEFAULT NULL,
  `create_time` datetime DEFAULT CURRENT_TIMESTAMP COMMENT '创建时间',
  PRIMARY KEY (`ID`)
) ENGINE=InnoDB DEFAULT CHARSET=utf8;

-- ----------------------------
-- Records of job_template_field
-- ----------------------------
INSERT INTO `job_template_field` VALUES ('027ad6f4-355c-11e7-81ad-00232490c701', '0', 'songLan', '九酷音乐指定音乐的语种', 'varchar', '255', null, '79b3bf64-3556-11e7-81ad-00232490c701', '语言：(\\S*)', null, 'p[3]/text()', null, null, '2017-05-12 00:26:27');
INSERT INTO `job_template_field` VALUES ('0407cd18-35ea-11e7-81ad-00232490c701', '0', 'songSinger', '5nd音乐网指定音乐的歌手名', 'varchar', '255', null, '7382a702-35e9-11e7-81ad-00232490c701', null, null, 'div[@class=\"songInfo\"]/ul/li[2]/a/text()', null, null, '2017-05-12 00:26:27');
INSERT INTO `job_template_field` VALUES ('04582a8b-3572-11e7-81ad-00232490c701', '0', 'songSinger', '我爱音乐网指定音乐的歌手名', 'varchar', '255', null, '47827cc7-3571-11e7-81ad-00232490c701', null, null, 'p[1]/strong[1]/a/text()', null, null, '2017-05-12 00:26:27');
INSERT INTO `job_template_field` VALUES ('06e6bf26-357e-11e7-81ad-00232490c701', '0', 'songAlbum', '想听音乐网指定音乐的专辑名', 'varchar', '255', null, 'fca9bb42-357b-11e7-81ad-00232490c701', null, null, 'a[2]/span/text()', null, null, '2017-05-12 00:26:27');
INSERT INTO `job_template_field` VALUES ('06f43132-3483-11e7-81ad-00232490c701', '0', 'punishBody', '主体名称', 'varchar', '255', null, '7ecef0fa-3481-11e7-81ad-00232490c701', null, null, 'div[4]/span//tr[2]/td[2]/p/text()', null, null, '2017-05-12 00:26:27');
INSERT INTO `job_template_field` VALUES ('07f49578-b84b-4264-869e-93930d316624', '0', 'excelUrl', '市农委行政处罚案件信息公开表附件地址', 'varchar', '255', null, '5540015c-41a5-45cc-b45b-74dceb948f38', null, null, '@href', null, null, '2017-05-12 00:26:27');
INSERT INTO `job_template_field` VALUES ('08242ceb-3524-11e7-947a-b8aeed2fe120', '0', 'movieDirector', '中国高清导演', 'varchar', '1024', null, 'a17e9d1d-3523-11e7-947a-b8aeed2fe120', null, null, 'span[13]/text()', null, null, '2017-05-11 16:27:24');
INSERT INTO `job_template_field` VALUES ('0cba9458-3558-11e7-947a-b8aeed2fe120', '0', 'movieTime', '讯多影视年代', 'varchar', '1024', null, 'fa463989-3556-11e7-947a-b8aeed2fe120', null, null, 'h1/span/text()', null, null, '2017-05-11 16:27:24');
INSERT INTO `job_template_field` VALUES ('116f5b6c-3546-11e7-97d9-0025ab9a7c2c', '0', 'author', '114小说作者', 'varchar', '1024', null, '1e6ec3db-3545-11e7-97d9-0025ab9a7c2c', null, null, 'div[@class=\'view\']/span[1]/a/text()', null, null, '2017-05-11 16:27:24');
INSERT INTO `job_template_field` VALUES ('116fe589-3550-11e7-97d9-0025ab9a7c2c', '0', 'bookName', '81中文书名', 'varchar', '1024', null, 'f4f1a890-354e-11e7-97d9-0025ab9a7c2c', '', null, 'h3//a[@cpos=\'title\']/@title', null, null, '2017-05-11 16:27:24');
INSERT INTO `job_template_field` VALUES ('13e89e51-3466-11e7-a7fb-e09467f6dff0', '0', 'content', '内容', 'varchar', '5048', 'test1', '01cd3891-3464-11e7-8d06-e09467f6dff0', null, null, './/text()', null, null, '2017-05-09 11:12:56');
INSERT INTO `job_template_field` VALUES ('1518c050-3482-11e7-81ad-00232490c701', '0', 'punishResult', '行政处罚结果', 'varchar', '255', null, '7ecef0fa-3481-11e7-81ad-00232490c701', null, null, 'div[4]/span//tr[8]/td[2]/p/text()', null, null, '2017-05-12 00:26:28');
INSERT INTO `job_template_field` VALUES ('153c1d3e-3578-11e7-81ad-00232490c701', '0', 'songAlbum', '芒仔音乐铺指定音乐的专辑名', 'varchar', '255', null, '07059670-3577-11e7-81ad-00232490c701', null, null, 'div[@class=\"songInfo\"]/ul/li[3]/a/text()', null, null, '2017-05-12 00:26:28');
INSERT INTO `job_template_field` VALUES ('15cbde2c-3611-11e7-81ad-00232490c701', '0', 'penaltyDecisionNum', '处理决定书文号', null, null, null, '48bdb527-35fb-11e7-81ad-00232490c701', '：(.*)', null, 'tr[2]/td/p/text()', '{value}.encode(\'utf-8\')', null, '2017-05-12 00:26:28');
INSERT INTO `job_template_field` VALUES ('162cc096-3573-11e7-81ad-00232490c701', '0', 'songUploadTime', '我爱音乐网指定音乐的上传时间', 'varchar', '255', null, '47827cc7-3571-11e7-81ad-00232490c701', null, null, 'p[1]/text()[last()]', null, null, '2017-05-12 00:26:28');
INSERT INTO `job_template_field` VALUES ('1d42c850-3616-11e7-81ad-00232490c701', '0', 'penaltyTypes', '处罚种类', null, null, null, '48bdb527-35fb-11e7-81ad-00232490c701', '：(.*)', null, 'tr[5]/td/p/text()', '{value}.encode(\'utf-8\')', null, '2017-05-12 00:26:28');
INSERT INTO `job_template_field` VALUES ('1efdc576-10cf-4258-a6f5-6bdf43cd9aab', '0', 'detailUrl', '成都海关行政许可内容地址', 'varchar', '255', null, '58a05936-3dcb-4906-a27b-b3aeaa4124c0', null, null, 'a/@href', null, null, '2017-05-12 00:26:28');
INSERT INTO `job_template_field` VALUES ('1f34f459-34a3-11e7-aa20-b8aeed2fe120', '0', 'detailUrl', '腾讯视频详情页url', 'varchar', '1024', null, 'c12161be-3494-11e7-aa20-b8aeed2fe120', null, null, 'div[@class=\'_infos\']//a[@class=\'desc_more\']/@href', null, null, '2017-05-11 16:27:24');
INSERT INTO `job_template_field` VALUES ('20627482-357e-11e7-81ad-00232490c701', '0', 'songUploadTime', '想听音乐网指定音乐的上传时间', 'varchar', '255', null, 'fca9bb42-357b-11e7-81ad-00232490c701', null, null, 'span[6]/text()', null, null, '2017-05-12 00:26:28');
INSERT INTO `job_template_field` VALUES ('23eea1e5-352f-11e7-97d9-0025ab9a7c2c', '0', 'bookName', '咪咕书名', 'varchar', '1024', null, 'eac8e8a3-352e-11e7-97d9-0025ab9a7c2c', null, null, 'h2/span/text()', null, null, '2017-05-11 16:27:24');
INSERT INTO `job_template_field` VALUES ('24143a72-112d-4176-ab95-63374c02c772', '0', 'detailUrl', '市农委行政处罚案件信息公开表内容地址', 'varchar', '255', null, 'bf0b362b-c6ee-4f2f-9693-fe82ba424bb6', null, null, 'a/@href', null, null, '2017-05-12 00:26:28');
INSERT INTO `job_template_field` VALUES ('243a1053-34b6-11e7-b41d-0025ab9a7c2c', '0', 'readnovelUrl', '小说阅读网详情地址', 'varchar', '1024', null, '072241de-34b6-11e7-b41d-0025ab9a7c2c', null, null, 'a/@href', null, null, '2017-05-11 16:27:24');
INSERT INTO `job_template_field` VALUES ('24663cd2-355f-11e7-97d9-0025ab9a7c2c', '0', 'bookName', '鲸鱼中文书名', 'varchar', '1024', null, '93b6d456-355e-11e7-97d9-0025ab9a7c2c', null, null, 'div[@class=\'title\']/a/text()', null, null, '2017-05-11 16:27:24');
INSERT INTO `job_template_field` VALUES ('2617b448-34af-11e7-9285-0025ab9a7c2c', '0', 'bookName', '书名', 'varchar', '1024', null, '76cf6922-34a5-11e7-9285-0025ab9a7c2c', null, null, 'h1/em/text()', null, null, '2017-05-11 16:27:24');
INSERT INTO `job_template_field` VALUES ('2696a6d3-3571-11e7-81ad-00232490c701', '0', 'songUrl', '我爱音乐网搜索到的第一个音乐的详情地址', 'varchar', '255', null, 'bf78bb32-3570-11e7-81ad-00232490c701', null, null, '@href', null, null, '2017-05-12 00:26:28');
INSERT INTO `job_template_field` VALUES ('28e78450-3565-11e7-81ad-00232490c701', '0', 'songUrl', '一听音乐搜索到的第一个音乐的详情地址', 'varchar', '255', null, '83efcd8d-3564-11e7-81ad-00232490c701', null, null, '@href', null, null, '2017-05-12 00:26:28');
INSERT INTO `job_template_field` VALUES ('299bbdb7-3547-11e7-81ad-00232490c701', '0', 'songUrl', 'qq音乐搜索到的第一个音乐的详情地址', 'varchar', '255', null, 'b990638c-3544-11e7-81ad-00232490c701', null, null, '@href', null, null, '2017-05-12 00:26:28');
INSERT INTO `job_template_field` VALUES ('29fb36f4-3556-11e7-81ad-00232490c701', '0', 'songUrl', '九酷音乐搜索到的第一个音乐播放地址', 'varchar', '255', null, '03a29e86-3554-11e7-81ad-00232490c701', null, null, 'a[@class=\"songName\"]/@href', null, null, '2017-05-12 00:26:28');
INSERT INTO `job_template_field` VALUES ('2cebdfc5-34a5-11e7-9285-0025ab9a7c2c', '0', 'newUrl', '详情地址', 'varchar', '1024', null, '2847be6c-3498-11e7-9285-0025ab9a7c2c', null, null, 'a/@href', null, null, '2017-05-11 16:27:24');
INSERT INTO `job_template_field` VALUES ('2e54a551-3465-11e7-bbb8-e09467f6dff0', '0', 'name', '名称', 'varchar', '5048', 'test1', '01cd3891-3464-11e7-8d06-e09467f6dff0', null, null, 'div[@class=\'c-abstract\']//text()', null, null, null);
INSERT INTO `job_template_field` VALUES ('2ed79c4c-3550-11e7-97d9-0025ab9a7c2c', '0', 'author', '81中文作者', 'varchar', '1024', null, 'f4f1a890-354e-11e7-97d9-0025ab9a7c2c', ' \\S+ ', null, 'div/p[1]/span[2]/text()', null, null, '2017-05-11 16:27:24');
INSERT INTO `job_template_field` VALUES ('31075354-3548-11e7-81ad-00232490c701', '0', 'songName', 'qq音乐指定音乐的音乐名字', 'varchar', '255', null, '76a3bf16-3547-11e7-81ad-00232490c701', null, null, 'div[2]/h1/text()', null, null, '2017-05-12 00:26:28');
INSERT INTO `job_template_field` VALUES ('322be04b-354f-11e7-947a-b8aeed2fe120', '0', 'movieTime', '热片网年代', 'varchar', '1024', null, '46546268-354e-11e7-947a-b8aeed2fe120', null, null, 'div[@class=\'detail-cols fn-clear\']//div[@class=\'info fn-clear\']/dl[8]/dd/span/text()', null, null, '2017-05-11 16:27:24');
INSERT INTO `job_template_field` VALUES ('35001523-3467-11e7-81ad-00232490c701', '0', 'grantUnit', '授予单位', 'varchar', '255', null, 'ef50c529-4e6e-4113-9f54-2270e54d7e2d', '(.+)准予.+', null, 'div[@class=\"titTop\"]/h1/strong/text()', '{value}.encode(\'utf-8\')', null, '2017-05-12 00:26:29');
INSERT INTO `job_template_field` VALUES ('357f9c7c-3617-11e7-81ad-00232490c701', '0', 'penaltyDate', '处罚决定日期', null, null, null, '48bdb527-35fb-11e7-81ad-00232490c701', '：(.*)', null, 'tr[last()]/td/p/text()', '{value}.encode(\'utf-8\')', null, '2017-05-12 00:26:29');
INSERT INTO `job_template_field` VALUES ('38d7cb87-347c-11e7-81ad-00232490c701', '0', 'pageCount', '成都海关违法走私信息总页数', 'varchar', '255', null, '05c6ae99-347c-11e7-81ad-00232490c701', '(\\d+)', null, 'text()[2]', null, null, '2017-05-12 00:26:29');
INSERT INTO `job_template_field` VALUES ('394d5b5b-349c-11e7-aa20-b8aeed2fe120', '0', 'movieName', '腾讯视频名称', 'varchar', '1024', null, 'c12161be-3494-11e7-aa20-b8aeed2fe120', null, null, 'h2[@class=\'result_title\']/a/em/text()', null, null, '2017-05-11 16:27:24');
INSERT INTO `job_template_field` VALUES ('394d5b5b-349c-11e7-aa20-b8aeed2fe1201', '0', 'movieName', '腾讯视频名称', 'varchar', '1024', null, '86a400fe-3525-11e7-947a-b8aeed2fe120', null, null, '//h1[@class=\'video_title_cn\']/a/text()', null, null, '2017-05-11 16:27:24');
INSERT INTO `job_template_field` VALUES ('398982f2-34b9-11e7-b41d-0025ab9a7c2c', '0', 'bookName', '小说阅读网书名', 'varchar', '1024', null, 'c53793f4-34b6-11e7-b41d-0025ab9a7c2c', null, null, 'h1/em/text()', null, null, '2017-05-11 16:27:24');
INSERT INTO `job_template_field` VALUES ('3a92edb0-3547-11e7-947a-b8aeed2fe120', '0', 'movieDirector', '1905电影导演', 'varchar', '1024', null, 'b99e6a2c-3531-11e7-947a-b8aeed2fe120', null, null, 'ol/li[1]/a/text()', null, null, '2017-05-11 16:27:24');
INSERT INTO `job_template_field` VALUES ('3c6d9ed7-34ba-11e7-b41d-0025ab9a7c2c', '0', 'type', '小说阅读网类型', 'varchar', '1024', null, 'c53793f4-34b6-11e7-b41d-0025ab9a7c2c', null, null, 'p/span[@class=\'tag\']/i/text()', null, null, '2017-05-11 16:27:24');
INSERT INTO `job_template_field` VALUES ('3d052a6e-881f-4a79-9715-4f897115cff8', '0', 'pageCount', '市安监局案件信息总页数', 'varchar', '255', null, '5b6ae8d4-77c8-48ac-af78-75b2fabd41da', 'page=(\\d+)', null, '@href', null, null, '2017-05-12 00:26:29');
INSERT INTO `job_template_field` VALUES ('3e602e04-3522-11e7-947a-b8aeed2fe120', '0', 'url', '中国高清网详情页面地址', 'varchar', '1024', null, 'c283b2c4-3521-11e7-947a-b8aeed2fe120', null, null, 'a/@href', null, null, '2017-05-11 16:27:24');
INSERT INTO `job_template_field` VALUES ('43b07772-355f-11e7-947a-b8aeed2fe120', '0', 'movieName', '琪琪布电影网名称', 'varchar', '1024', null, '8cc9d34c-355e-11e7-947a-b8aeed2fe120', null, null, 'div[@class=\'d-title\']/h2/a[last()]/text()', null, null, '2017-05-11 16:27:24');
INSERT INTO `job_template_field` VALUES ('4525fdbf-3468-11e7-81ad-00232490c701', '0', 'principalName', '主体名称', 'varchar', '255', null, 'ef50c529-4e6e-4113-9f54-2270e54d7e2d', null, null, 'div[last()]/span/text()[2]', null, null, '2017-05-12 00:26:29');
INSERT INTO `job_template_field` VALUES ('464d45cd-3532-11e7-947a-b8aeed2fe120', '0', 'movieName', '1905电影名称', 'varchar', '1024', null, 'b99e6a2c-3531-11e7-947a-b8aeed2fe120', null, null, 'div/h1/@title', null, null, '2017-05-11 16:27:24');
INSERT INTO `job_template_field` VALUES ('47ba7357-8b42-42b0-8b81-4e224b36b580', '0', 'detailUrl', '成都海关行政许可内容地址', 'varchar', '255', null, '13d28677-d305-4803-9f97-10ea86a08acc', null, null, 'a/@href', null, null, '2017-05-12 00:26:29');
INSERT INTO `job_template_field` VALUES ('48f14574-34af-11e7-9285-0025ab9a7c2c', '0', 'author', '作者', 'varchar', '1024', null, '76cf6922-34a5-11e7-9285-0025ab9a7c2c', null, null, 'h1//a[@class=\'writer\']/text()[1]', null, null, '2017-05-11 16:27:24');
INSERT INTO `job_template_field` VALUES ('4ad045e0-3559-11e7-97d9-0025ab9a7c2c', '0', 'Type', '小说大全类型', 'varchar', '1024', null, 'd4aaf892-3556-11e7-97d9-0025ab9a7c2c', null, null, 'div[@class=\'summary\']/ul/li[2]/a/text()', null, null, '2017-05-11 16:27:24');
INSERT INTO `job_template_field` VALUES ('4b247b1a-3549-11e7-81ad-00232490c701', '0', 'songSinger', 'qq音乐指定音乐的歌手名', 'varchar', '255', null, '76a3bf16-3547-11e7-81ad-00232490c701', null, null, 'div[1]/a/text()', null, null, '2017-05-12 00:26:29');
INSERT INTO `job_template_field` VALUES ('4c56de41-347d-11e7-81ad-00232490c701', '0', 'detailUrl', '成都海关违法走私信息内容地址', 'varchar', '255', null, 'af654225-347c-11e7-81ad-00232490c701', null, null, 'a/@href', null, null, '2017-05-12 00:26:29');
INSERT INTO `job_template_field` VALUES ('50699bf7-35e9-11e7-81ad-00232490c701', '0', 'songUrl', '5nd音乐网搜索到的第一个音乐的详情地址', 'varchar', '255', null, '91a744da-35e8-11e7-81ad-00232490c701', null, null, '@href', null, null, '2017-05-12 00:26:29');
INSERT INTO `job_template_field` VALUES ('52db2d94-35fa-11e7-81ad-00232490c701', '0', 'detailUrl', '成都出入境检验检疫局行政处罚内容地址', null, null, null, '236f8237-35fa-11e7-81ad-00232490c701', null, null, 'td[3]/a/@href', null, null, '2017-05-12 00:26:29');
INSERT INTO `job_template_field` VALUES ('53551295-3616-11e7-81ad-00232490c701', '0', 'penaltyResult', '处罚结果', null, null, null, '48bdb527-35fb-11e7-81ad-00232490c701', '：(.*)', null, 'tr[7]/td/p/text()', '{value}.encode(\'utf-8\')', null, '2017-05-12 00:26:29');
INSERT INTO `job_template_field` VALUES ('5a3bce61-34ad-11e7-aa20-b8aeed2fe120', '0', 'movieTime', '腾讯视频年代', 'varchar', '1024', null, 'ece53d51-34ac-11e7-aa20-b8aeed2fe120', null, null, 'span[@class=\'type_txt\']/text()', null, null, '2017-05-11 16:27:24');
INSERT INTO `job_template_field` VALUES ('5a3bce61-34ad-11e7-aa20-b8aeed2fe1201', '0', 'movieTime', '腾讯视频年代', 'varchar', '1024', null, '86a400fe-3525-11e7-947a-b8aeed2fe120', null, null, '//div[@class=\'video_type video_type_even cf\']//span[@class=\'type_txt\']/text()', null, null, '2017-05-11 16:27:24');
INSERT INTO `job_template_field` VALUES ('5b4ce864-3558-11e7-947a-b8aeed2fe120', '0', 'movieDiretor', '讯多影视导演', 'varchar', '1024', null, 'fa463989-3556-11e7-947a-b8aeed2fe120', null, null, 'ul/li[2]/text()\"', null, null, '2017-05-11 16:27:24');
INSERT INTO `job_template_field` VALUES ('5f063d66-3610-11e7-81ad-00232490c701', '0', 'principalName', '主体名称', null, null, null, '48bdb527-35fb-11e7-81ad-00232490c701', '：(.*)', null, 'tr[1]/td/p/text()', '{value}.encode(\'utf-8\')', null, '2017-05-12 00:26:30');
INSERT INTO `job_template_field` VALUES ('60b30eb3-352e-11e7-97d9-0025ab9a7c2c', '0', 'cmUrl', '咪咕详情地址', 'varchar', '1024', null, 'ffe68206-352d-11e7-97d9-0025ab9a7c2c', null, null, 'a/@href', null, null, '2017-05-11 16:27:24');
INSERT INTO `job_template_field` VALUES ('61be7db4-34b0-11e7-9285-0025ab9a7c2c', '0', 'type', '类型', 'varchar', '1024', null, '76cf6922-34a5-11e7-9285-0025ab9a7c2c', null, null, 'p[@class=\'tag\']/a/text()', null, null, '2017-05-11 16:27:24');
INSERT INTO `job_template_field` VALUES ('64c0bbf8-3468-11e7-81ad-00232490c701', '0', 'licenseDesc', '许可详情描述', 'varchar', '1024', null, 'ef50c529-4e6e-4113-9f54-2270e54d7e2d', null, null, 'div[last()]/span/text()[3 and last()]', '{value}.encode(\'utf-8\')', null, '2017-05-12 00:26:30');
INSERT INTO `job_template_field` VALUES ('64f9bebf-352f-11e7-97d9-0025ab9a7c2c', '0', 'author', '咪咕作者', 'varchar', '1024', null, 'eac8e8a3-352e-11e7-97d9-0025ab9a7c2c', '：(\\S+)', null, 'p/span[1]/text()[1]', null, null, '2017-05-11 16:27:24');
INSERT INTO `job_template_field` VALUES ('6a0f4f72-355e-11e7-947a-b8aeed2fe120', '0', 'url', '琪琪布电影网', 'varchar', '1024', null, '740532f2-355d-11e7-947a-b8aeed2fe120', null, null, 'a/@href', null, null, '2017-05-11 16:27:24');
INSERT INTO `job_template_field` VALUES ('6ad417fa-352e-11e7-947a-b8aeed2fe120', '0', 'movieName', '吉吉影音(爱上看电影)名称', 'varchar', '1024', null, '0a3b3e07-352e-11e7-947a-b8aeed2fe120', null, null, 'div[@class=\'moive_title\']/text()', null, null, '2017-05-11 16:27:24');
INSERT INTO `job_template_field` VALUES ('6b2b3e24-3565-11e7-81ad-00232490c701', '0', 'songName', '一听音乐指定音乐的音乐名字', 'varchar', '255', null, '481ceccb-3565-11e7-81ad-00232490c701', null, null, 'p[@class=\"songtitle\"]/a/text()', null, null, '2017-05-12 00:26:30');
INSERT INTO `job_template_field` VALUES ('6d3d7600-3d72-11e7-a860-e09467f6dff0', '0', 'href_url', '地址', 'varchar', '1024', 'test1', 'ae631f9e-3d71-11e7-a148-e09467f6dff0', null, null, 'a/@href', null, null, '2017-05-20 00:00:00');
INSERT INTO `job_template_field` VALUES ('6d717a70-355d-11e7-81ad-00232490c701', '0', 'songSize', '九酷音乐指定音乐的大小', 'varchar', '255', null, '79b3bf64-3556-11e7-81ad-00232490c701', '大小：(\\S* [K|M]B)', null, 'p[3]/text()', null, null, '2017-05-12 00:26:30');
INSERT INTO `job_template_field` VALUES ('7192f800-3d73-11e7-995f-e09467f6dff0', '0', 'detail_url', '详情地址', 'varchar', '1024', 'test1', 'e885a180-3d71-11e7-8f5b-e09467f6dff0', null, null, 'a/@href', null, null, '2017-05-20 00:00:00');
INSERT INTO `job_template_field` VALUES ('790d5526-2c06-41d9-9608-0eaf82ea5cc3', '0', 'detailUrl', '市安监局案件信息内容地址', 'varchar', '255', null, '15aa0610-5b4b-4ea8-a355-51ce72d1693e', null, null, 'a/@href', null, null, '2017-05-12 00:26:30');
INSERT INTO `job_template_field` VALUES ('7a519e17-3611-11e7-81ad-00232490c701', '0', 'penaltyName', '处罚事项名称', null, null, null, '48bdb527-35fb-11e7-81ad-00232490c701', '：(.*)', null, 'tr[3]/td/p/text()', '{value}.encode(\'utf-8\')', null, '2017-05-12 00:26:30');
INSERT INTO `job_template_field` VALUES ('7b8b100e-3577-11e7-81ad-00232490c701', '0', 'songName', '芒仔音乐铺指定音乐的音乐名字', 'varchar', '255', null, '07059670-3577-11e7-81ad-00232490c701', null, null, 'h1/a/text()', null, null, '2017-05-12 00:26:30');
INSERT INTO `job_template_field` VALUES ('7c3b5a9f-3556-11e7-947a-b8aeed2fe120', '0', 'url', '讯多影视详情url', 'varchar', '1024', null, '45e1dade-3554-11e7-947a-b8aeed2fe120', null, null, 'a/@href', null, null, '2017-05-11 16:27:24');
INSERT INTO `job_template_field` VALUES ('7eac5a00-3d72-11e7-bb49-e09467f6dff0', '0', 'name', '名称', 'varchar', '1024', 'test1', 'ae631f9e-3d71-11e7-a148-e09467f6dff0', null, null, 'a /text()', null, null, '2017-05-20 00:00:00');
INSERT INTO `job_template_field` VALUES ('80163542-347c-11e7-81ad-00232490c701', '0', 'detailUrl', '成都海关违法走私信息内容地址', 'varchar', '255', null, '6394fc7e-347c-11e7-81ad-00232490c701', null, null, 'a/@href', null, null, '2017-05-12 00:26:30');
INSERT INTO `job_template_field` VALUES ('80777fb7-354f-11e7-947a-b8aeed2fe120', '0', 'movieDiretor', '热片网导演', 'varchar', '1024', null, '46546268-354e-11e7-947a-b8aeed2fe120', null, null, 'div[@class=\'detail-cols fn-clear\']//div[@class=\'info fn-clear\']/dl[6]/dd//text()', null, null, '2017-05-11 16:27:24');
INSERT INTO `job_template_field` VALUES ('80c0fb09-354e-11e7-947a-b8aeed2fe120', '0', 'movieName', '热片网名称', 'varchar', '1024', null, '46546268-354e-11e7-947a-b8aeed2fe120', null, null, 'div[@class=\'detail-title fn-clear\']/h2/text()', null, null, '2017-05-11 16:27:24');
INSERT INTO `job_template_field` VALUES ('84189db4-355c-11e7-81ad-00232490c701', '0', 'songCompany', '九酷音乐指定音乐的发行公司', 'varchar', '255', null, '79b3bf64-3556-11e7-81ad-00232490c701', '发行公司：(\\S*)', null, 'p[2]/text()', null, null, '2017-05-12 00:26:30');
INSERT INTO `job_template_field` VALUES ('859000f0-3d73-11e7-9187-e09467f6dff0', '0', 'desc', '描述', 'varchar', '5048', 'test1', 'e885a180-3d71-11e7-8f5b-e09467f6dff0', null, null, 'p/text()', null, null, '2017-05-20 00:00:00');
INSERT INTO `job_template_field` VALUES ('86a5fbc0-3557-11e7-81ad-00232490c701', '0', 'songName', '九酷音乐指定音乐的音乐名字', 'varchar', '255', null, '79b3bf64-3556-11e7-81ad-00232490c701', null, null, 'p[1]/a[1]/text()', null, null, '2017-05-12 00:26:30');
INSERT INTO `job_template_field` VALUES ('8b28a601-3549-11e7-81ad-00232490c701', '0', 'songAlbum', 'qq音乐指定音乐的专辑名', 'varchar', '255', null, '76a3bf16-3547-11e7-81ad-00232490c701', null, null, 'ul/li[1]/a/text()', null, null, '2017-05-12 00:26:30');
INSERT INTO `job_template_field` VALUES ('8c870ae1-349d-11e7-aa20-b8aeed2fe120', '0', 'movieDirector', '腾讯视频导演', 'varchar', '1024', null, 'c12161be-3494-11e7-aa20-b8aeed2fe120', null, null, 'div/div[@class=\'result_info\']/div[3]/span[@class=\'content\']//text()', null, null, '2017-05-11 16:27:24');
INSERT INTO `job_template_field` VALUES ('8c870ae1-349d-11e7-aa20-b8aeed2fe1201', '0', 'movieDirector', '腾讯视频导演', 'varchar', '1024', null, '86a400fe-3525-11e7-947a-b8aeed2fe120', null, null, '//ul[@class=\'actor_list cf\']/li[1]//span[1]/@text', null, null, '2017-05-11 16:27:24');
INSERT INTO `job_template_field` VALUES ('8f1fba72-35f9-11e7-81ad-00232490c701', '0', 'detailUrl', '成都出入境检验检疫局行政处罚内容地址', 'varchar', '255', null, '200f8193-35f8-11e7-81ad-00232490c701', null, null, 'td[3]/a/@href', null, null, '2017-05-12 00:26:30');
INSERT INTO `job_template_field` VALUES ('90124651-355f-11e7-947a-b8aeed2fe120', '0', 'movieTime', '琪琪布电影网年代', 'varchar', '1024', null, '8cc9d34c-355e-11e7-947a-b8aeed2fe120', null, null, 'div[@id=\'introduce\']//div[@class=\'info\']/dl[@class=\'gather\']/dd/text()', null, null, '2017-05-11 16:27:24');
INSERT INTO `job_template_field` VALUES ('90388cd6-3545-11e7-97d9-0025ab9a7c2c', '0', 'bookName', '114小说书名', 'varchar', '1024', null, '1e6ec3db-3545-11e7-97d9-0025ab9a7c2c', null, null, 'h2/text()', null, null, '2017-05-11 16:27:24');
INSERT INTO `job_template_field` VALUES ('91adad31-0971-434f-98a0-7faf8da4648b', '0', 'detailUrl', '市农委行政处罚案件信息公开表内容地址', 'varchar', '255', null, '5e69b443-3740-429f-b466-5ccefbfefdb6', null, null, 'a/@href', null, null, '2017-05-12 00:26:31');
INSERT INTO `job_template_field` VALUES ('92b38e12-3551-11e7-97d9-0025ab9a7c2c', '0', 'type', '81中文类型', 'varchar', '1024', null, 'f4f1a890-354e-11e7-97d9-0025ab9a7c2c', null, null, 'div/p[2]/span[2]/text()', null, null, '2017-05-11 16:27:24');
INSERT INTO `job_template_field` VALUES ('93169f60-3572-11e7-81ad-00232490c701', '0', 'songAlbum', '我爱音乐网指定音乐的专辑名', 'varchar', '255', null, '47827cc7-3571-11e7-81ad-00232490c701', null, null, 'p[1]/a[last()]/text()', null, null, '2017-05-12 00:26:31');
INSERT INTO `job_template_field` VALUES ('9420494f-3532-11e7-947a-b8aeed2fe120', '0', 'movieTime', '1905电影年代', 'varchar', '1024', null, 'b99e6a2c-3531-11e7-947a-b8aeed2fe120', null, null, 'ol/li[5]/a/text()', null, null, '2017-05-11 16:27:24');
INSERT INTO `job_template_field` VALUES ('95b4b46c-34b7-11e7-b41d-0025ab9a7c2c', '0', 'author', '小说阅读网作者', 'varchar', '1024', null, 'c53793f4-34b6-11e7-b41d-0025ab9a7c2c', '\\S\\S+', null, 'h1/a/text()', null, null, '2017-05-11 16:27:24');
INSERT INTO `job_template_field` VALUES ('9823f9eb-354e-11e7-81ad-00232490c701', '0', 'songCompany', 'qq音乐指定音乐的发行公司', 'varchar', '255', null, '76a3bf16-3547-11e7-81ad-00232490c701', null, null, 'ul/li[4]/a/text()', null, null, '2017-05-12 00:26:31');
INSERT INTO `job_template_field` VALUES ('9a07df30-3d73-11e7-8066-e09467f6dff0', '0', 'info', '描述', 'varchar', '100', 'test1', 'e885a180-3d71-11e7-8f5b-e09467f6dff0', null, null, 'font/text()', null, null, '2017-05-20 00:00:00');
INSERT INTO `job_template_field` VALUES ('9c975ea3-354d-11e7-81ad-00232490c701', '0', 'songLan', 'qq音乐指定音乐的语种', 'varchar', '255', null, '76a3bf16-3547-11e7-81ad-00232490c701', '语种：(.*)', null, 'ul/li[2]/text()', null, null, '2017-05-12 00:26:31');
INSERT INTO `job_template_field` VALUES ('9d342db3-3531-11e7-947a-b8aeed2fe120', '0', 'url', '1905电影网详情页url', 'varchar', '1024', null, '39feb7d2-3530-11e7-947a-b8aeed2fe120', null, null, 'a/@href', null, null, '2017-05-11 16:27:24');
INSERT INTO `job_template_field` VALUES ('9d41ee95-078d-40e8-95fe-267e24609551', '0', 'pageCount', '成都海关行政许可总页数', 'varchar', '255', null, 'd2756997-06e9-419c-8a10-72f484f48fdc', '(\\d+)', null, 'text()[2]', null, null, '2017-05-12 00:26:31');
INSERT INTO `job_template_field` VALUES ('a0afc251-3560-11e7-947a-b8aeed2fe120', '0', 'movieDiretor', '琪琪布电影网导演', 'varchar', '1024', null, '8cc9d34c-355e-11e7-947a-b8aeed2fe120', null, null, 'div[@id=\'introduce\']//div[@class=\'info\']/dl[@class=\'Type\']/dd/text()', null, null, '2017-05-11 16:27:24');
INSERT INTO `job_template_field` VALUES ('a13e5a8e-3565-11e7-81ad-00232490c701', '0', 'songSinger', '一听音乐指定音乐的歌手名', 'varchar', '255', null, '481ceccb-3565-11e7-81ad-00232490c701', null, null, 'p[@class=\"singer\"]/a/text()', null, null, '2017-05-12 00:26:31');
INSERT INTO `job_template_field` VALUES ('a17ebe5c-352e-11e7-947a-b8aeed2fe120', '0', 'movieTime', '吉吉影音(爱上看电影)年代', 'varchar', '1024', null, '0a3b3e07-352e-11e7-947a-b8aeed2fe120', null, null, 'ul/li[2]/text()', null, null, '2017-05-11 16:27:24');
INSERT INTO `job_template_field` VALUES ('a1dc5a6a-3558-11e7-97d9-0025ab9a7c2c', '0', 'author', '小说大全作者', 'varchar', '1024', null, 'd4aaf892-3556-11e7-97d9-0025ab9a7c2c', null, null, 'div[@class=\'tit_bg\']//span[@class=\'author\']/a/text()', null, null, '2017-05-11 16:27:24');
INSERT INTO `job_template_field` VALUES ('a4415a70-35ea-11e7-81ad-00232490c701', '0', 'songAlbum', '5nd音乐网指定音乐的专辑名', 'varchar', '255', null, '7382a702-35e9-11e7-81ad-00232490c701', null, null, 'div[@class=\"songInfo\"]/ul/li[3]/a/text()', null, null, '2017-05-12 00:26:31');
INSERT INTO `job_template_field` VALUES ('a99043b7-3555-11e7-97d9-0025ab9a7c2c', '0', 'kmUrl', '小说大全详情页', 'varchar', '1024', null, '90a8e36f-3555-11e7-97d9-0025ab9a7c2c', null, null, 'a/@href', null, null, '2017-05-11 16:27:24');
INSERT INTO `job_template_field` VALUES ('aaeb5533-3482-11e7-81ad-00232490c701', '0', 'punishBasis', '处罚依据', 'varchar', '255', null, '7ecef0fa-3481-11e7-81ad-00232490c701', null, null, 'div[4]/span//tr[7]/td[2]/p/text()', null, null, '2017-05-12 00:26:31');
INSERT INTO `job_template_field` VALUES ('b0cb823e-3577-11e7-81ad-00232490c701', '0', 'songSinger', '芒仔音乐铺指定音乐的歌手名', 'varchar', '255', null, '07059670-3577-11e7-81ad-00232490c701', null, null, 'div[@class=\"songInfo\"]/ul/li[2]/a/text()', null, null, '2017-05-12 00:26:31');
INSERT INTO `job_template_field` VALUES ('b68f18fc-355b-11e7-81ad-00232490c701', '0', 'songSinger', '九酷音乐指定音乐的歌手名', 'varchar', '255', null, '79b3bf64-3556-11e7-81ad-00232490c701', null, null, 'p[1]/a[2]/text()', null, null, '2017-05-12 00:26:31');
INSERT INTO `job_template_field` VALUES ('b74fb8e5-3546-11e7-97d9-0025ab9a7c2c', '0', 'type', '114小说类型', 'varchar', '1024', null, '1e6ec3db-3545-11e7-97d9-0025ab9a7c2c', null, null, 'div[@class=\'tags\']/a/text()', null, null, '2017-05-11 16:27:24');
INSERT INTO `job_template_field` VALUES ('b79c4791-352f-11e7-947a-b8aeed2fe120', '0', 'movieDirector', '吉吉影音(爱上看电影)导演', 'varchar', '1024', null, '0a3b3e07-352e-11e7-947a-b8aeed2fe120', null, null, 'ul/li[5]/text()', null, null, '2017-05-11 16:27:24');
INSERT INTO `job_template_field` VALUES ('b8d34478-3481-11e7-81ad-00232490c701', '0', 'punishTime', '行政处罚时间', 'varchar', '255', null, '7ecef0fa-3481-11e7-81ad-00232490c701', '发布时间：(.*)', null, 'div[@class=\"detailTime\"]/text()', '{value}.encode(\'utf-8\')', null, '2017-05-12 00:26:31');
INSERT INTO `job_template_field` VALUES ('ba9a32cc-3611-11e7-81ad-00232490c701', '0', 'penaltyGrounds', '处罚事由', null, null, null, '48bdb527-35fb-11e7-81ad-00232490c701', '：(.*)', null, 'tr[4]/td/p/text()', '{value}.encode(\'utf-8\')', null, '2017-05-12 00:26:31');
INSERT INTO `job_template_field` VALUES ('c00fbcd0-3523-11e7-947a-b8aeed2fe120', '0', 'modieName', '中国高清名称', 'varchar', '1024', null, 'a17e9d1d-3523-11e7-947a-b8aeed2fe120', null, null, 'span[1]/text()', null, null, '2017-05-11 16:27:24');
INSERT INTO `job_template_field` VALUES ('c054cc2d-3616-11e7-81ad-00232490c701', '0', 'performanceCategory', '执行情况类别', null, null, null, '48bdb527-35fb-11e7-81ad-00232490c701', '：(.*)', null, 'tr[8]/td/p/text()', '{value}.encode(\'utf-8\')', null, '2017-05-12 00:26:31');
INSERT INTO `job_template_field` VALUES ('c18e1060-3532-11e7-97d9-0025ab9a7c2c', '0', 'url144', '114小说详情地址', 'varchar', '1024', null, 'b3bb56ae-3532-11e7-97d9-0025ab9a7c2c', null, null, 'a[@target=\'_blank\']/@href', null, null, '2017-05-11 16:27:24');
INSERT INTO `job_template_field` VALUES ('c444f660-357d-11e7-81ad-00232490c701', '0', 'songName', '想听音乐网指定音乐的音乐名字', 'varchar', '255', null, 'fca9bb42-357b-11e7-81ad-00232490c701', null, null, 'a[1]/span/text()', null, null, '2017-05-12 00:26:32');
INSERT INTO `job_template_field` VALUES ('c5f4904f-3465-11e7-a9f6-e09467f6dff0', '0', 'desc', '描述', 'varchar', '5048', 'test1', '01cd3891-3464-11e7-8d06-e09467f6dff0', null, null, 'div[@class=\'f13\']//text()', null, null, '2017-05-09 11:12:56');
INSERT INTO `job_template_field` VALUES ('ca21047a-3565-11e7-81ad-00232490c701', '0', 'songAlbum', '一听音乐指定音乐的专辑名', 'varchar', '255', null, '481ceccb-3565-11e7-81ad-00232490c701', null, null, 'p[@class=\"album\"]/a/text()', null, null, '2017-05-12 00:26:32');
INSERT INTO `job_template_field` VALUES ('cb3a03a0-3482-11e7-81ad-00232490c701', '0', 'punishDesc', '违法详情描述', 'varchar', '1024', null, '7ecef0fa-3481-11e7-81ad-00232490c701', null, null, 'div[4]/span//tr[6]/td[2]/p/text()', null, null, '2017-05-12 00:26:32');
INSERT INTO `job_template_field` VALUES ('cb9aaf16-354e-11e7-81ad-00232490c701', '0', 'songPublicTime', 'qq音乐指定音乐的发行时间', 'varchar', '255', null, '76a3bf16-3547-11e7-81ad-00232490c701', '发行时间：(.*)', null, 'ul/li[last()]/text()', null, null, '2017-05-12 00:26:32');
INSERT INTO `job_template_field` VALUES ('cd5fc991-3615-11e7-81ad-00232490c701', '0', 'penaltyBasis', '处罚依据', null, null, null, '48bdb527-35fb-11e7-81ad-00232490c701', '：(.*)', null, 'tr[6]/td/p/text()', '{value}.encode(\'utf-8\')', null, '2017-05-12 00:26:32');
INSERT INTO `job_template_field` VALUES ('cdda2ac6-35ea-11e7-81ad-00232490c701', '0', 'songUploadTime', '5nd音乐网指定音乐的上传时间', 'varchar', '255', null, '7382a702-35e9-11e7-81ad-00232490c701', '发行时间：(.*)', null, 'div[@class=\"songInfo\"]/ul/li[4]/text()', null, null, '2017-05-12 00:26:32');
INSERT INTO `job_template_field` VALUES ('ce6dde78-3467-11e7-81ad-00232490c701', '0', 'grantTime', '授予时间', 'varchar', '1024', null, 'ef50c529-4e6e-4113-9f54-2270e54d7e2d', null, null, 'div[last()]/span/text()[5]', '{value}.encode(\'utf-8\')', null, '2017-05-12 00:26:32');
INSERT INTO `job_template_field` VALUES ('d212398b-352d-11e7-947a-b8aeed2fe120', '0', 'url', '吉吉影音(爱上看电影)详情页url', 'varchar', '1024', null, '65ade85c-3528-11e7-947a-b8aeed2fe120', null, null, 'a/@href', null, null, '2017-05-11 16:27:24');
INSERT INTO `job_template_field` VALUES ('d53a97c8-357b-11e7-81ad-00232490c701', '0', 'songUrl', '想听音乐网搜索到的第一个音乐的详情地址', 'varchar', '255', null, '7bc0d842-357b-11e7-81ad-00232490c701', null, null, '@href', null, null, '2017-05-12 00:26:32');
INSERT INTO `job_template_field` VALUES ('d580f6ba-3571-11e7-81ad-00232490c701', '0', 'songName', '我爱音乐网指定音乐的音乐名字', 'varchar', '255', null, '47827cc7-3571-11e7-81ad-00232490c701', null, null, 'div[1]/h1/text()', null, null, '2017-05-12 00:26:32');
INSERT INTO `job_template_field` VALUES ('d81d8671-3530-11e7-97d9-0025ab9a7c2c', '0', 'type', '咪咕类型', 'varchar', '1024', null, 'eac8e8a3-352e-11e7-97d9-0025ab9a7c2c', null, null, 'p/span[1]/a/text()', null, null, '2017-05-11 16:27:24');
INSERT INTO `job_template_field` VALUES ('d92756bc-355f-11e7-97d9-0025ab9a7c2c', '0', 'author', '鲸鱼中文作者', 'varchar', '1024', null, '93b6d456-355e-11e7-97d9-0025ab9a7c2c', null, null, 'div[@class=\'brief\']/span/a[1]/text()', null, null, '2017-05-11 16:27:24');
INSERT INTO `job_template_field` VALUES ('d92d16b0-372c-4ff2-a6df-31ac7fff7cc8', '0', 'pageCount', '市农委行政处罚案件总页数', 'varchar', '255', null, 'c5b197b8-a74b-49a4-8895-3509a976b8f3', 'index_(\\d)\\.html', null, '@href', null, null, '2017-05-12 00:26:32');
INSERT INTO `job_template_field` VALUES ('db492522-355b-11e7-81ad-00232490c701', '0', 'songAlbum', '九酷音乐指定音乐的专辑名', 'varchar', '255', null, '79b3bf64-3556-11e7-81ad-00232490c701', null, null, 'p[1]/a[3]/text()', null, null, '2017-05-12 00:26:32');
INSERT INTO `job_template_field` VALUES ('dbf7d968-c0f8-4bd6-8461-9e63f2dd3a55', '0', 'pdfUrl', '市安监局案件信息pdf附件地址', 'varchar', '255', null, '7ec22330-f120-49bb-888a-5c8d33fc95bc', null, null, '@href', null, null, '2017-05-12 00:26:32');
INSERT INTO `job_template_field` VALUES ('dc2b7d71-355c-11e7-81ad-00232490c701', '0', 'songPublicTime', '九酷音乐指定音乐的发行时间', 'varchar', '255', null, '79b3bf64-3556-11e7-81ad-00232490c701', '发行时间：(\\S*)', null, 'p[2]/text()', null, null, '2017-05-12 00:26:32');
INSERT INTO `job_template_field` VALUES ('dea20b0d-354d-11e7-81ad-00232490c701', '0', 'songGenre', 'qq音乐指定音乐的流派', 'varchar', '255', null, '76a3bf16-3547-11e7-81ad-00232490c701', '流派：(.*)', null, 'ul/li[3]/text()', null, null, '2017-05-12 00:26:33');
INSERT INTO `job_template_field` VALUES ('e1023e31-ba4c-4940-b97a-75b382bf35f3', '0', 'detailUrl', '市安监局案件信息内容地址', 'varchar', '255', null, '2f4f7d28-451d-4006-86ef-49b50872d458', null, null, 'a/@href', null, null, '2017-05-12 00:26:33');
INSERT INTO `job_template_field` VALUES ('e1a367f8-3557-11e7-947a-b8aeed2fe120', '0', 'movieName', '讯多影视名称', 'varchar', '1024', null, 'fa463989-3556-11e7-947a-b8aeed2fe120', null, null, 'h1/text()', null, null, '2017-05-11 16:27:24');
INSERT INTO `job_template_field` VALUES ('e4482cb7-354d-11e7-947a-b8aeed2fe120', '0', 'url', '热片网详情url', 'varchar', '1024', null, '41a1ad3e-354d-11e7-947a-b8aeed2fe120', null, null, 'a/@href', null, null, '2017-05-11 16:27:24');
INSERT INTO `job_template_field` VALUES ('e473bd48-3523-11e7-947a-b8aeed2fe120', '0', 'movieTime', '中国高清年代', 'varchar', '1024', null, 'a17e9d1d-3523-11e7-947a-b8aeed2fe120', null, null, 'span[3]/text()', null, null, '2017-05-11 16:27:24');
INSERT INTO `job_template_field` VALUES ('e5d7a7e6-35e9-11e7-81ad-00232490c701', '0', 'songName', '5nd音乐网指定音乐的音乐名字', 'varchar', '255', null, '7382a702-35e9-11e7-81ad-00232490c701', null, null, 'h1/a/text()', null, null, '2017-05-12 00:26:33');
INSERT INTO `job_template_field` VALUES ('e8b2cc54-3556-11e7-97d9-0025ab9a7c2c', '0', 'bookName', '小说大全书名', 'varchar', '1024', null, 'd4aaf892-3556-11e7-97d9-0025ab9a7c2c', '《(.+)》', null, 'div[@class=\'tit_bg\']/h2', null, null, '2017-05-11 16:27:24');
INSERT INTO `job_template_field` VALUES ('ea276ee3-3576-11e7-81ad-00232490c701', '0', 'songUrl', '芒仔音乐铺搜索到的第一个音乐的详情地址', 'varchar', '255', null, 'ae78b7e4-3576-11e7-81ad-00232490c701', null, null, '@href', null, null, '2017-05-12 00:26:33');
INSERT INTO `job_template_field` VALUES ('eae97a1c-3482-11e7-81ad-00232490c701', '0', 'punishType', '行政处罚类型', 'varchar', '255', null, '7ecef0fa-3481-11e7-81ad-00232490c701', null, null, 'div[4]/span//tr[4]/td[2]/p/text()', null, null, '2017-05-12 00:26:33');
INSERT INTO `job_template_field` VALUES ('ecdf75f6-355f-11e7-97d9-0025ab9a7c2c', '0', 'type', '鲸鱼中文类型', 'varchar', '1024', null, '93b6d456-355e-11e7-97d9-0025ab9a7c2c', null, null, 'div[@class=\'brief\']/span/a[2]/text()', null, null, '2017-05-11 16:27:24');
INSERT INTO `job_template_field` VALUES ('ef9adce9-3481-11e7-81ad-00232490c701', '0', 'punishUnit', '行政处罚单位', 'varchar', '255', null, '7ecef0fa-3481-11e7-81ad-00232490c701', null, null, 'div[4]/span//tr[1]/td[4]/p/text()', null, null, '2017-05-12 00:26:33');
INSERT INTO `job_template_field` VALUES ('f2153a33-357d-11e7-81ad-00232490c701', '0', 'songSinger', '想听音乐网指定音乐的歌手名', 'varchar', '255', null, 'fca9bb42-357b-11e7-81ad-00232490c701', null, null, 'span[3]/a/span/text()', null, null, '2017-05-12 00:26:33');
INSERT INTO `job_template_field` VALUES ('f42638f6-3467-11e7-81ad-00232490c701', '0', 'principalNo', '主体执照注册号', 'varchar', '255', null, 'ef50c529-4e6e-4113-9f54-2270e54d7e2d', null, null, 'div[last()]/span/text()[1]', null, null, '2017-05-12 00:26:33');
INSERT INTO `job_template_field` VALUES ('f51534b1-3d5d-11e7-b1e4-e09467f6dff0', '0', 'content', '内容', 'varchar', '5048', 'test1', 'f5150da1-3d5d-11e7-af9c-e09467f6dff0', null, null, './text()', null, null, '2017-05-09 11:12:56');
INSERT INTO `job_template_field` VALUES ('f5155bc0-3d5d-11e7-9ae1-e09467f6dff0', '0', 'name', '名称', 'varchar', '5048', 'test1', 'f5150da1-3d5d-11e7-af9c-e09467f6dff0', null, null, 'div[@class=\'op_zx_gaokao\']/h3/a//text()', null, null, null);
INSERT INTO `job_template_field` VALUES ('f5155bc2-3d5d-11e7-8ba7-e09467f6dff0', '0', 'desc', '描述', 'varchar', '5048', 'test1', 'f5150da1-3d5d-11e7-af9c-e09467f6dff0', null, null, 'div[@class=\'op_zx_gaokao\']/p//text()', null, null, '2017-05-09 11:12:56');
INSERT INTO `job_template_field` VALUES ('f5586b4f-3d75-11e7-bf8e-e09467f6dff0', '0', 'pageCount', '总数', 'varchar', '255', 'test1', 'e885a180-3d71-11e7-8f5b-e09467f6dff0', null, null, '//span[@class=\'default_pgTotalPage\']/text()', null, null, '2017-04-14 00:00:00');
INSERT INTO `job_template_field` VALUES ('f747f914-3489-11e7-81ad-00232490c701', '0', 'pageCount', '成都出入境检验检疫局行政处罚总页数', 'varchar', '255', null, '6cba3e48-3488-11e7-81ad-00232490c701', '\\d/(\\d+)页', null, 'div/text()', '{value}.encode(\'utf-8\')', null, '2017-05-12 00:26:33');
INSERT INTO `job_template_field` VALUES ('fb86c0d5-3616-11e7-81ad-00232490c701', '0', 'penaltyOrgan', '处罚决定机关', null, null, null, '48bdb527-35fb-11e7-81ad-00232490c701', '：(.*)', null, 'tr[9]/td/p/text()', '{value}.encode(\'utf-8\')', null, '2017-05-12 00:26:33');

-- ----------------------------
-- Table structure for job_template_param
-- ----------------------------
DROP TABLE IF EXISTS `job_template_param`;
CREATE TABLE `job_template_param` (
  `ID` varchar(50) NOT NULL,
  `DEL_FLAG` tinyint(1) DEFAULT NULL,
  `PARAM_NAME_EN` varchar(255) DEFAULT NULL,
  `PARAM_NAME_CN` varchar(255) DEFAULT NULL,
  `PARAM_VALUE` varchar(255) DEFAULT NULL,
  `PARAM_CONDITION` varchar(255) DEFAULT NULL,
  `NEXT_PARAM_VALUE` varchar(255) DEFAULT NULL,
  `CREATE_TIME` datetime DEFAULT NULL,
  `CREATE_USER_ID` varchar(50) DEFAULT NULL,
  `TYPE` varchar(5) DEFAULT NULL,
  `JOB_TEMPLATE_ID` varchar(50) DEFAULT NULL,
  PRIMARY KEY (`ID`)
) ENGINE=InnoDB DEFAULT CHARSET=utf8;

-- ----------------------------
-- Records of job_template_param
-- ----------------------------
INSERT INTO `job_template_param` VALUES ('04978e50-cce2-4604-8664-55dad3d84574', null, 'pageIndex', '市安监局案件信息第pageIndex页', '2', '{pageIndex}<={pageCount}', '{pageIndex}+1', null, null, null, '2f4f7d28-451d-4006-86ef-49b50872d458');
INSERT INTO `job_template_param` VALUES ('608de0a5-e13b-457f-8ee3-90683b8d6a82', null, 'pageIndex', '成都海关行政许可第pageIndex页', '2', '{pageIndex}<={pageCount}', '{pageIndex}+1', null, null, null, '58a05936-3dcb-4906-a27b-b3aeaa4124c0');
INSERT INTO `job_template_param` VALUES ('67f1a464-35fa-11e7-81ad-00232490c701', null, 'pageIndex', '成都出入境检验检疫局行政处罚第pageIndex页', '2', '{pageIndex}<={pageCount}', '{pageIndex}+1', null, null, null, '236f8237-35fa-11e7-81ad-00232490c701');
INSERT INTO `job_template_param` VALUES ('74bb429f-4cae-45d1-ad39-b16a3a9b0fd7', '0', 'pageIndex', '市农委行政处罚案件第pageIndex+1页', '1', '{pageIndex}<={pageCount}', '{pageIndex}+1', null, null, '0', 'bf0b362b-c6ee-4f2f-9693-fe82ba424bb6');
INSERT INTO `job_template_param` VALUES ('b330624f-3d75-11e7-8e60-e09467f6dff0', '0', 'pageNo', '页数', '{pageNo}+1', '{pageNo}+1<{pageCount}', '', '0000-00-00 00:00:00', 'test1', '0', null);
INSERT INTO `job_template_param` VALUES ('d691bb15-347c-11e7-81ad-00232490c701', null, 'pageIndex', '成都海关违法走私信息第pageIndex页', '2', '{pageIndex}<={pageCount}', '{pageIndex}+1', null, null, null, 'af654225-347c-11e7-81ad-00232490c701');

-- ----------------------------
-- Table structure for log_info
-- ----------------------------
DROP TABLE IF EXISTS `log_info`;
CREATE TABLE `log_info` (
  `ID` varchar(50) NOT NULL,
  `DEL_FLAG` tinyint(1) DEFAULT NULL,
  `CREATE_TIME` datetime DEFAULT CURRENT_TIMESTAMP,
  `USER_ID` varchar(50) DEFAULT NULL,
  `OBJECT_ID` varchar(50) DEFAULT NULL,
  `CONTENT` varchar(2048) DEFAULT NULL,
  `TYPE` varchar(5) DEFAULT NULL,
  PRIMARY KEY (`ID`)
) ENGINE=InnoDB DEFAULT CHARSET=utf8;

-- ----------------------------
-- Records of log_info
-- ----------------------------

-- ----------------------------
-- Table structure for proxy_info
-- ----------------------------
DROP TABLE IF EXISTS `proxy_info`;
CREATE TABLE `proxy_info` (
  `id` varchar(50) NOT NULL,
  `host_name` varchar(255) DEFAULT NULL,
  `port` varchar(8) DEFAULT NULL,
  `del_flag` tinyint(1) DEFAULT '0',
  `task_job_id` varchar(50) DEFAULT NULL,
  `create_time` datetime DEFAULT NULL,
  `user_name` varchar(255) DEFAULT NULL,
  `password` varchar(255) DEFAULT NULL,
  `auth_url` varchar(255) DEFAULT NULL,
  `type` varchar(5) DEFAULT NULL,
  `file_id` varchar(50) DEFAULT NULL,
  PRIMARY KEY (`id`)
) ENGINE=InnoDB DEFAULT CHARSET=utf8;

-- ----------------------------
-- Records of proxy_info
-- ----------------------------

-- ----------------------------
-- Table structure for p_area
-- ----------------------------
DROP TABLE IF EXISTS `p_area`;
CREATE TABLE `p_area` (
  `ID` varchar(50) NOT NULL,
  `DEL_FLAG` tinyint(1) DEFAULT NULL,
  `CREATE_TIME` datetime DEFAULT NULL,
  `PROVINCE` varchar(8) DEFAULT NULL,
  `CITY` varchar(8) DEFAULT NULL,
  `COUNTRY` varchar(8) DEFAULT NULL,
  `LAT` double DEFAULT NULL,
  `LNG` double DEFAULT NULL,
  `CODE` varchar(20) DEFAULT NULL,
  PRIMARY KEY (`ID`)
) ENGINE=InnoDB DEFAULT CHARSET=utf8;

-- ----------------------------
-- Records of p_area
-- ----------------------------

-- ----------------------------
-- Table structure for p_base_info
-- ----------------------------
DROP TABLE IF EXISTS `p_base_info`;
CREATE TABLE `p_base_info` (
  `ID` varchar(50) NOT NULL,
  `DEL_FLAG` tinyint(1) DEFAULT '0',
  `CREATE_TIME` datetime DEFAULT NULL,
  `TYPE` varchar(100) DEFAULT NULL,
  `URL` varchar(512) DEFAULT NULL,
  `MATCH_DEGREE` varchar(10) DEFAULT NULL,
  `FIELD_ID` varchar(50) DEFAULT NULL,
  `FIELD_VALUE` varchar(512) DEFAULT NULL,
  `TASK_JOB_ID` varchar(50) DEFAULT NULL,
  PRIMARY KEY (`ID`)
) ENGINE=InnoDB DEFAULT CHARSET=utf8;

-- ----------------------------
-- Records of p_base_info
-- ----------------------------

-- ----------------------------
-- Table structure for p_content_info
-- ----------------------------
DROP TABLE IF EXISTS `p_content_info`;
CREATE TABLE `p_content_info` (
  `ID` varchar(50) NOT NULL,
  `DEL_FLAG` tinyint(1) DEFAULT '0',
  `CREATE_TIME` datetime DEFAULT CURRENT_TIMESTAMP,
  `TYPE` varchar(100) DEFAULT NULL,
  `URL` varchar(512) DEFAULT NULL,
  `MATCH_DEGREE` varchar(10) DEFAULT NULL,
  `FIELD_ID` varchar(512) DEFAULT NULL,
  `FIELD_VALUE` varchar(255) DEFAULT NULL,
  `FIELD_FLAG` varchar(5) DEFAULT NULL,
  `TASK_JOB_ID` varchar(50) DEFAULT NULL,
  PRIMARY KEY (`ID`)
) ENGINE=InnoDB DEFAULT CHARSET=utf8;

-- ----------------------------
-- Records of p_content_info
-- ----------------------------

-- ----------------------------
-- Table structure for p_field_weight
-- ----------------------------
DROP TABLE IF EXISTS `p_field_weight`;
CREATE TABLE `p_field_weight` (
  `ID` varchar(50) NOT NULL DEFAULT '0',
  `DEL_FLAG` tinyint(1) DEFAULT NULL,
  `CREATE_TIME` datetime DEFAULT NULL,
  `FIELD_NAME_EN` varchar(512) DEFAULT NULL,
  `FIELD_NAME_CN` varchar(512) DEFAULT NULL,
  `TYPE` varchar(8) DEFAULT NULL,
  `WEIGHT` double DEFAULT NULL,
  `TASK_JOB_ID` varchar(50) DEFAULT NULL,
  PRIMARY KEY (`ID`)
) ENGINE=InnoDB DEFAULT CHARSET=utf8;

-- ----------------------------
-- Records of p_field_weight
-- ----------------------------
INSERT INTO `p_field_weight` VALUES ('1', '0', '2017-05-12 00:16:14', 'movieDirector', '导演', '0', '6', null);
INSERT INTO `p_field_weight` VALUES ('2', '0', '2017-05-12 00:17:30', 'movieName', '名称', '0', '2', null);
INSERT INTO `p_field_weight` VALUES ('3', '0', '2017-05-12 00:17:30', 'movieTime', '年代', '0', '2', null);
INSERT INTO `p_field_weight` VALUES ('4', '0', '2017-05-12 00:28:58', 'songAlbum', '专辑名', '1', null, null);

-- ----------------------------
-- Table structure for p_ip_storage
-- ----------------------------
DROP TABLE IF EXISTS `p_ip_storage`;
CREATE TABLE `p_ip_storage` (
  `ID` varchar(50) NOT NULL,
  `DEL_FLAG` tinyint(4) DEFAULT NULL,
  `CREATE_TIME` datetime DEFAULT NULL,
  `HOST_NAME` varchar(100) DEFAULT NULL,
  `IP` varchar(100) DEFAULT NULL,
  `PORT` varchar(6) DEFAULT NULL,
  `AREA_ID` varchar(50) DEFAULT NULL,
  PRIMARY KEY (`ID`)
) ENGINE=InnoDB DEFAULT CHARSET=utf8;

-- ----------------------------
-- Records of p_ip_storage
-- ----------------------------

-- ----------------------------
-- Table structure for p_save_evidence
-- ----------------------------
DROP TABLE IF EXISTS `p_save_evidence`;
CREATE TABLE `p_save_evidence` (
  `ID` varchar(50) NOT NULL,
  `DEL_FLAG` tinyint(1) DEFAULT '0',
  `CREATE_TIME` datetime DEFAULT NULL,
  `STATUS` varchar(100) DEFAULT NULL,
  `URL` varchar(512) DEFAULT NULL,
  `KEY` varchar(512) DEFAULT NULL,
  PRIMARY KEY (`ID`)
) ENGINE=InnoDB DEFAULT CHARSET=utf8;

-- ----------------------------
-- Records of p_save_evidence
-- ----------------------------

-- ----------------------------
-- Table structure for p_search_task_job
-- ----------------------------
DROP TABLE IF EXISTS `p_search_task_job`;
CREATE TABLE `p_search_task_job` (
  `ID` varchar(50) NOT NULL,
  `NAME` varchar(255) DEFAULT NULL COMMENT '任务名称',
  `KEY` varchar(255) DEFAULT NULL COMMENT '关键词',
  `DEL_FLAG` tinyint(1) DEFAULT NULL,
  `create_time` datetime DEFAULT NULL COMMENT '创建时间',
  `STATUS` varchar(255) DEFAULT NULL COMMENT '是否存证',
  `EXECUTE_STATUS` varchar(255) DEFAULT NULL,
  `TYPE` varchar(5) DEFAULT NULL COMMENT '类型',
  `CREATE_USER_ID` varchar(50) DEFAULT NULL,
  `child_ids` varchar(1024) DEFAULT NULL,
  PRIMARY KEY (`ID`)
) ENGINE=InnoDB DEFAULT CHARSET=utf8;

-- ----------------------------
-- Records of p_search_task_job
-- ----------------------------
INSERT INTO `p_search_task_job` VALUES ('1', 'key', '非常完美', '0', null, '5', null, '0', null, '072241de-34b6-11e7-b41d-0025ab9a7c2c,2847be6c-3498-11e7-9285-0025ab9a7c2c,39feb7d2-3530-11e7-947a-b8aeed2fe120,41a1ad3e-354d-11e7-947a-b8aeed2fe120,45e1dade-3554-11e7-947a-b8aeed2fe120,65ade85c-3528-11e7-947a-b8aeed2fe120,740532f2-355d-11e7-947a-b8aeed2fe120,90a8e36f-3555-11e7-97d9-0025ab9a7c2c,93b6d456-355e-11e7-97d9-0025ab9a7c2c,b3bb56ae-3532-11e7-97d9-0025ab9a7c2c,c12161be-3494-11e7-aa20-b8aeed2fe120,c283b2c4-3521-11e7-947a-b8aeed2fe120,f4f1a890-354e-11e7-97d9-0025ab9a7c2c,ffe68206-352d-11e7-97d9-0025ab9a7c2c');
INSERT INTO `p_search_task_job` VALUES ('19c8cd80-3b42-11e7-bbcd-e09467f6dff0', 'ffffff', 'ffffff', '0', '2017-05-18 04:47:54', '6', '1', '0', null, null);
INSERT INTO `p_search_task_job` VALUES ('2', 'eeee', '人民的名义', '0', '2017-05-18 04:40:26', '5', '0', '0', null, null);
INSERT INTO `p_search_task_job` VALUES ('29ce48f0-3baf-11e7-bf58-e09467f6dff0', '搜索', '2016高考答案', '0', '2017-05-18 17:48:36', '5', '0', '4', null, null);
INSERT INTO `p_search_task_job` VALUES ('3', 'aaaaa', '高考答案', '0', '2017-05-18 04:26:57', '5', '0', '4', null, null);
INSERT INTO `p_search_task_job` VALUES ('3200bc61-3952-11e7-bb16-e09467f6dff0', '2', '3', '0', '2017-05-15 16:45:51', '5', null, '0', null, null);
INSERT INTO `p_search_task_job` VALUES ('32214861-3a31-11e7-a62f-e09467f6dff0', 'asdasd123', 'asdasd123', '0', '2017-05-16 20:14:22', '6', '1', '0', null, null);
INSERT INTO `p_search_task_job` VALUES ('4d6c3b61-3938-11e7-b667-e09467f6dff0', '123', '1', '0', '2017-05-15 14:32:43', '0', null, '0', null, null);
INSERT INTO `p_search_task_job` VALUES ('55b65270-3a31-11e7-b73e-e09467f6dff0', '12312asdasd', 'asd123123123', '0', '2017-05-16 20:15:22', '5', '1', '0', null, null);
INSERT INTO `p_search_task_job` VALUES ('60b700ee-395c-11e7-aa53-e09467f6dff0', '22', '2', '0', '2017-05-15 18:50:58', '5', null, '0', null, null);
INSERT INTO `p_search_task_job` VALUES ('60c5c911-3b40-11e7-a663-e09467f6dff0', 'ccccc', 'c\'c\'c\'c', '0', '2017-05-18 04:35:34', '5', '0', '0', null, null);
INSERT INTO `p_search_task_job` VALUES ('6e568500-3a2e-11e7-9734-e09467f6dff0', 'asdasdasdasd', 'asdasd123123', '0', '2017-05-16 19:54:35', '5', null, '0', null, null);
INSERT INTO `p_search_task_job` VALUES ('7e68d8cf-3b37-11e7-8f68-e09467f6dff0', '1111', '1111', '0', '2017-05-18 03:31:58', '5', '1', '3', null, null);
INSERT INTO `p_search_task_job` VALUES ('939576f0-395c-11e7-9f39-e09467f6dff0', '23', '2324', '0', '2017-05-15 18:52:23', '5', null, '0', null, null);
INSERT INTO `p_search_task_job` VALUES ('9614a2cf-3b40-11e7-9799-e09467f6dff0', 'ddd', 'd\'d\'d', '0', '2017-05-18 04:37:04', '6', '1', '0', null, null);
INSERT INTO `p_search_task_job` VALUES ('af4f1e1e-390f-11e7-b0f4-e09467f6dff0', '1', '1', '0', '2017-05-15 09:41:58', '0', null, '0', null, null);
INSERT INTO `p_search_task_job` VALUES ('c36ef74f-3b3e-11e7-9f12-e09467f6dff0', 'testSvaecernt', 'testSvaecernt', '0', '2017-05-18 04:24:01', '5', '0', '2', null, null);
INSERT INTO `p_search_task_job` VALUES ('d4e01840-395c-11e7-b6a3-e09467f6dff0', '2', '2', '0', '2017-05-15 18:54:12', '6', '1', '0', null, null);
INSERT INTO `p_search_task_job` VALUES ('dbeccd1e-3a30-11e7-b8ae-e09467f6dff0', '3123123', '12314123123', '0', '2017-05-16 20:11:58', '5', null, '0', null, null);
INSERT INTO `p_search_task_job` VALUES ('e8782830-3938-11e7-82bd-e09467f6dff0', '124123', '1', '0', '2017-05-15 14:37:03', '0', null, '1', null, null);
INSERT INTO `p_search_task_job` VALUES ('ef2c845e-3b3f-11e7-9684-e09467f6dff0', 'bbbbb', 'bbbbb', '0', '2017-05-18 04:32:23', '6', '1', '0', null, null);
INSERT INTO `p_search_task_job` VALUES ('f129a18f-394a-11e7-b216-e09467f6dff0', '123', '1', '0', '2017-05-15 16:45:51', '5', null, '0', null, null);
INSERT INTO `p_search_task_job` VALUES ('f3acc6f0-3a2f-11e7-9c4e-e09467f6dff0', '345', '123', '0', '2017-05-16 20:05:28', '6', '1', '0', null, null);
INSERT INTO `p_search_task_job` VALUES ('f56397a1-3b40-11e7-8db9-e09467f6dff0', 'ccccc', 'ccccc', '0', '2017-05-18 04:39:43', '5', '0', '0', null, null);
INSERT INTO `p_search_task_job` VALUES ('feca4721-3b19-11e7-8aac-e09467f6dff0', '123123', '123', '0', '2017-05-18 00:00:49', '5', '1', '3', null, null);

-- ----------------------------
-- Table structure for p_task_flow
-- ----------------------------
DROP TABLE IF EXISTS `p_task_flow`;
CREATE TABLE `p_task_flow` (
  `ID` varchar(50) NOT NULL,
  `DEL_FLAG` tinyint(1) DEFAULT '0',
  `TASK_JOB_ID` varchar(50) DEFAULT NULL,
  `STATUS` varchar(5) DEFAULT NULL,
  `CREATE_TIME` datetime DEFAULT NULL,
  `FLOW_NAME` varchar(50) DEFAULT NULL,
  `PARENT_ID` varchar(50) DEFAULT '-1',
  PRIMARY KEY (`ID`)
) ENGINE=InnoDB DEFAULT CHARSET=utf8;

-- ----------------------------
-- Records of p_task_flow
-- ----------------------------

-- ----------------------------
-- Table structure for p_white_and_black_list
-- ----------------------------
DROP TABLE IF EXISTS `p_white_and_black_list`;
CREATE TABLE `p_white_and_black_list` (
  `ID` varchar(50) NOT NULL,
  `DEL_FLAG` tinyint(1) DEFAULT '0',
  `IP` varchar(50) DEFAULT NULL,
  `PORT` varchar(255) DEFAULT NULL,
  `CREATE_TIME` datetime DEFAULT NULL,
  `TYPE` varchar(50) DEFAULT NULL,
  `HOST_NAME` varchar(50) DEFAULT NULL,
  `object_id` varchar(1024) DEFAULT NULL COMMENT '名单id',
  `object_type` varchar(1024) DEFAULT NULL COMMENT '白名单还是黑屏单1，是白 2是黑',
  PRIMARY KEY (`ID`)
) ENGINE=InnoDB DEFAULT CHARSET=utf8;

-- ----------------------------
-- Records of p_white_and_black_list
-- ----------------------------
INSERT INTO `p_white_and_black_list` VALUES ('1', '0', '', null, '2017-05-12 00:57:17', '0', null, null, null);

-- ----------------------------
-- Table structure for s_anti_vice_info
-- ----------------------------
DROP TABLE IF EXISTS `s_anti_vice_info`;
CREATE TABLE `s_anti_vice_info` (
  `ID` varchar(50) NOT NULL,
  `DEL_FLAG` tinyint(1) NOT NULL,
  `CREATE_TIME` datetime NOT NULL,
  `TOTAL_CNT` int(11) DEFAULT '0',
  `WEB_CNT` int(11) DEFAULT '0',
  `IMG_CNT` int(11) DEFAULT '0',
  `VIDEO_CNT` int(11) DEFAULT NULL,
  `TEXT_CNT` int(11) DEFAULT NULL,
  `SAVED_CNT` int(11) DEFAULT NULL,
  `ANTI_VICE_CNT` int(11) DEFAULT NULL,
  `INT_SURVEILLANCE_CNT` int(11) DEFAULT NULL,
  PRIMARY KEY (`ID`)
) ENGINE=InnoDB DEFAULT CHARSET=utf8;

-- ----------------------------
-- Records of s_anti_vice_info
-- ----------------------------
INSERT INTO `s_anti_vice_info` VALUES ('44', '0', '2017-05-10 11:26:19', '54782', '13372', '13184', '14488', '13738', '13279', '13668', '14017');

-- ----------------------------
-- Table structure for s_area
-- ----------------------------
DROP TABLE IF EXISTS `s_area`;
CREATE TABLE `s_area` (
  `ID` varchar(50) NOT NULL,
  `CITY_ID` varchar(50) DEFAULT NULL,
  `LAT` double DEFAULT NULL,
  `LNG` double DEFAULT NULL,
  `CODE` varchar(20) DEFAULT NULL,
  PRIMARY KEY (`ID`)
) ENGINE=InnoDB DEFAULT CHARSET=utf8;

-- ----------------------------
-- Records of s_area
-- ----------------------------
INSERT INTO `s_area` VALUES ('1', '320500', '120.37', '31.19', 'utf8');
INSERT INTO `s_area` VALUES ('10', '610100', '108.57', '34.16', 'utf8');
INSERT INTO `s_area` VALUES ('11', '440300', '114.04', '22.37', 'utf8');
INSERT INTO `s_area` VALUES ('12', '442000', '113.23', '22.31', 'utf8');
INSERT INTO `s_area` VALUES ('13', '441900', '113.45', '23.02', 'utf8');
INSERT INTO `s_area` VALUES ('14', '510100', '104.04', '30.4', 'utf8');
INSERT INTO `s_area` VALUES ('15', '310100', '121.29', '31.13', 'utf8');
INSERT INTO `s_area` VALUES ('16', 'HK_01', '114.06', '22.12', 'utf8');
INSERT INTO `s_area` VALUES ('17', '101', '0', '0', 'utf8');
INSERT INTO `s_area` VALUES ('18', '350100', '119.18', '26.05', 'utf8');
INSERT INTO `s_area` VALUES ('19', '520100', '106.43', '26.34', 'utf8');
INSERT INTO `s_area` VALUES ('2', '110100', '116.28', '39.55', 'utf8');
INSERT INTO `s_area` VALUES ('20', '320400', '119.57', '31.47', 'utf8');
INSERT INTO `s_area` VALUES ('21', '130100', '114.29', '38.02', 'utf');
INSERT INTO `s_area` VALUES ('3', '330100', '120.11', '30.16', 'utf8');
INSERT INTO `s_area` VALUES ('4', '320600', '121.03', '32.05', 'utf8');
INSERT INTO `s_area` VALUES ('5', '330500', '120.06', '30.52', 'utf8');
INSERT INTO `s_area` VALUES ('6', '320100', '118.47', '32.02', 'utf8');
INSERT INTO `s_area` VALUES ('7', '320300', '117.12', '34.16', 'utf8');
INSERT INTO `s_area` VALUES ('8', '330300', '120.39', '28.01', 'utf8');
INSERT INTO `s_area` VALUES ('9', '321200', '119.54', '32.29', 'utf8');

-- ----------------------------
-- Table structure for s_gis_detail_info
-- ----------------------------
DROP TABLE IF EXISTS `s_gis_detail_info`;
CREATE TABLE `s_gis_detail_info` (
  `id` varchar(50) NOT NULL,
  `del_flag` tinyint(1) NOT NULL,
  `create_time` datetime NOT NULL,
  `content_type` tinyint(5) DEFAULT NULL COMMENT '盗版类型',
  `detail_kv` varchar(512) DEFAULT NULL COMMENT '检索关键字',
  `baidu_search_cnt` int(11) DEFAULT NULL,
  `haosou_search_cnt` int(11) DEFAULT NULL,
  `sougou_search_cnt` int(11) DEFAULT NULL,
  `weixin_search_cnt` int(11) DEFAULT NULL,
  `all_cnt` int(11) DEFAULT NULL COMMENT '任务相关数据总量',
  `suitability` varchar(50) DEFAULT '' COMMENT '基础信息匹配度',
  `suitability_range` int(11) DEFAULT NULL COMMENT '匹配范围',
  `genuine_info` varchar(512) DEFAULT '' COMMENT '正版基本信息',
  `piracy_info` varchar(512) DEFAULT '' COMMENT '盗版基本信息',
  `piracy_source` varchar(50) DEFAULT '' COMMENT '盗版源头',
  `estimated_impact_cnt` int(11) DEFAULT NULL COMMENT '预计影响量',
  `transmission_rate` varchar(50) DEFAULT '' COMMENT '传播率',
  `spread_scope` int(11) DEFAULT NULL COMMENT '传播范围',
  `resource_size` varchar(50) DEFAULT '' COMMENT '盗版资源内容大小',
  `resource_in_date` datetime DEFAULT NULL COMMENT '盗版资源上架时间',
  `network_cnt` int(11) DEFAULT NULL COMMENT '全网检测数据总量',
  `detail_area_id` varchar(50) DEFAULT NULL,
  `detail_url` varchar(512) DEFAULT NULL,
  `task_job_id` varchar(50) DEFAULT NULL,
  PRIMARY KEY (`id`)
) ENGINE=InnoDB DEFAULT CHARSET=utf8;

-- ----------------------------
-- Records of s_gis_detail_info
-- ----------------------------
INSERT INTO `s_gis_detail_info` VALUES ('012a78de-3b07-11e7-bb85-e09467f6dff0', '0', '2017-05-17 21:44:00', '0', 'asd123123123', '45585', '10880', '15470', '38193', '2482', '45', '66', '人民的名义;高亚麟;', '', '13', '60', '397', '153', '9280', '2017-05-17 21:44:52', '222', '610100', 'http://xiaoshuo.sogou.com/', '55b65270-3a31-11e7-b73e-e09467f6dff0');
INSERT INTO `s_gis_detail_info` VALUES ('07c1a221-3b37-11e7-9854-e09467f6dff0', '0', '2017-05-18 03:28:00', '3', '123', '16013', '49847', '26120', '41352', '2111', '49', '6', '人民的名义;高亚麟;', '', '4', '66', '468', '229', '6516', '2017-05-18 03:28:39', '110', '510100', 'http://www.y2002.com/', 'feca4721-3b19-11e7-8aac-e09467f6dff0');
INSERT INTO `s_gis_detail_info` VALUES ('08419140-3b1b-11e7-a60f-e09467f6dff0', '0', '2017-05-18 00:08:00', '3', '123', '11341', '43994', '31959', '20844', '1144', '94', '85', '人民的名义;高亚麟;', '', '23', '46', '487', '369', '4266', '2017-05-18 00:08:14', '120', '440300', 'http://www.iwodu.com/', 'feca4721-3b19-11e7-8aac-e09467f6dff0');
INSERT INTO `s_gis_detail_info` VALUES ('09b47780-3a31-11e7-84ca-e09467f6dff0', '0', '2017-05-16 20:13:00', '0', '12314123123', '25290', '42813', '42782', '30605', '3572', '52', '72', '12314123123', '12314123123', '66', '42', '378', '272', '6982', '2017-05-16 20:13:14', '201', '320100', 'www.kankan.com', 'dbeccd1e-3a30-11e7-b8ae-e09467f6dff0');
INSERT INTO `s_gis_detail_info` VALUES ('0a6fcf00-3b33-11e7-b22a-e09467f6dff0', '0', '2017-05-18 03:00:00', '3', '123', '13063', '41775', '41311', '24980', '4050', '32', '68', '人民的名义;高亚麟;', '', '83', '81', '494', '196', '5483', '2017-05-18 03:00:06', '209', '320500', 'http://www.hm-yc.com/', 'feca4721-3b19-11e7-8aac-e09467f6dff0');
INSERT INTO `s_gis_detail_info` VALUES ('0ba88f30-3b09-11e7-9a33-e09467f6dff0', '0', '2017-05-17 21:59:00', '0', 'asd123123123', '23136', '24384', '47840', '30993', '3155', '56', '83', '人民的名义;高亚麟;', '', '84', '93', '465', '260', '5843', '2017-05-17 21:59:29', '170', '440300', 'http://www.timeread.com/', '55b65270-3a31-11e7-b73e-e09467f6dff0');
INSERT INTO `s_gis_detail_info` VALUES ('0ef47b4f-3b08-11e7-9c09-e09467f6dff0', '0', '2017-05-17 21:52:00', '0', 'asd123123123', '18968', '21153', '18441', '40395', '4026', '100', '81', '人民的名义;高亚麟;', '', '73', '23', '303', '488', '3553', '2017-05-17 21:52:25', '416', '110100', 'www.mgtv.com', '55b65270-3a31-11e7-b73e-e09467f6dff0');
INSERT INTO `s_gis_detail_info` VALUES ('1', '0', '2017-05-10 17:37:39', '0', '人民的名义', '45645', '4964545', '6456456', '4654564', '6456456', '90', '232423', '卧虎藏龙;张艺谋;九十年代', '卧虎藏蛇;张艺煤;九十年代', '百度', '234234', '66', '34534', '4353', '2017-05-10 17:41:24', '235423', '320500', 'http://www.bilibili.com/', 'dc1f763f4a9840aaa25fb6a782c43fd8');
INSERT INTO `s_gis_detail_info` VALUES ('1003ea4f-3b1a-11e7-b7e1-e09467f6dff0', '0', '2017-05-18 00:01:00', '3', '123', '20278', '48752', '45707', '40361', '2337', '58', '26', '人民的名义;高亚麟;', '', '30', '92', '432', '141', '9878', '2017-05-18 00:01:18', '382', '440300', 'www.1905.com', 'feca4721-3b19-11e7-8aac-e09467f6dff0');
INSERT INTO `s_gis_detail_info` VALUES ('10987e80-3a30-11e7-9655-e09467f6dff0', '0', '2017-05-16 20:06:00', '0', '123', '24269', '43121', '37806', '41256', '1286', '68', '73', '123', '123', '38', '32', '336', '279', '7605', '2017-05-16 20:06:16', '377', '330500', 'http://www.36dj.com/', 'f3acc6f0-3a2f-11e7-9c4e-e09467f6dff0');
INSERT INTO `s_gis_detail_info` VALUES ('1230b970-3a2a-11e7-a5aa-e09467f6dff0', '0', '2017-05-16 19:23:00', '0', '2', '21863', '14707', '35925', '39170', '1536', '83', '70', '23', '83', '34', '94', '482', '117', '1780', '2017-05-16 19:23:35', '388', null, 'http://www.qiqibu8.com/soso.asp?kwtype=0&searchword={key}', 'd4e01840-395c-11e7-b6a3-e09467f6dff0');
INSERT INTO `s_gis_detail_info` VALUES ('147e9a00-3b3b-11e7-a747-e09467f6dff0', '0', '2017-05-18 03:57:00', '0', 'asdasd123', '23860', '44233', '28660', '26329', '4848', '63', '2', '人民的名义;高亚麟;', '', '12', '52', '407', '458', '1291', '2017-05-18 03:57:39', '401', '110100', 'http://www.ygdy8.com/', '32214861-3a31-11e7-a62f-e09467f6dff0');
INSERT INTO `s_gis_detail_info` VALUES ('1b318f70-3af9-11e7-bc97-e09467f6dff0', '0', '2017-05-17 20:05:00', '0', 'asd123123123', '38099', '19056', '38883', '13550', '1267', '41', '19', '人民的名义;高亚麟;', '', '36', '63', '265', '209', '5744', '2017-05-17 20:05:23', '446', '310100', 'http://music.yule.sohu.com/', '55b65270-3a31-11e7-b73e-e09467f6dff0');
INSERT INTO `s_gis_detail_info` VALUES ('20d96370-3a28-11e7-a591-e09467f6dff0', '0', '2017-05-16 19:09:00', '0', '2', '39984', '20635', '32912', '17529', '3058', '25', '89', '44', '91', '65', '16', '208', '219', '9765', '2017-05-16 19:09:28', '316', '138', 'http://www.djf8.com/', 'd4e01840-395c-11e7-b6a3-e09467f6dff0');
INSERT INTO `s_gis_detail_info` VALUES ('228102cf-3b42-11e7-9cdd-e09467f6dff0', '0', '2017-05-18 04:48:00', '0', 'ffffff', '15156', '11658', '23413', '40857', '1490', '13', '57', '人民的名义;高亚麟;', '', '70', '15', '179', '285', '2391', '2017-05-18 04:48:09', '149', '441900', 'www.mianbao99.com', '19c8cd80-3b42-11e7-bbcd-e09467f6dff0');
INSERT INTO `s_gis_detail_info` VALUES ('25655be1-3b33-11e7-a16e-e09467f6dff0', '0', '2017-05-18 03:00:00', '3', '123', '27126', '45229', '20229', '19722', '3521', '95', '19', '人民的名义;高亚麟;', '', '75', '64', '485', '309', '4357', '2017-05-18 03:00:51', '126', '321200', 'https://www.bandari.net/', 'feca4721-3b19-11e7-8aac-e09467f6dff0');
INSERT INTO `s_gis_detail_info` VALUES ('27f2e770-3a29-11e7-b0cf-e09467f6dff0', '0', '2017-05-16 19:16:00', '0', '2', '25433', '46378', '40639', '41018', '1002', '10', '58', '21', '58', '73', '67', '300', '365', '3958', '2017-05-16 19:16:49', '339', null, 'http://www.1905.com/search/?q=&q={key}', 'd4e01840-395c-11e7-b6a3-e09467f6dff0');
INSERT INTO `s_gis_detail_info` VALUES ('2ad04b8f-3a2e-11e7-ac60-e09467f6dff0', '0', '2017-05-16 19:52:00', '0', '2', '42574', '41191', '16128', '19769', '1771', '85', '70', '2', '2', '81', '11', '227', '102', '5822', '2017-05-16 19:52:41', '399', '320600', 'http://www.666ccc.com/', 'd4e01840-395c-11e7-b6a3-e09467f6dff0');
INSERT INTO `s_gis_detail_info` VALUES ('2ae8c070-3b3d-11e7-aa03-e09467f6dff0', '0', '2017-05-18 04:12:00', '3', '1111', '25680', '47847', '33098', '37782', '1762', '88', '11', '人民的名义;高亚麟;', '', '95', '47', '339', '422', '6254', '2017-05-18 04:12:35', '317', '440300', 'http://www.fmx.cn/', '7e68d8cf-3b37-11e7-8f68-e09467f6dff0');
INSERT INTO `s_gis_detail_info` VALUES ('2aef8c1e-3b1a-11e7-bcfa-e09467f6dff0', '0', '2017-05-18 00:02:00', '3', '123', '43748', '30778', '45625', '33810', '4044', '16', '84', '人民的名义;高亚麟;', '', '30', '14', '405', '201', '3864', '2017-05-18 00:02:03', '484', '110100', 'http://www.zhujiange.com/', 'feca4721-3b19-11e7-8aac-e09467f6dff0');
INSERT INTO `s_gis_detail_info` VALUES ('2cd77440-3b41-11e7-82fc-e09467f6dff0', '0', '2017-05-18 04:41:00', '0', 'eeeee', '25256', '38650', '35630', '38068', '4012', '29', '58', '人民的名义;高亚麟;', '', '41', '70', '105', '187', '3368', '2017-05-18 04:41:16', '495', '610100', 'http://www.hengyan.com/', '0ed3bd00-3b41-11e7-a49e-e09467f6dff0');
INSERT INTO `s_gis_detail_info` VALUES ('2e29430f-3b09-11e7-8f1d-e09467f6dff0', '0', '2017-05-17 22:00:00', '0', 'asd123123123', '41174', '28928', '11090', '39001', '1520', '50', '61', '人民的名义;高亚麟;', '', '66', '81', '107', '166', '2317', '2017-05-17 22:00:27', '105', '330100', 'http://www.xiaoshuo77.com/', '55b65270-3a31-11e7-b73e-e09467f6dff0');
INSERT INTO `s_gis_detail_info` VALUES ('30b78480-3b08-11e7-9ebe-e09467f6dff0', '0', '2017-05-17 21:53:00', '0', 'asd123123123', '22753', '18217', '35935', '19860', '3140', '24', '66', '人民的名义;高亚麟;', '', '89', '38', '226', '484', '8219', '2017-05-17 21:53:22', '302', '330100', 'http://hd-hall.com/', '55b65270-3a31-11e7-b73e-e09467f6dff0');
INSERT INTO `s_gis_detail_info` VALUES ('34cb4d1e-3b0a-11e7-bacc-e09467f6dff0', '0', '2017-05-17 22:07:00', '0', 'asd123123123', '45465', '34010', '41403', '15999', '1133', '5', '33', '人民的名义;高亚麟;', '', '80', '83', '161', '468', '2725', '2017-05-17 22:07:47', '279', '610100', 'www.fangfang.cc', '55b65270-3a31-11e7-b73e-e09467f6dff0');
INSERT INTO `s_gis_detail_info` VALUES ('350077b0-3a2a-11e7-929b-e09467f6dff0', '0', '2017-05-16 19:24:00', '0', '2', '27308', '14003', '18987', '12853', '1431', '6', '3', '51', '85', '11', '54', '413', '244', '4330', '2017-05-16 19:24:27', '242', '441900', 'www.ybtdj.com', 'd4e01840-395c-11e7-b6a3-e09467f6dff0');
INSERT INTO `s_gis_detail_info` VALUES ('36b95280-3baf-11e7-97d2-e09467f6dff0', '0', '2017-05-18 17:48:00', '4', '2016高考答案', '17774', '48078', '30011', '26324', '2217', '16', '93', '人民的名义;李路;2017-05', '', '83', '28', '152', '418', '8897', '2017-05-18 17:48:58', '467', '330300', 'http://www.a8.com/', '29ce48f0-3baf-11e7-bf58-e09467f6dff0');
INSERT INTO `s_gis_detail_info` VALUES ('37553c0f-3af9-11e7-99ac-e09467f6dff0', '0', '2017-05-17 20:06:00', '0', 'asd123123123', '32484', '27550', '41022', '32610', '2177', '6', '19', '人民的名义;高亚麟;', '', '7', '98', '378', '342', '6539', '2017-05-17 20:06:10', '166', '610100', 'http://www.app-echo.com/#/', '55b65270-3a31-11e7-b73e-e09467f6dff0');
INSERT INTO `s_gis_detail_info` VALUES ('37579c80-3b3a-11e7-a9ad-e09467f6dff0', '0', '2017-05-18 03:51:00', '3', '1111', '35595', '38863', '14452', '36327', '4575', '71', '95', '人民的名义;高亚麟;', '', '70', '19', '115', '278', '2536', '2017-05-18 03:51:28', '445', '442000', 'http://music.163.com/', '7e68d8cf-3b37-11e7-8f68-e09467f6dff0');
INSERT INTO `s_gis_detail_info` VALUES ('3875e84f-3b3b-11e7-9cce-e09467f6dff0', '0', '2017-05-18 03:58:00', '0', 'asdasd123', '48724', '15127', '10419', '29461', '3414', '2', '69', '人民的名义;高亚麟;', '', '60', '100', '381', '157', '7161', '2017-05-18 03:58:39', '226', 'HK_01', 'http://www.jinsebook.com/', '32214861-3a31-11e7-a62f-e09467f6dff0');
INSERT INTO `s_gis_detail_info` VALUES ('3cecb880-3b3d-11e7-aa50-e09467f6dff0', '0', '2017-05-18 04:13:00', '0', 'asdasd123', '42972', '26051', '24467', '19720', '2028', '23', '51', '人民的名义;高亚麟;', '', '12', '7', '193', '361', '3540', '2017-05-18 04:13:05', '221', '320600', 'http://www.3gsc.com.cn/', '32214861-3a31-11e7-a62f-e09467f6dff0');
INSERT INTO `s_gis_detail_info` VALUES ('3e7d3d30-3b35-11e7-80ea-e09467f6dff0', '0', '2017-05-18 03:15:00', '3', '123', '45586', '46747', '18056', '48411', '2820', '35', '5', '人民的名义;高亚麟;', '', '0', '35', '446', '431', '9095', '2017-05-18 03:15:52', '311', '320100', 'www.vidown.cn', 'feca4721-3b19-11e7-8aac-e09467f6dff0');
INSERT INTO `s_gis_detail_info` VALUES ('3e82a54f-3b3e-11e7-a21b-e09467f6dff0', '0', '2017-05-18 04:20:00', '3', '1111', '47651', '45725', '36927', '13677', '1319', '29', '34', '人民的名义;高亚麟;', '', '2', '62', '307', '335', '5678', '2017-05-18 04:20:18', '443', '320600', 'http://www.10155.com/#main/index.htm', '7e68d8cf-3b37-11e7-8f68-e09467f6dff0');
INSERT INTO `s_gis_detail_info` VALUES ('3f8a3480-3a31-11e7-b1c3-e09467f6dff0', '0', '2017-05-16 20:14:00', '0', 'asdasd123', '10086', '35804', '13805', '44756', '4323', '20', '20', 'asdasd123', 'asdasd123', '0', '14', '326', '283', '4583', '2017-05-16 20:14:45', '165', '510100', 'http://v.huanqiu.com/', '32214861-3a31-11e7-a62f-e09467f6dff0');
INSERT INTO `s_gis_detail_info` VALUES ('40716080-3b3f-11e7-8695-e09467f6dff0', '0', '2017-05-18 04:27:00', '0', 'aaaaa', '13338', '36203', '14537', '33273', '4666', '68', '63', '人民的名义;高亚麟;', '', '72', '40', '181', '371', '4794', '2017-05-18 04:27:30', '207', '110100', 'http://www.g007.com/', '2ca5a0c0-3b3f-11e7-b675-e09467f6dff0');
INSERT INTO `s_gis_detail_info` VALUES ('45e1bd9e-3b1a-11e7-8163-e09467f6dff0', '0', '2017-05-18 00:02:00', '3', '123', '17531', '35274', '47618', '22441', '1059', '21', '59', '人民的名义;高亚麟;', '', '17', '9', '228', '420', '6815', '2017-05-18 00:02:48', '270', '310100', 'http://www.yyjy.com/index.html', 'feca4721-3b19-11e7-8aac-e09467f6dff0');
INSERT INTO `s_gis_detail_info` VALUES ('4647570f-3b37-11e7-8766-e09467f6dff0', '0', '2017-05-18 03:30:00', '3', '123', '46904', '37727', '22529', '12916', '2748', '86', '12', '人民的名义;高亚麟;', '', '49', '14', '179', '367', '6474', '2017-05-18 03:30:24', '207', '320600', 'www.ku6.com', 'feca4721-3b19-11e7-8aac-e09467f6dff0');
INSERT INTO `s_gis_detail_info` VALUES ('48ba1230-3a2e-11e7-932d-e09467f6dff0', '0', '2017-05-16 19:53:00', '0', '2', '27489', '31198', '49699', '17087', '3721', '32', '35', '2', '2', '14', '71', '174', '206', '3270', '2017-05-16 19:53:32', '183', 'HK_01', 'http://www.sweetread.net/', 'd4e01840-395c-11e7-b6a3-e09467f6dff0');
INSERT INTO `s_gis_detail_info` VALUES ('48d26430-3b36-11e7-94aa-e09467f6dff0', '0', '2017-05-18 03:23:00', '3', '123', '17829', '10882', '34693', '26200', '3976', '49', '45', '人民的名义;高亚麟;', '', '68', '77', '261', '184', '1609', '2017-05-18 03:23:19', '286', '442000', 'http://www.77vcd.com/', 'feca4721-3b19-11e7-8aac-e09467f6dff0');
INSERT INTO `s_gis_detail_info` VALUES ('492f239e-3b09-11e7-b4c2-e09467f6dff0', '0', '2017-05-17 22:01:00', '0', 'asd123123123', '43136', '12154', '23509', '21223', '4988', '30', '50', '人民的名义;高亚麟;', '', '7', '14', '271', '239', '5438', '2017-05-17 22:01:12', '381', '320300', 'www.qvodzy.com', '55b65270-3a31-11e7-b73e-e09467f6dff0');
INSERT INTO `s_gis_detail_info` VALUES ('4d0b5e4f-3b07-11e7-925a-e09467f6dff0', '0', '2017-05-17 21:47:00', '0', 'asd123123123', '21722', '20314', '15358', '43574', '1863', '65', '26', '人民的名义;高亚麟;', '', '4', '29', '224', '372', '7367', '2017-05-17 21:47:00', '387', '320100', 'http://www.17k.com/', '55b65270-3a31-11e7-b73e-e09467f6dff0');
INSERT INTO `s_gis_detail_info` VALUES ('51985e4f-3af8-11e7-8582-e09467f6dff0', '0', '2017-05-17 19:59:00', '0', 'asd123123123', '38717', '41223', '20778', '26006', '1953', '84', '4', '人民的名义;高亚麟;', '', '13', '94', '275', '216', '4879', '2017-05-17 19:59:45', '289', '310100', 'http://www.dj45.com/', '55b65270-3a31-11e7-b73e-e09467f6dff0');
INSERT INTO `s_gis_detail_info` VALUES ('5510f58f-3b40-11e7-9e52-e09467f6dff0', '0', '2017-05-18 04:35:00', '0', 'bbbbb', '43352', '25338', '42376', '31140', '1485', '86', '67', '人民的名义;高亚麟;', '', '68', '0', '500', '375', '9274', '2017-05-18 04:35:14', '427', '610100', 'www.kp31.com', 'ef2c845e-3b3f-11e7-9684-e09467f6dff0');
INSERT INTO `s_gis_detail_info` VALUES ('56a7df5e-3a26-11e7-8cc2-e09467f6dff0', '0', '2017-05-16 18:56:00', '0', '2', '39494', '37834', '18658', '32299', '3936', '1', '62', '5', '9', '26', '76', '305', '315', '5601', '2017-05-16 18:56:39', '206', '388', 'http://list.repian.com/?keyword={key}', 'd4e01840-395c-11e7-b6a3-e09467f6dff0');
INSERT INTO `s_gis_detail_info` VALUES ('583f1e4f-3b30-11e7-bbc3-e09467f6dff0', '0', '2017-05-18 02:40:00', '3', '123', '30620', '41416', '15817', '34992', '1503', '80', '44', '人民的名义;高亚麟;', '', '33', '44', '262', '421', '9800', '2017-05-18 02:40:48', '141', '310100', 'http://www.xsread.com/', 'feca4721-3b19-11e7-8aac-e09467f6dff0');
INSERT INTO `s_gis_detail_info` VALUES ('5989112e-3b35-11e7-9b20-e09467f6dff0', '0', '2017-05-18 03:16:00', '3', '123', '34808', '17294', '11003', '10606', '3371', '92', '87', '人民的名义;高亚麟;', '', '14', '11', '227', '222', '3421', '2017-05-18 03:16:37', '240', '321200', 'http://www.itingwa.com/', 'feca4721-3b19-11e7-8aac-e09467f6dff0');
INSERT INTO `s_gis_detail_info` VALUES ('5b2e479e-3b33-11e7-bbbb-e09467f6dff0', '0', '2017-05-18 03:02:00', '3', '123', '34479', '31533', '30015', '28462', '2885', '19', '94', '人民的名义;高亚麟;', '', '44', '9', '248', '273', '1035', '2017-05-18 03:02:21', '248', '320100', 'http://www.9kus.com/', 'feca4721-3b19-11e7-8aac-e09467f6dff0');
INSERT INTO `s_gis_detail_info` VALUES ('5b40ba00-3b3a-11e7-8345-e09467f6dff0', '0', '2017-05-18 03:52:00', '3', '1111', '36316', '35220', '35840', '16175', '4869', '17', '88', '人民的名义;高亚麟;', '', '1', '94', '214', '311', '2025', '2017-05-18 03:52:28', '262', '310100', 'www.pps.tv', '7e68d8cf-3b37-11e7-8f68-e09467f6dff0');
INSERT INTO `s_gis_detail_info` VALUES ('5f6e010f-3b1b-11e7-a004-e09467f6dff0', '0', '2017-05-18 00:10:00', '3', '123', '33163', '10760', '27575', '34557', '2197', '81', '68', '人民的名义;高亚麟;', '', '93', '17', '128', '448', '7662', '2017-05-18 00:10:40', '439', '510100', 'http://yynovel.motie.com/', 'feca4721-3b19-11e7-8aac-e09467f6dff0');
INSERT INTO `s_gis_detail_info` VALUES ('60d2b69e-3b1a-11e7-ad8f-e09467f6dff0', '0', '2017-05-18 00:03:00', '3', '123', '27967', '37732', '49150', '27163', '3290', '62', '49', '人民的名义;高亚麟;', '', '51', '93', '213', '363', '1296', '2017-05-18 00:03:33', '447', '442000', 'http://www.dj89.com/', 'feca4721-3b19-11e7-8aac-e09467f6dff0');
INSERT INTO `s_gis_detail_info` VALUES ('614102a1-3b37-11e7-bd02-e09467f6dff0', '0', '2017-05-18 03:31:00', '0', '12314123123', '15697', '34060', '49747', '39147', '1434', '47', '36', '人民的名义;高亚麟;', '', '81', '17', '104', '286', '6726', '2017-05-18 03:31:09', '430', 'HK_01', 'http://www.93z.cc/', 'dbeccd1e-3a30-11e7-b8ae-e09467f6dff0');
INSERT INTO `s_gis_detail_info` VALUES ('626de5ae-3b3e-11e7-9fde-e09467f6dff0', '0', '2017-05-18 04:21:00', '0', '12314123123', '22568', '29904', '11221', '28373', '1482', '92', '55', '人民的名义;高亚麟;', '', '19', '64', '362', '218', '3020', '2017-05-18 04:21:18', '448', '610100', 'http://www.yy521.com/', 'dbeccd1e-3a30-11e7-b8ae-e09467f6dff0');
INSERT INTO `s_gis_detail_info` VALUES ('64280bde-3b09-11e7-b5e8-e09467f6dff0', '0', '2017-05-17 22:01:00', '0', 'asd123123123', '38534', '22390', '20639', '48046', '3044', '81', '10', '人民的名义;高亚麟;', '', '42', '64', '438', '160', '8067', '2017-05-17 22:01:57', '371', '310100', 'http://www.djf8.com/', '55b65270-3a31-11e7-b73e-e09467f6dff0');
INSERT INTO `s_gis_detail_info` VALUES ('653c93de-3b2f-11e7-bbd0-e09467f6dff0', '0', '2017-05-18 02:34:00', '3', '123', '40488', '38544', '10802', '36924', '1065', '70', '95', '人民的名义;高亚麟;', '', '87', '44', '374', '417', '3705', '2017-05-18 02:34:00', '411', '610100', 'www.feifandy.net', 'feca4721-3b19-11e7-8aac-e09467f6dff0');
INSERT INTO `s_gis_detail_info` VALUES ('6adcfdb0-3b36-11e7-9565-e09467f6dff0', '0', '2017-05-18 03:24:00', '3', '123', '20020', '22794', '45001', '15749', '4227', '43', '83', '人民的名义;高亚麟;', '', '78', '17', '361', '167', '9536', '2017-05-18 03:24:16', '390', '440300', 'http://www.1001p.com/', 'feca4721-3b19-11e7-8aac-e09467f6dff0');
INSERT INTO `s_gis_detail_info` VALUES ('6c25721e-3b08-11e7-a388-e09467f6dff0', '0', '2017-05-17 21:55:00', '0', 'asd123123123', '49218', '26434', '27252', '30623', '3238', '43', '28', '人民的名义;高亚麟;', '', '34', '61', '396', '374', '2355', '2017-05-17 21:55:01', '386', '330100', 'http://www.fsyuedu.com/', '55b65270-3a31-11e7-b73e-e09467f6dff0');
INSERT INTO `s_gis_detail_info` VALUES ('6d4686cf-3b3a-11e7-9e88-e09467f6dff0', '0', '2017-05-18 03:52:00', '3', '1111', '47571', '47781', '29571', '46541', '4091', '60', '91', '人民的名义;高亚麟;', '', '82', '72', '457', '395', '9565', '2017-05-18 03:52:58', '215', '320100', 'http://www.hm-yc.com/', '7e68d8cf-3b37-11e7-8f68-e09467f6dff0');
INSERT INTO `s_gis_detail_info` VALUES ('6e6520c0-3b3b-11e7-8398-e09467f6dff0', '0', '2017-05-18 04:00:00', '0', 'asdasd123', '22816', '18362', '20171', '49032', '1908', '84', '92', '人民的名义;高亚麟;', '', '71', '77', '445', '217', '1911', '2017-05-18 04:00:09', '136', '440300', 'http://music.yule.sohu.com/', '32214861-3a31-11e7-a62f-e09467f6dff0');
INSERT INTO `s_gis_detail_info` VALUES ('6fbd0c21-3a29-11e7-9696-e09467f6dff0', '0', '2017-05-16 19:18:00', '0', '2', '31192', '19083', '29959', '47398', '4067', '87', '53', '66', '41', '85', '37', '124', '121', '7815', '2017-05-16 19:18:50', '317', null, 'http://www.1905.com/search/?q=&q={key}', 'd4e01840-395c-11e7-b6a3-e09467f6dff0');
INSERT INTO `s_gis_detail_info` VALUES ('741d3440-3b21-11e7-a76e-e09467f6dff0', '0', '2017-05-18 00:54:00', '3', '123', '47383', '48822', '32804', '20164', '3899', '54', '38', '人民的名义;高亚麟;', '', '72', '51', '135', '406', '4117', '2017-05-18 00:54:12', '292', '330100', 'http://music.yule.sohu.com/', 'feca4721-3b19-11e7-8aac-e09467f6dff0');
INSERT INTO `s_gis_detail_info` VALUES ('755c6f11-3a31-11e7-9b22-e09467f6dff0', '0', '2017-05-16 20:16:00', '0', 'asd123123123', '42139', '24911', '45009', '21138', '1597', '55', '53', 'asd123123123', 'asd123123123', '76', '26', '195', '149', '1349', '2017-05-16 20:16:15', '358', '510100', 'http://www.sydm.hk/', '55b65270-3a31-11e7-b73e-e09467f6dff0');
INSERT INTO `s_gis_detail_info` VALUES ('7635fcf0-3b33-11e7-b03b-e09467f6dff0', '0', '2017-05-18 03:03:00', '3', '123', '32206', '47427', '24878', '14034', '1297', '16', '63', '人民的名义;高亚麟;', '', '28', '59', '440', '309', '4217', '2017-05-18 03:03:07', '229', '510100', 'http://www.dygang.com/', 'feca4721-3b19-11e7-8aac-e09467f6dff0');
INSERT INTO `s_gis_detail_info` VALUES ('78f94fc0-3b40-11e7-9ea0-e09467f6dff0', '0', '2017-05-18 04:36:00', '0', 'c\'c\'c\'c', '11366', '47120', '30007', '30466', '2408', '47', '96', '人民的名义;高亚麟;', '', '94', '34', '357', '136', '5240', '2017-05-18 04:36:15', '169', '442000', 'http://www.lizhi.fm/', '60c5c911-3b40-11e7-a663-e09467f6dff0');
INSERT INTO `s_gis_detail_info` VALUES ('7a8452b0-3a26-11e7-be92-e09467f6dff0', '0', '2017-05-16 18:57:00', '0', '2', '40332', '36712', '13730', '31159', '2419', '12', '59', '7', '59', '83', '3', '216', '437', '9350', '2017-05-16 18:57:39', '287', '112', 'http://www.1905.com/search/?q=&q={key}', 'd4e01840-395c-11e7-b6a3-e09467f6dff0');
INSERT INTO `s_gis_detail_info` VALUES ('7f4e7680-3b3a-11e7-8e66-e09467f6dff0', '0', '2017-05-18 03:53:00', '3', '123', '29316', '2667', '34214', '36547', '2591', '54', '39', '人民的名义;高亚麟;', '', '70', '2', '137', '236', '4395', '2017-05-18 03:53:28', '162', '320100', 'www.hualyy.com', 'feca4721-3b19-11e7-8aac-e09467f6dff0');
INSERT INTO `s_gis_detail_info` VALUES ('7fafaf4f-3af8-11e7-ac04-e09467f6dff0', '0', '2017-05-17 20:01:00', '0', 'asd123123123', '23375', '47694', '48612', '28553', '3652', '82', '39', '人民的名义;高亚麟;', '', '34', '34', '113', '472', '3098', '2017-05-17 20:01:02', '351', '510100', 'http://91listen.com/', '55b65270-3a31-11e7-b73e-e09467f6dff0');
INSERT INTO `s_gis_detail_info` VALUES ('8067b940-3b3b-11e7-94ce-e09467f6dff0', '0', '2017-05-18 04:00:00', '0', 'asdasd123', '21506', '47694', '30884', '48540', '2899', '68', '27', '人民的名义;高亚麟;', '', '62', '62', '167', '379', '2030', '2017-05-18 04:00:40', '336', '321200', 'http://www.anshi7.com/', '32214861-3a31-11e7-a62f-e09467f6dff0');
INSERT INTO `s_gis_detail_info` VALUES ('8090330f-3a2e-11e7-a063-e09467f6dff0', '0', '2017-05-16 19:55:00', '0', 'asdasd123123', '35205', '38281', '42287', '45002', '1990', '84', '96', 'asdasd123123', 'asdasd123123', '87', '86', '399', '280', '2113', '2017-05-16 19:55:05', '426', '320500', 'http://www.yuebagu.com/yuequ/gudianqu/', '6e568500-3a2e-11e7-9734-e09467f6dff0');
INSERT INTO `s_gis_detail_info` VALUES ('8504da00-3a28-11e7-a538-e09467f6dff0', '0', '2017-05-16 19:12:00', '0', '2', '32826', '46634', '49131', '20334', '2253', '54', '31', '60', '46', '65', '18', '211', '191', '3203', '2017-05-16 19:13:02', '113', '235', 'http://www.kting.org.cn/', 'd4e01840-395c-11e7-b6a3-e09467f6dff0');
INSERT INTO `s_gis_detail_info` VALUES ('8779df61-3a2d-11e7-878d-e09467f6dff0', '0', '2017-05-16 19:48:00', '0', '2', '18097', '38421', '49042', '30266', '4894', '88', '81', '2', '2', '43', '100', '252', '407', '8757', '2017-05-16 19:48:07', '434', '510100', 'http://www.deepms.net/', 'd4e01840-395c-11e7-b6a3-e09467f6dff0');
INSERT INTO `s_gis_detail_info` VALUES ('8efe4230-3b36-11e7-8876-e09467f6dff0', '0', '2017-05-18 03:25:00', '3', '123', '22442', '49539', '10097', '28139', '2781', '38', '94', '人民的名义;高亚麟;', '', '41', '75', '497', '340', '2952', '2017-05-18 03:25:17', '453', '320600', 'http://www.nk77.com/view/49692/', 'feca4721-3b19-11e7-8aac-e09467f6dff0');
INSERT INTO `s_gis_detail_info` VALUES ('91306bcf-3b33-11e7-a137-e09467f6dff0', '0', '2017-05-18 03:03:00', '3', '123', '25462', '11068', '10518', '21623', '3508', '14', '67', '人民的名义;高亚麟;', '', '58', '28', '492', '338', '6816', '2017-05-18 03:03:52', '111', '442000', 'http://www.sydm.hk/', 'feca4721-3b19-11e7-8aac-e09467f6dff0');
INSERT INTO `s_gis_detail_info` VALUES ('94f41f8f-3bac-11e7-bd99-e09467f6dff0', '0', '2017-05-18 17:30:00', '4', '高考答案', '12592', '31723', '11527', '22849', '3538', '8', '97', '人民的名义;李路;2017-05', '', '16', '21', '382', '225', '2780', '2017-05-18 17:30:07', '267', '310100', 'http://www.app-echo.com/#/', '3');
INSERT INTO `s_gis_detail_info` VALUES ('970c1140-3b37-11e7-b55a-e09467f6dff0', '0', '2017-05-18 03:32:00', '3', '1111', '18482', '12847', '40119', '18757', '1913', '23', '81', '人民的名义;高亚麟;', '', '14', '55', '177', '193', '3920', '2017-05-18 03:32:40', '425', '510100', 'http://www.mixs.cn/', '7e68d8cf-3b37-11e7-8f68-e09467f6dff0');
INSERT INTO `s_gis_detail_info` VALUES ('9abd3100-3af8-11e7-a29a-e09467f6dff0', '0', '2017-05-17 20:01:00', '0', 'asd123123123', '33475', '38614', '13402', '34339', '2421', '5', '96', '人民的名义;高亚麟;', '', '37', '23', '275', '344', '1653', '2017-05-17 20:01:48', '194', '320100', 'http://www.upian.cc/', '55b65270-3a31-11e7-b73e-e09467f6dff0');
INSERT INTO `s_gis_detail_info` VALUES ('9c0d18b0-3b3c-11e7-b100-e09467f6dff0', '0', '2017-05-18 04:08:00', '3', '1111', '28422', '38631', '23082', '11563', '2340', '75', '13', '人民的名义;高亚麟;', '', '84', '95', '271', '460', '1155', '2017-05-18 04:08:36', '110', '320100', 'http://www.qmcmw.com/', '7e68d8cf-3b37-11e7-8f68-e09467f6dff0');
INSERT INTO `s_gis_detail_info` VALUES ('a2c73740-3b40-11e7-850f-e09467f6dff0', '0', '2017-05-18 04:37:00', '0', 'd\'d\'d', '37507', '34043', '48493', '33240', '2380', '4', '78', '人民的名义;高亚麟;', '', '52', '17', '281', '498', '8957', '2017-05-18 04:37:25', '109', '321200', 'http://www.xxs8.com/', '9614a2cf-3b40-11e7-9799-e09467f6dff0');
INSERT INTO `s_gis_detail_info` VALUES ('a9fad3f0-3b36-11e7-a78f-e09467f6dff0', '0', '2017-05-18 03:26:00', '3', '123', '15779', '27545', '47486', '45422', '1717', '95', '97', '人民的名义;高亚麟;', '', '97', '75', '317', '456', '4296', '2017-05-18 03:26:02', '220', '110100', 'www.6.cn', 'feca4721-3b19-11e7-8aac-e09467f6dff0');
INSERT INTO `s_gis_detail_info` VALUES ('ac21b2f0-3b33-11e7-bd82-e09467f6dff0', '0', '2017-05-18 03:04:00', '3', '123', '19105', '22805', '38332', '29404', '3241', '71', '15', '人民的名义;高亚麟;', '', '54', '69', '202', '131', '8533', '2017-05-18 03:04:37', '500', '101', 'http://www.2k2k.cc/', 'feca4721-3b19-11e7-8aac-e09467f6dff0');
INSERT INTO `s_gis_detail_info` VALUES ('ad2bb72e-3ba7-11e7-9a77-e09467f6dff0', '0', '2017-05-18 16:55:00', '0', '非常完美', '23405', '49345', '12564', '15759', '4711', '65', '25', '人民的名义;李路;2017-05', '', '60', '37', '477', '156', '6552', '2017-05-18 16:55:00', '318', '440300', 'http://www.1ting.com/fo/    ', '1');
INSERT INTO `s_gis_detail_info` VALUES ('ad67709e-3af7-11e7-ad01-e09467f6dff0', '0', '2017-05-17 19:55:00', '0', 'asd123123123', '39718', '49622', '37107', '26027', '4940', '87', '93', '人民的名义;高亚麟;', '', '69', '47', '197', '386', '3383', '2017-05-17 19:55:09', '465', '610100', 'tv.people.com.cn', '55b65270-3a31-11e7-b73e-e09467f6dff0');
INSERT INTO `s_gis_detail_info` VALUES ('b20b1400-3b37-11e7-af2d-e09467f6dff0', '0', '2017-05-18 03:33:00', '3', '1111', '22257', '44129', '41717', '46491', '1392', '26', '81', '人民的名义;高亚麟;', '', '25', '18', '398', '413', '2036', '2017-05-18 03:33:25', '381', '610100', 'http://www.5dian1.net/', '7e68d8cf-3b37-11e7-8f68-e09467f6dff0');
INSERT INTO `s_gis_detail_info` VALUES ('b4d67e1e-3b39-11e7-9069-e09467f6dff0', '0', '2017-05-18 03:47:00', '3', '1111', '41319', '40299', '30840', '42671', '1906', '20', '11', '人民的名义;高亚麟;', '', '93', '8', '482', '365', '5324', '2017-05-18 03:47:49', '328', 'HK_01', 'http://www.htqyy.com/', '7e68d8cf-3b37-11e7-8f68-e09467f6dff0');
INSERT INTO `s_gis_detail_info` VALUES ('b5f48e91-3b08-11e7-b3ff-e09467f6dff0', '0', '2017-05-17 21:57:00', '0', 'asd123123123', '35810', '42735', '35163', '33341', '3878', '16', '19', '人民的名义;高亚麟;', '', '0', '42', '478', '129', '8121', '2017-05-17 21:57:05', '311', '330500', 'http://www.gege.la/', '55b65270-3a31-11e7-b73e-e09467f6dff0');
INSERT INTO `s_gis_detail_info` VALUES ('b5f4f200-3b2f-11e7-a6ea-e09467f6dff0', '0', '2017-05-18 02:36:00', '3', '123', '27084', '45196', '43875', '13353', '1321', '80', '43', '人民的名义;高亚麟;', '', '64', '89', '143', '378', '3797', '2017-05-18 02:36:16', '472', '510100', 'http://www.ximalaya.com/explore/', 'feca4721-3b19-11e7-8aac-e09467f6dff0');
INSERT INTO `s_gis_detail_info` VALUES ('c72597b0-3b33-11e7-abcf-e09467f6dff0', '0', '2017-05-18 03:05:00', '3', '123', '33506', '34979', '22774', '27530', '4942', '49', '58', '人民的名义;高亚麟;', '', '90', '66', '282', '332', '2631', '2017-05-18 03:05:22', '295', '110100', 'http://www.dotdy.com/', 'feca4721-3b19-11e7-8aac-e09467f6dff0');
INSERT INTO `s_gis_detail_info` VALUES ('ca720670-3a29-11e7-8de9-e09467f6dff0', '0', '2017-05-16 19:21:00', '0', '2', '43529', '49888', '21304', '20587', '3828', '62', '26', '12', '81', '53', '65', '247', '141', '8858', '2017-05-16 19:21:22', '221', null, '{url}', 'd4e01840-395c-11e7-b6a3-e09467f6dff0');
INSERT INTO `s_gis_detail_info` VALUES ('cca50c00-3b3a-11e7-9996-e09467f6dff0', '0', '2017-05-18 03:55:00', '3', '1111', '18905', '24751', '44639', '45187', '3263', '21', '77', '人民的名义;高亚麟;', '', '89', '60', '188', '411', '5912', '2017-05-18 03:55:38', '302', '330100', 'http://www.baokan.name/', '7e68d8cf-3b37-11e7-8f68-e09467f6dff0');
INSERT INTO `s_gis_detail_info` VALUES ('ccfef32e-3b37-11e7-a669-e09467f6dff0', '0', '2017-05-18 03:34:00', '3', '1111', '16472', '21531', '26264', '28395', '3558', '54', '23', '人民的名义;高亚麟;', '', '16', '43', '208', '358', '2060', '2017-05-18 03:34:10', '304', '320100', 'http://www.88520.cc/', '7e68d8cf-3b37-11e7-8f68-e09467f6dff0');
INSERT INTO `s_gis_detail_info` VALUES ('cd781670-3b19-11e7-aad1-e09467f6dff0', '0', '2017-05-17 23:59:00', '0', 'asd123123123', '41387', '27894', '23938', '41539', '3829', '19', '76', '人民的名义;高亚麟;', '', '23', '1', '120', '277', '9798', '2017-05-17 23:59:26', '120', '440300', 'http://www.yy3t.com/', '55b65270-3a31-11e7-b73e-e09467f6dff0');
INSERT INTO `s_gis_detail_info` VALUES ('cdebe70f-3b3e-11e7-9454-e09467f6dff0', '0', '2017-05-18 04:24:00', '2', 'testSvaecernt', '34789', '46875', '26452', '26891', '1586', '97', '54', '人民的名义;高亚麟;', '', '0', '53', '261', '310', '6532', '2017-05-18 04:24:18', '222', '321200', 'http://www.yuebook.net/', 'c36ef74f-3b3e-11e7-9f12-e09467f6dff0');
INSERT INTO `s_gis_detail_info` VALUES ('d0fd6a9e-3b2f-11e7-b704-e09467f6dff0', '0', '2017-05-18 02:37:00', '3', '123', '10452', '36412', '28536', '33481', '3197', '69', '18', '人民的名义;高亚麟;', '', '33', '39', '359', '225', '8488', '2017-05-18 02:37:01', '284', '310100', 'http://www.bukaba.com/', 'feca4721-3b19-11e7-8aac-e09467f6dff0');
INSERT INTO `s_gis_detail_info` VALUES ('d8bc8e5e-3b39-11e7-8d33-e09467f6dff0', '0', '2017-05-18 03:48:00', '3', '1111', '46686', '46186', '27586', '16475', '1995', '26', '29', '人民的名义;高亚麟;', '', '74', '48', '402', '232', '5404', '2017-05-18 03:48:49', '473', '610100', 'www.fjdy.org', '7e68d8cf-3b37-11e7-8f68-e09467f6dff0');
INSERT INTO `s_gis_detail_info` VALUES ('dff27730-3b3e-11e7-9140-e09467f6dff0', '0', '2017-05-18 04:24:00', '2', 'testSvaecernt', '10490', '10263', '37476', '20373', '3214', '98', '79', '人民的名义;高亚麟;', '', '61', '64', '401', '396', '5229', '2017-05-18 04:24:48', '233', 'HK_01', 'http://www.jbzwread.com/', 'c36ef74f-3b3e-11e7-9f12-e09467f6dff0');
INSERT INTO `s_gis_detail_info` VALUES ('e063a8e1-3a28-11e7-a9bc-e09467f6dff0', '0', '2017-05-16 19:14:00', '0', '2', '39586', '32761', '17913', '47855', '2398', '48', '84', '52', '65', '10', '83', '236', '373', '4606', '2017-05-16 19:14:49', '184', null, 'https://v.qq.com/x/search/?q={key}', 'd4e01840-395c-11e7-b6a3-e09467f6dff0');
INSERT INTO `s_gis_detail_info` VALUES ('e21a1321-3b33-11e7-ae98-e09467f6dff0', '0', '2017-05-18 03:06:00', '3', '123', '38718', '24233', '12530', '32148', '2774', '71', '54', '人民的名义;高亚麟;', '', '62', '93', '393', '497', '1831', '2017-05-18 03:06:08', '171', '442000', 'http://www.dj520.com/', 'feca4721-3b19-11e7-8aac-e09467f6dff0');
INSERT INTO `s_gis_detail_info` VALUES ('e425658f-3b09-11e7-a3bf-e09467f6dff0', '0', '2017-05-17 22:05:00', '0', 'asd123123123', '11596', '48785', '36788', '39726', '1664', '65', '14', '人民的名义;高亚麟;', '', '8', '35', '322', '152', '5609', '2017-05-17 22:05:32', '338', '320500', 'www.xigua110.com', '55b65270-3a31-11e7-b73e-e09467f6dff0');
INSERT INTO `s_gis_detail_info` VALUES ('e7655bee-3a25-11e7-8164-e09467f6dff0', '0', '0000-00-00 00:00:00', '0', '2', '19464', '43516', '36269', '28496', '2694', '8', '50', '62', '96', '57', '73', '166', '202', '8959', '2017-05-16 18:53:32', '289', '404', '{url}', 'd4e01840-395c-11e7-b6a3-e09467f6dff0');
INSERT INTO `s_gis_detail_info` VALUES ('e7f80280-3b37-11e7-b1e4-e09467f6dff0', '0', '2017-05-18 03:34:00', '3', '123', '30246', '28390', '11484', '19104', '3152', '82', '91', '人民的名义;高亚麟;', '', '50', '83', '417', '462', '2308', '2017-05-18 03:34:55', '482', '441900', 'http://www.djye.com/', 'feca4721-3b19-11e7-8aac-e09467f6dff0');
INSERT INTO `s_gis_detail_info` VALUES ('e86d070f-3b19-11e7-a5da-e09467f6dff0', '0', '2017-05-18 00:00:00', '0', 'asdasd123', '26874', '31712', '30495', '22480', '4124', '23', '8', '人民的名义;高亚麟;', '', '31', '12', '462', '167', '6067', '2017-05-18 00:00:11', '278', '320100', 'http://www.y2002.com/', '32214861-3a31-11e7-a62f-e09467f6dff0');
INSERT INTO `s_gis_detail_info` VALUES ('eeb3a000-3a30-11e7-8327-e09467f6dff0', '0', '2017-05-16 20:12:00', '0', '12314123123', '16917', '49790', '12833', '12025', '3146', '61', '68', '12314123123', '12314123123', '63', '45', '432', '204', '5103', '2017-05-16 20:12:29', '113', '320100', 'http://www.loldytt.com/', 'dbeccd1e-3a30-11e7-b8ae-e09467f6dff0');
INSERT INTO `s_gis_detail_info` VALUES ('f08e508f-3b3a-11e7-9884-e09467f6dff0', '0', '2017-05-18 03:56:00', '3', '1111', '30841', '14130', '20783', '26473', '2296', '60', '5', '人民的名义;高亚麟;', '', '83', '56', '325', '305', '5202', '2017-05-18 03:56:38', '259', '441900', 'http://www.hxtk.com/', '7e68d8cf-3b37-11e7-8f68-e09467f6dff0');
INSERT INTO `s_gis_detail_info` VALUES ('f1848dde-3b2e-11e7-bcdc-e09467f6dff0', '0', '2017-05-18 02:30:00', '3', '123', '41590', '41053', '16340', '29284', '2840', '11', '47', '人民的名义;高亚麟;', '', '35', '78', '359', '403', '4277', '2017-05-18 02:30:46', '155', '110100', 'http://www.v1.cn/', 'feca4721-3b19-11e7-8aac-e09467f6dff0');
INSERT INTO `s_gis_detail_info` VALUES ('f541c3de-3ba5-11e7-9948-e09467f6dff0', '0', '2017-05-18 16:42:00', '0', '人民的名义', '46381', '43242', '21856', '15677', '3067', '9', '1', '人民的名义;李路;2017-05', '', '26', '4', '286', '396', '8263', '2017-05-18 16:42:42', '408', '330300', 'http://www.320mp3.com/', '2');
INSERT INTO `s_gis_detail_info` VALUES ('fb70edb0-3b3f-11e7-a0ee-e09467f6dff0', '0', '2017-05-18 04:32:00', '0', 'bbbbb', '25980', '10039', '21991', '15438', '4221', '14', '29', '人民的名义;高亚麟;', '', '55', '19', '185', '400', '5153', '2017-05-18 04:32:44', '445', 'HK_01', 'http://www.9ku.com/fm/', 'ef2c845e-3b3f-11e7-9684-e09467f6dff0');
INSERT INTO `s_gis_detail_info` VALUES ('fe605000-3b40-11e7-8666-e09467f6dff0', '0', '2017-05-18 04:39:00', '0', 'ccccc', '26791', '38864', '32244', '48366', '1224', '81', '4', '人民的名义;高亚麟;', '', '68', '66', '476', '158', '4574', '2017-05-18 04:39:58', '403', '320500', 'http://www.9bby.com/', 'f56397a1-3b40-11e7-8db9-e09467f6dff0');
INSERT INTO `s_gis_detail_info` VALUES ('feaea140-3af7-11e7-be83-e09467f6dff0', '0', '2017-05-17 19:57:00', '0', 'asd123123123', '25091', '46014', '45667', '40309', '4589', '22', '4', '人民的名义;高亚麟;', '', '62', '65', '264', '167', '9875', '2017-05-17 19:57:26', '216', '441900', 'http://www.mgtv.com/1', '55b65270-3a31-11e7-b73e-e09467f6dff0');
INSERT INTO `s_gis_detail_info` VALUES ('ff5be14f-3b30-11e7-a6f9-e09467f6dff0', '0', '2017-05-18 02:45:00', '3', '123', '12145', '22102', '12617', '13620', '4252', '65', '97', '人民的名义;高亚麟;', '', '66', '100', '134', '488', '4884', '2017-05-18 02:45:28', '169', '320600', 'http://www.qmcmw.com/', 'feca4721-3b19-11e7-8aac-e09467f6dff0');

-- ----------------------------
-- Table structure for s_gis_info
-- ----------------------------
DROP TABLE IF EXISTS `s_gis_info`;
CREATE TABLE `s_gis_info` (
  `id` varchar(50) NOT NULL,
  `del_flag` tinyint(1) NOT NULL,
  `create_time` datetime NOT NULL,
  `content_type` tinyint(5) DEFAULT NULL,
  `province_id` int(11) DEFAULT NULL,
  `province_cnt` int(11) DEFAULT NULL,
  `latit_longit` varchar(512) DEFAULT NULL,
  `task_job_id` varchar(50) DEFAULT NULL,
  `overseas_type` varchar(50) DEFAULT NULL,
  `overseas_cnt` int(11) DEFAULT NULL,
  `detail_area_id` varchar(50) DEFAULT NULL,
  `detail_url` varchar(512) DEFAULT NULL,
  `detail_cnt` int(11) DEFAULT NULL,
  `detail_kv` varchar(512) DEFAULT NULL,
  `detail_judicature` tinyint(5) DEFAULT NULL,
  PRIMARY KEY (`id`)
) ENGINE=InnoDB DEFAULT CHARSET=utf8;

-- ----------------------------
-- Records of s_gis_info
-- ----------------------------
INSERT INTO `s_gis_info` VALUES ('1', '0', '2017-05-10 20:55:13', '0', null, '34534', '', 'dc1f763f4a9840aaa25fb6a782c43fd8', '0', '234234', '320500', 'http://www.bilibili.com/', '34234', '人民的名义', '2');
INSERT INTO `s_gis_info` VALUES ('10', '0', '2017-05-11 22:11:20', '0', null, '34567', null, '29189428ec14482e9f76070fe94ab646', '0', '98123', '610100', 'http://www.tonghuacun.com/', '43441', '奔跑吧兄弟', '1');
INSERT INTO `s_gis_info` VALUES ('11', '0', '2017-05-11 22:12:47', '0', null, '56732', null, '5158b1ba54814ba592949d3df229ce27', '0', '23412', '440300', 'http://www.repian.com/', '32124', '中国好声音', '0');
INSERT INTO `s_gis_info` VALUES ('12', '0', '2017-05-11 22:14:10', '3', null, '34123', null, '62645fc1e64149b9916f71b420b2a596', '0', '342331', '442000', 'http://www.dy2018.com/', '43465', '大话西游', '2');
INSERT INTO `s_gis_info` VALUES ('13', '0', '2017-05-11 22:15:20', '0', null, '32123', null, '9282c445010a478a824a6b16fef074ec', '0', '67853', '441900', 'http://www.zzlxs.net/', '9870', '刺客信条', '0');
INSERT INTO `s_gis_info` VALUES ('15', '0', '2017-05-11 22:20:28', '0', null, '55543', null, 'f513036f271c410dac1a1c192cc5e70f', '0', '4442', '310100', 'http://www.nk77.com/view/49692/', '12342', '笑傲江湖', '1');
INSERT INTO `s_gis_info` VALUES ('16', '0', '2017-05-11 22:22:04', '1', null, '32322', null, 'ce511c91c1bb4effa21d38dc4347018f', '0', '2221', 'HK_01', 'http://www.loldytt.com/', '11112', '高能少年团', '2');
INSERT INTO `s_gis_info` VALUES ('17', '0', '2017-05-11 23:23:47', '1', null, '31231', null, '3510e7edf99f4c5b85b6195a64be1a25', '1', '12312', '101', 'http://www.ikua.cc/', '32322', '吸血鬼日记', '0');
INSERT INTO `s_gis_info` VALUES ('18', '0', '2017-05-11 23:26:11', '1', null, '32412', null, '0621d10397fc4fccbbd85c9da33b8dee', '1', '3412', '101', 'http://www.51rrkank.com/', '12312', '釜山行', '1');
INSERT INTO `s_gis_info` VALUES ('19', '0', '2017-05-11 23:26:45', '2', null, '231231', null, 'dd2890da230a4c099bab0edab0444d10', '1', '23112', '101', 'http://www.beiwo.tv/', '3242', '海贼王', '2');
INSERT INTO `s_gis_info` VALUES ('2', '0', '2017-05-11 20:32:28', '3', null, '111111', null, '90921bff7d65488ea008a777fecbbeb6', '0', '222222', '32040', 'http://news.china.com/socialgd/10000169/20170517/30533403_all.htm', '333333', '北京小贩被揍', '2');
INSERT INTO `s_gis_info` VALUES ('21', '0', '2017-05-11 23:28:45', '0', null, '2342', null, 'd587ff7904fb4a35aaebfd68d36c7b5d', '1', '42342', '101', 'www.vv60.com', '23423', '美丽人生', '0');
INSERT INTO `s_gis_info` VALUES ('22', '0', '2017-05-11 23:31:05', '1', null, '23131', null, 'd8f1045e29904fceb8196d180aa67e4d', '1', '23424', '101', 'http://www.cc82.cc/', '4234', '卧虎藏龙', '1');
INSERT INTO `s_gis_info` VALUES ('23', '0', '2017-05-18 13:11:36', '1', null, '75000', null, 'a97a6412e48f4c338f3651d60b7268ce', '0', '11111', '110100', 'http://www.360doc.com/content/17/0215/18/15549792_62924636', '96584', '人名的名义', '0');
INSERT INTO `s_gis_info` VALUES ('24', '0', '2017-05-18 13:31:29', '1', null, '11111', null, '017bd7e6e72d4149a5c5367794c33637', '0', '22222', '130100', 'http://news.china.com/socialgd/10000169/20170517/30533403_all.htm', '78945', '欢乐颂', '1');
INSERT INTO `s_gis_info` VALUES ('25', '0', '2017-05-18 13:39:07', '3', null, '11111', null, 'f06620cd00234629997093e85389f39e', '0', '22222', '310100', 'http://news.ifeng.com/a/20170516/51102700_0.shtml', '89654', '黄鳝门事件', '2');
INSERT INTO `s_gis_info` VALUES ('26', '0', '2017-05-18 13:54:30', '3', null, '123123', null, 'ad67ff63e8534ba292e91505e245831a', '0', '22222', '320400', 'www.jyjch.com/rwzx/2017/0301/5610.html', '85965', '江苏小贩捅死城管', '0');
INSERT INTO `s_gis_info` VALUES ('3', '0', '2017-05-11 20:41:00', '2', null, '342432', null, 'a794b2ea602b4fa1bd3a46b461d54830', '0', '34234', '330100', 'http://v.baidu.com/', '34234', '心术', '1');
INSERT INTO `s_gis_info` VALUES ('4', '0', '2017-05-11 20:43:03', '3', null, '23423', null, '133bd52e5cd14ae7ac89fdd6c96306b2', '0', '23423', '320600', 'http://www.mgtv.com/1', '2342', '奇葩说', '0');
INSERT INTO `s_gis_info` VALUES ('5', '0', '2017-05-11 20:44:01', '0', null, '34234', null, 'a101436612ea4eb9baa2c1098c6fa958', '0', '242342', '330500', 'http://www.ku6.com/', '234234', '快乐大本营', '2');
INSERT INTO `s_gis_info` VALUES ('6', '0', '2017-05-11 21:34:11', '1', null, '12345', null, 'a455d4ee4cb1441a97a4593ae94abba0', '0', '12345', '320100', 'http://v.ifeng.com/', '23345', '海上钢琴师', '0');
INSERT INTO `s_gis_info` VALUES ('7', '0', '2017-05-11 21:37:00', '1', null, '56789', null, '971933ce311b4c578ca5f5a057d8e8a0', '0', '67890', '320300', 'http://www.56.com/', '34521', '生化危机', '1');
INSERT INTO `s_gis_info` VALUES ('8', '0', '2017-05-11 21:39:42', '1', null, '12345', null, 'a3d10c7735a64d6facf4fa8211cf505a', '0', '97612', '330300', 'http://www.v1.cn/', '12356', '速度与激情', '0');
INSERT INTO `s_gis_info` VALUES ('9', '0', '2017-05-11 22:09:36', '2', null, '456787', null, 'eaee145510b2422fac2456c52da18a8b', '0', '43523', '321200', 'http://xiyou.cntv.cn/', '34563', '叶问', '2');

-- ----------------------------
-- Table structure for s_highcharts_info
-- ----------------------------
DROP TABLE IF EXISTS `s_highcharts_info`;
CREATE TABLE `s_highcharts_info` (
  `id` varchar(50) NOT NULL,
  `DEL_FLAG` tinyint(1) NOT NULL,
  `CREATE_TIME` datetime NOT NULL,
  `TOTAL_CNT` int(11) DEFAULT NULL,
  `CONTENT_TYPE` int(11) DEFAULT NULL,
  PRIMARY KEY (`id`)
) ENGINE=InnoDB DEFAULT CHARSET=utf8;

-- ----------------------------
-- Records of s_highcharts_info
-- ----------------------------
INSERT INTO `s_highcharts_info` VALUES ('0', '0', '2017-05-11 16:04:16', '1000', '0');
INSERT INTO `s_highcharts_info` VALUES ('1', '0', '2017-05-11 16:05:14', '222', '1');
INSERT INTO `s_highcharts_info` VALUES ('2', '0', '2017-05-11 16:05:26', '25689', '2');
INSERT INTO `s_highcharts_info` VALUES ('3', '0', '2017-05-11 16:05:40', '5575', '3');
INSERT INTO `s_highcharts_info` VALUES ('4', '0', '2017-05-11 16:05:50', '79587', '4');
INSERT INTO `s_highcharts_info` VALUES ('5', '0', '2017-05-11 16:06:02', '5547', '5');
INSERT INTO `s_highcharts_info` VALUES ('6', '0', '2017-05-11 16:06:12', '87144', '6');

-- ----------------------------
-- Table structure for s_hot_info
-- ----------------------------
DROP TABLE IF EXISTS `s_hot_info`;
CREATE TABLE `s_hot_info` (
  `ID` varchar(50) NOT NULL,
  `DEL_FLAG` tinyint(1) NOT NULL,
  `CREATE_TIME` datetime NOT NULL,
  `PERIOD_TYPE` smallint(6) DEFAULT NULL,
  `TIME_DIS` varchar(512) DEFAULT NULL,
  `CONTENT_TYPE` smallint(6) DEFAULT NULL,
  `SOURCE_URL` varchar(2048) DEFAULT NULL,
  `RANK_ID` varchar(10) DEFAULT NULL,
  `EXPONENT` varchar(512) DEFAULT NULL,
  `HOT_TREND` smallint(6) DEFAULT NULL,
  `DETAIL_IMG` varchar(512) DEFAULT NULL,
  `DETAIL_INFO` varchar(2048) DEFAULT NULL,
  `KEY_WORDS` varchar(512) DEFAULT NULL,
  PRIMARY KEY (`ID`)
) ENGINE=InnoDB DEFAULT CHARSET=utf8;

-- ----------------------------
-- Records of s_hot_info
-- ----------------------------
INSERT INTO `s_hot_info` VALUES ('0', '0', '2017-05-09 19:27:39', '1', '0', '0', '0', '1', '0', '0', null, null, '人民的名义');
INSERT INTO `s_hot_info` VALUES ('1', '0', '2017-05-10 15:06:34', '1', '02', '0', '1', '2', '242', '1', null, null, '万年历');
INSERT INTO `s_hot_info` VALUES ('2', '0', '2017-05-10 15:54:31', '1', '2017-05-09', '0', '22', '3', '02', '2', null, null, 'PPD');
INSERT INTO `s_hot_info` VALUES ('3', '0', '2017-05-10 16:06:23', '1', '2017-05-10', '1', '22', '4', '0', '0', null, null, '五五开');
INSERT INTO `s_hot_info` VALUES ('4', '0', '2017-05-10 16:06:46', '1', '2017-05-11', '1', '12', '5', '50', '1', null, null, '东莞时间');
INSERT INTO `s_hot_info` VALUES ('5', '0', '2017-05-10 17:11:54', '1', '2017-05-11', '2', '22', '6', '55', '2', null, null, '皇朝酒吧');

-- ----------------------------
-- Table structure for s_judicature_info
-- ----------------------------
DROP TABLE IF EXISTS `s_judicature_info`;
CREATE TABLE `s_judicature_info` (
  `ID` varchar(50) NOT NULL,
  `DEL_FLAG` tinyint(1) NOT NULL DEFAULT '0',
  `CREATE_TIME` datetime NOT NULL,
  `SAVING_CNT` int(11) DEFAULT NULL,
  `SAVED_CNT` int(11) DEFAULT NULL,
  `CHANGED_CNT` int(11) DEFAULT NULL,
  `COMPROMISE_CNT` int(11) DEFAULT NULL,
  `PURSUE_CNT` int(11) DEFAULT NULL,
  `ADJUDGED_CNT` int(11) DEFAULT NULL
) ENGINE=InnoDB DEFAULT CHARSET=utf8;

-- ----------------------------
-- Records of s_judicature_info
-- ----------------------------
INSERT INTO `s_judicature_info` VALUES ('1', '0', '2017-05-18 11:51:17', null, null, null, null, null, null);
INSERT INTO `s_judicature_info` VALUES ('1', '0', '2017-05-18 11:51:24', null, null, null, null, null, null);

-- ----------------------------
-- Table structure for s_taskstatus_info
-- ----------------------------
DROP TABLE IF EXISTS `s_taskstatus_info`;
CREATE TABLE `s_taskstatus_info` (
  `id` varchar(50) NOT NULL,
  `del_flag` tinyint(1) NOT NULL,
  `create_time` datetime NOT NULL,
  `content_type` tinyint(5) DEFAULT NULL,
  `task_job_id` varchar(50) DEFAULT NULL,
  `task_status` varchar(50) DEFAULT NULL,
  PRIMARY KEY (`id`)
) ENGINE=InnoDB DEFAULT CHARSET=utf8;

-- ----------------------------
-- Records of s_taskstatus_info
-- ----------------------------
INSERT INTO `s_taskstatus_info` VALUES ('1', '0', '2017-05-09 09:37:40', '1', 'b77be89e929b4d5e874e34c64bfffdc6', '0');
INSERT INTO `s_taskstatus_info` VALUES ('10', '0', '2017-05-09 09:44:20', '2', 'ccc9e031128a4fa980c542868fa8a884', '0');
INSERT INTO `s_taskstatus_info` VALUES ('11', '0', '2017-05-09 09:44:34', '3', '97f87db16e194e95ab174a5e95fbc262', '1');
INSERT INTO `s_taskstatus_info` VALUES ('12', '0', '2017-05-09 09:44:47', '4', '72ceee1ac93941bcbef74faa0173368d', '2');
INSERT INTO `s_taskstatus_info` VALUES ('13', '0', '2017-05-09 09:45:01', '1', '3b0a5a6938604f63af9ddf2d793924a0', '0');
INSERT INTO `s_taskstatus_info` VALUES ('14', '0', '2017-05-09 09:45:20', '2', '3a90da1d1f2041288480604056c9f2e0', '1');
INSERT INTO `s_taskstatus_info` VALUES ('15', '0', '2017-05-09 09:45:38', '3', 'fd36fb87cb104b92843b7ad2eac433f2', '2');
INSERT INTO `s_taskstatus_info` VALUES ('16', '0', '2017-05-09 09:45:56', '4', '2c0ef4c7e77644ddb1673ff12195a23b', '0');
INSERT INTO `s_taskstatus_info` VALUES ('2', '0', '2017-05-09 09:41:50', '2', '2288e23c65064de0b53d35941f35dcc0', '1');
INSERT INTO `s_taskstatus_info` VALUES ('3', '0', '2017-05-09 09:42:09', '3', '165b83e8f74b4fb1835cd0a0874b2927', '2');
INSERT INTO `s_taskstatus_info` VALUES ('4', '0', '2017-05-09 09:42:28', '4', '9b8a4ef83be74b05922fb7905d9e5a72', '0');
INSERT INTO `s_taskstatus_info` VALUES ('5', '0', '2017-05-09 09:42:49', '1', '83791636486b4146974535cea2967cb4', '1');
INSERT INTO `s_taskstatus_info` VALUES ('6', '0', '2017-05-09 09:43:05', '2', '8c735490eedd4663a7ba4e7e745b7737', '2');
INSERT INTO `s_taskstatus_info` VALUES ('7', '0', '2017-05-09 09:43:20', '3', 'e35c51b421b240beb6d75d32e31dd480', '0');
INSERT INTO `s_taskstatus_info` VALUES ('8', '0', '2017-05-09 09:43:44', '4', '51e71031b4b94b9f98ffe7f4f7802092', '1');
INSERT INTO `s_taskstatus_info` VALUES ('9', '0', '2017-05-09 09:44:06', '1', 'a974eda7679d4ade8df76c613e440e7c', '2');

-- ----------------------------
-- Table structure for s_tort_info
-- ----------------------------
DROP TABLE IF EXISTS `s_tort_info`;
CREATE TABLE `s_tort_info` (
  `id` varchar(50) NOT NULL,
  `del_flag` tinyint(1) NOT NULL,
  `create_time` datetime NOT NULL,
  `content_type` tinyint(5) DEFAULT NULL,
  `total_cnt` int(11) DEFAULT NULL,
  PRIMARY KEY (`id`)
) ENGINE=InnoDB DEFAULT CHARSET=utf8;

-- ----------------------------
-- Records of s_tort_info
-- ----------------------------
INSERT INTO `s_tort_info` VALUES ('1', '0', '2017-05-08 16:20:52', '0', '62500');
INSERT INTO `s_tort_info` VALUES ('2', '0', '2017-05-08 16:21:38', '1', '22802');
INSERT INTO `s_tort_info` VALUES ('3', '0', '2017-05-08 16:22:10', '2', '33307');
INSERT INTO `s_tort_info` VALUES ('4', '0', '2017-05-08 16:22:31', '3', '42407');
INSERT INTO `s_tort_info` VALUES ('5', '0', '2017-05-08 16:22:52', '4', '13217');
INSERT INTO `s_tort_info` VALUES ('6', '0', '2017-05-09 14:58:38', '5', '14194');

-- ----------------------------
-- Table structure for s_total_info
-- ----------------------------
DROP TABLE IF EXISTS `s_total_info`;
CREATE TABLE `s_total_info` (
  `id` varchar(50) NOT NULL,
  `del_flag` tinyint(1) NOT NULL,
  `create_time` datetime NOT NULL,
  `period_type` tinyint(5) DEFAULT NULL,
  `time_dis` varchar(50) DEFAULT NULL,
  `content_type` tinyint(5) DEFAULT NULL,
  `tort_cnt` int(11) DEFAULT NULL,
  PRIMARY KEY (`id`)
) ENGINE=InnoDB DEFAULT CHARSET=utf8;

-- ----------------------------
-- Records of s_total_info
-- ----------------------------
INSERT INTO `s_total_info` VALUES ('1', '0', '2017-05-07 14:26:09', '2', '20170508', '0', '10000');
INSERT INTO `s_total_info` VALUES ('10', '0', '2017-05-08 15:51:07', '0', '20170508', '4', '43214');
INSERT INTO `s_total_info` VALUES ('11', '0', '2017-05-08 15:51:41', '1', '20170508', '0', '6658');
INSERT INTO `s_total_info` VALUES ('12', '0', '2017-05-08 15:52:11', '1', '20170508', '1', '456');
INSERT INTO `s_total_info` VALUES ('13', '0', '2017-05-08 15:52:33', '1', '20170508', '2', '789');
INSERT INTO `s_total_info` VALUES ('14', '0', '2017-05-08 15:52:46', '1', '20170508', '3', '2163');
INSERT INTO `s_total_info` VALUES ('15', '0', '2017-05-08 15:53:08', '1', '20170508', '4', '3654');
INSERT INTO `s_total_info` VALUES ('16', '0', '2017-05-09 14:42:46', '0', '20170508', '5', '46817');
INSERT INTO `s_total_info` VALUES ('17', '0', '2017-05-09 14:43:23', '1', '20170508', '5', '156');
INSERT INTO `s_total_info` VALUES ('18', '0', '2017-05-09 14:43:40', '2', '20170508', '5', '86');
INSERT INTO `s_total_info` VALUES ('19', '0', '2017-05-16 12:04:35', '0', '20170516', '3', '38085');
INSERT INTO `s_total_info` VALUES ('2', '0', '2017-05-08 14:26:58', '2', '20170508', '1', '99');
INSERT INTO `s_total_info` VALUES ('3', '0', '2017-05-09 14:27:44', '2', '20170508', '2', '199');
INSERT INTO `s_total_info` VALUES ('4', '0', '2017-05-10 14:27:58', '2', '20170508', '3', '299');
INSERT INTO `s_total_info` VALUES ('5', '0', '2017-05-11 14:28:16', '2', '20170508', '4', '399');
INSERT INTO `s_total_info` VALUES ('6', '0', '2017-05-12 15:49:03', '0', '20170508', '0', '180181');
INSERT INTO `s_total_info` VALUES ('7', '0', '2017-05-06 15:50:01', '0', '20170508', '1', '23377');
INSERT INTO `s_total_info` VALUES ('8', '0', '2017-05-08 15:50:26', '0', '20170508', '2', '28688');
INSERT INTO `s_total_info` VALUES ('9', '0', '2017-05-08 15:50:48', '0', '20170508', '3', '455');

-- ----------------------------
-- Table structure for taskjob_20170520211045
-- ----------------------------
DROP TABLE IF EXISTS `taskjob_20170520211045`;
CREATE TABLE `taskjob_20170520211045` (
  `href_url` varchar(1024) DEFAULT NULL,
  `name` varchar(1024) DEFAULT NULL,
  `id` varchar(50) NOT NULL,
  `task_job_create_time` datetime DEFAULT NULL,
  `task_job_del_flag` tinyint(4) DEFAULT NULL,
  `task_job_id_sequence` varchar(50) DEFAULT NULL,
  PRIMARY KEY (`id`)
) ENGINE=InnoDB DEFAULT CHARSET=utf8;

-- ----------------------------
-- Records of taskjob_20170520211045
-- ----------------------------
INSERT INTO `taskjob_20170520211045` VALUES ('pagelist.jsp?id=d52af1b1f4524163b2d2939e91a0fa5b', '部门', '6c49661e-3d7f-11e7-9b27-e09467f6dff0', '2017-05-21 01:11:58', '0', null);
INSERT INTO `taskjob_20170520211045` VALUES ('pagelist.jsp?id=dbe5ea9b07014693a5d8ccd09e505070', '管委会', '712d13cf-3d7f-11e7-99dc-e09467f6dff0', '2017-05-21 01:12:02', '0', null);
INSERT INTO `taskjob_20170520211045` VALUES ('pagelist.jsp?id=a988a9213c254c96b72dbd0568955a30', '街道', '7137740f-3d7f-11e7-bad2-e09467f6dff0', '2017-05-21 01:12:02', '0', null);
INSERT INTO `taskjob_20170520211045` VALUES ('pagelist.jsp?id=07f2924824d742ba8589c1aead7a6131', '社区', '713eee21-3d7f-11e7-a30e-e09467f6dff0', '2017-05-21 01:12:02', '0', null);
INSERT INTO `taskjob_20170520211045` VALUES ('pagelist.jsp?id=ba838b1986884297bfb02209033b47de', '公告', '7145a4de-3d7f-11e7-9957-e09467f6dff0', '2017-05-21 01:12:02', '0', null);
INSERT INTO `taskjob_20170520211045` VALUES ('pagelist.jsp?id=3c8cb6c44d4d45a1947516bf689088da', '应急', '714c82b0-3d7f-11e7-b0fd-e09467f6dff0', '2017-05-21 01:12:02', '0', null);
INSERT INTO `taskjob_20170520211045` VALUES ('pagelist.jsp?id=86e9d0f599f24fc18f037e0e471e4235', '人事', '71536080-3d7f-11e7-89e9-e09467f6dff0', '2017-05-21 01:12:02', '0', null);
INSERT INTO `taskjob_20170520211045` VALUES ('pagelist.jsp?id=a8ff1757a65c42eea561fd7201c83e94', '会议', '7157a640-3d7f-11e7-a016-e09467f6dff0', '2017-05-21 01:12:02', '0', null);
INSERT INTO `taskjob_20170520211045` VALUES ('pagelist.jsp?id=62781a4a0da04f01a760ef6a8a2b6666', '经济', '715b9de1-3d7f-11e7-8249-e09467f6dff0', '2017-05-21 01:12:03', '0', null);
INSERT INTO `taskjob_20170520211045` VALUES ('xxgk/xxgk_list1.jsp?id=472ddc94db924e718277a2743906e53b', '报告', '715f204f-3d7f-11e7-b8a5-e09467f6dff0', '2017-05-21 01:12:03', '0', null);
INSERT INTO `taskjob_20170520211045` VALUES ('pagelist.jsp?id=26e96a435c8c4c718698959effb964b9', '数据', '7163660f-3d7f-11e7-8294-e09467f6dff0', '2017-05-21 01:12:03', '0', null);
INSERT INTO `taskjob_20170520211045` VALUES ('pagelist.jsp?id=cd51b8714494473fade9cf3bd824794a', '期刊', '716784c0-3d7f-11e7-b5f7-e09467f6dff0', '2017-05-21 01:12:03', '0', null);
INSERT INTO `taskjob_20170520211045` VALUES ('pagelist.jsp?id=d52af1b1f4524163b2d2939e91a0fa5b', '部门', '8daac74f-3d7f-11e7-8b9a-e09467f6dff0', '2017-05-21 01:12:50', '0', null);
INSERT INTO `taskjob_20170520211045` VALUES ('pagelist.jsp?id=d52af1b1f4524163b2d2939e91a0fa5b', '部门', 'b8426770-3d7f-11e7-9a19-e09467f6dff0', '2017-05-21 01:14:01', '0', null);
INSERT INTO `taskjob_20170520211045` VALUES ('pagelist.jsp?id=d52af1b1f4524163b2d2939e91a0fa5b', '部门', 'd8d925a1-3d7f-11e7-9594-e09467f6dff0', '2017-05-21 01:14:56', '0', null);
INSERT INTO `taskjob_20170520211045` VALUES ('pagelist.jsp?id=dbe5ea9b07014693a5d8ccd09e505070', '管委会', 'd90824de-3d7f-11e7-bad4-e09467f6dff0', '2017-05-21 01:14:56', '0', null);
INSERT INTO `taskjob_20170520211045` VALUES ('pagelist.jsp?id=a988a9213c254c96b72dbd0568955a30', '街道', 'd91cbe4f-3d7f-11e7-9dce-e09467f6dff0', '2017-05-21 01:14:57', '0', null);
INSERT INTO `taskjob_20170520211045` VALUES ('pagelist.jsp?id=07f2924824d742ba8589c1aead7a6131', '社区', 'd93109a1-3d7f-11e7-83c1-e09467f6dff0', '2017-05-21 01:14:57', '0', null);

-- ----------------------------
-- Table structure for taskjob_20170520211046
-- ----------------------------
DROP TABLE IF EXISTS `taskjob_20170520211046`;
CREATE TABLE `taskjob_20170520211046` (
  `detail_url` varchar(1024) DEFAULT NULL,
  `desc` varchar(5048) DEFAULT NULL,
  `info` varchar(100) DEFAULT NULL,
  `pageCount` varchar(255) DEFAULT NULL,
  `id` varchar(50) NOT NULL,
  `task_job_create_time` datetime DEFAULT NULL,
  `task_job_del_flag` tinyint(4) DEFAULT NULL,
  `task_job_id_sequence` varchar(50) DEFAULT NULL,
  PRIMARY KEY (`id`)
) ENGINE=InnoDB DEFAULT CHARSET=utf8;

-- ----------------------------
-- Records of taskjob_20170520211046
-- ----------------------------
INSERT INTO `taskjob_20170520211046` VALUES ('../content.jsp?id=2c9f814e5c10b5a4015c148512bd02e4&classid=d52af1b1f4524163b2d2939e91a0fa5b', '2017年5月16日，为迎接重庆市第五次党代会的召开，进一步加强和规范党内政治生活，由区商务局、区文联主办的《图说党员干部不可不知的党内政治生活重要规矩》漫画展在王琦美术博物馆开展，并吸引不少党员干部...', '点击127次 2017-05-18', '608', '91affbe1-3d7f-11e7-90be-e09467f6dff0', '2017-05-21 01:12:57', '0', null);
INSERT INTO `taskjob_20170520211046` VALUES ('../content.jsp?id=2c9f814e5c10b5a4015c1455521b02a6&classid=d52af1b1f4524163b2d2939e91a0fa5b', '4月23日，2017年“4.23世界读书日”暨“第十届重庆读书月”启动仪式在解放碑举行。市委常委、宣传部部长燕平，市人大常委会副主任沈金强，市政府副市长谭家玲，市政协副主席吴刚，市委宣传部副部长、...', '点击128次 2017-05-17', '608', '91baaa40-3d7f-11e7-83bd-e09467f6dff0', '2017-05-21 01:12:57', '0', null);
INSERT INTO `taskjob_20170520211046` VALUES ('../content.jsp?id=2c9f814e5c0f03bd015c0f341b0400cb&classid=d52af1b1f4524163b2d2939e91a0fa5b', '5月12日上午，渝中区“放管服”专题培训班结业典礼在重庆大学法学院顺利结业。区行服办主任李林、重庆大学法学院培训中心主任张波林以及全体参训学员共同出席了结业典礼。\r\n本次培训主题鲜明、内容', '点击147次 2017-05-16', '608', '91c92930-3d7f-11e7-98b5-e09467f6dff0', '2017-05-21 01:12:57', '0', null);
INSERT INTO `taskjob_20170520211046` VALUES ('../content.jsp?id=2c9f814e5c0f03bd015c0f341b7200cd&classid=d52af1b1f4524163b2d2939e91a0fa5b', '渝中区“放管服”改革专题培训班开班以来，紧紧围绕依法行政、公共服务能力建设、政务服务和行政许可标准化建设等热点问题开展培训，为下好全面深化改革“先手棋”奠定了坚实理论基础。\r\n\r\n培训中，学员们对政府...', '点击159次 2017-05-16', '608', '91d97cde-3d7f-11e7-8ae3-e09467f6dff0', '2017-05-21 01:12:57', '0', null);
INSERT INTO `taskjob_20170520211046` VALUES ('../content.jsp?id=2c9f814e5c0f03bd015c0f341bb000cf&classid=d52af1b1f4524163b2d2939e91a0fa5b', '为深入贯彻落实国务院、市政府的决策部署，在全区简政放权、放管结合、优化服务改革工作推向纵深的关键阶段，由区编办、区政府法制办、区行服办主办的全区“放管服”改革专题培训，于5月8日上午在重庆大学B区法学...', '点击132次 2017-05-16', '608', '91e367f0-3d7f-11e7-82f1-e09467f6dff0', '2017-05-21 01:12:57', '0', null);
INSERT INTO `taskjob_20170520211046` VALUES ('../content.jsp?id=2c9f814e5c0b5859015c0ef017ed01d7&classid=d52af1b1f4524163b2d2939e91a0fa5b', '一是强化“三级联动”。打造区指挥部、区违整指挥办和各分指挥部及各成员单位“三级联动”工作体制，完善督查督办、工作约谈、考核问责等7项工作制度，优化违法建筑受理、查处等6个工作流程。二是强化“三个结...', '点击230次 2017-05-16', '608', '91eb7e40-3d7f-11e7-bf18-e09467f6dff0', '2017-05-21 01:12:57', '0', null);
INSERT INTO `taskjob_20170520211046` VALUES ('../content.jsp?id=2c9f814e5c10b5a4015c148512bd02e4&classid=d52af1b1f4524163b2d2939e91a0fa5b', '2017年5月16日，为迎接重庆市第五次党代会的召开，进一步加强和规范党内政治生活，由区商务局、区文联主办的《图说党员干部不可不知的党内政治生活重要规矩》漫画展在王琦美术博物馆开展，并吸引不少党员干部...', '点击127次 2017-05-18', '608', 'b8fd5300-3d7f-11e7-b8e7-e09467f6dff0', '2017-05-21 01:14:03', '0', null);
INSERT INTO `taskjob_20170520211046` VALUES ('../content.jsp?id=2c9f814e5c10b5a4015c1455521b02a6&classid=d52af1b1f4524163b2d2939e91a0fa5b', '4月23日，2017年“4.23世界读书日”暨“第十届重庆读书月”启动仪式在解放碑举行。市委常委、宣传部部长燕平，市人大常委会副主任沈金强，市政府副市长谭家玲，市政协副主席吴刚，市委宣传部副部长、...', '点击128次 2017-05-17', '608', 'b91324ee-3d7f-11e7-9b92-e09467f6dff0', '2017-05-21 01:14:03', '0', null);
INSERT INTO `taskjob_20170520211046` VALUES ('../content.jsp?id=2c9f814e5c0f03bd015c0f341b0400cb&classid=d52af1b1f4524163b2d2939e91a0fa5b', '5月12日上午，渝中区“放管服”专题培训班结业典礼在重庆大学法学院顺利结业。区行服办主任李林、重庆大学法学院培训中心主任张波林以及全体参训学员共同出席了结业典礼。\r\n本次培训主题鲜明、内容', '点击147次 2017-05-16', '608', 'b925c28f-3d7f-11e7-869c-e09467f6dff0', '2017-05-21 01:14:03', '0', null);
INSERT INTO `taskjob_20170520211046` VALUES ('../content.jsp?id=2c9f814e5c0f03bd015c0f341b7200cd&classid=d52af1b1f4524163b2d2939e91a0fa5b', '渝中区“放管服”改革专题培训班开班以来，紧紧围绕依法行政、公共服务能力建设、政务服务和行政许可标准化建设等热点问题开展培训，为下好全面深化改革“先手棋”奠定了坚实理论基础。\r\n\r\n培训中，学员们对政府...', '点击159次 2017-05-16', '608', 'b931d080-3d7f-11e7-a486-e09467f6dff0', '2017-05-21 01:14:03', '0', null);
INSERT INTO `taskjob_20170520211046` VALUES ('../content.jsp?id=2c9f814e5c0f03bd015c0f341bb000cf&classid=d52af1b1f4524163b2d2939e91a0fa5b', '为深入贯彻落实国务院、市政府的决策部署，在全区简政放权、放管结合、优化服务改革工作推向纵深的关键阶段，由区编办、区政府法制办、区行服办主办的全区“放管服”改革专题培训，于5月8日上午在重庆大学B区法学...', '点击132次 2017-05-16', '608', 'b93af840-3d7f-11e7-a597-e09467f6dff0', '2017-05-21 01:14:03', '0', null);
INSERT INTO `taskjob_20170520211046` VALUES ('../content.jsp?id=2c9f814e5c0b5859015c0ef017ed01d7&classid=d52af1b1f4524163b2d2939e91a0fa5b', '一是强化“三级联动”。打造区指挥部、区违整指挥办和各分指挥部及各成员单位“三级联动”工作体制，完善督查督办、工作约谈、考核问责等7项工作制度，优化违法建筑受理、查处等6个工作流程。二是强化“三个结...', '点击230次 2017-05-16', '608', 'b9442000-3d7f-11e7-b279-e09467f6dff0', '2017-05-21 01:14:03', '0', null);
INSERT INTO `taskjob_20170520211046` VALUES ('../content.jsp?id=2c9f814e5c157d29015c15c02af2005e&classid=dbe5ea9b07014693a5d8ccd09e505070', '历史文化街区建设管委会党工委在“两学一做”学习教育活动中，坚持“四个结合”，推进“两学一做”学习教育常态化制度化。', '点击88次 2017-05-18', '40', 'fba428f0-3d7f-11e7-b7c5-e09467f6dff0', '2017-05-21 01:15:55', '0', null);
INSERT INTO `taskjob_20170520211046` VALUES ('../content.jsp?id=2c9f814e5c10b5a4015c144d68c90295&classid=dbe5ea9b07014693a5d8ccd09e505070', '一是理论武装扎实推进。邀请专家、区委宣讲团到园区开展“党的历次会议精神”和“营改增”、“总部及楼宇经济政策”等形势政策宣讲65场次；组织中心组集中学习16次，开展“两学一做”学习教育13次，创新运...', '点击115次 2017-05-17', '40', 'fbbfc740-3d7f-11e7-a43f-e09467f6dff0', '2017-05-21 01:15:55', '0', null);
INSERT INTO `taskjob_20170520211046` VALUES ('../content.jsp?id=2c9f814e5bfc44aa015c09ab2d7600c9&classid=dbe5ea9b07014693a5d8ccd09e505070', '为了继承和发扬“五四精神”，增强团组织的凝聚力、战斗力，激发广大团员青年干事创业热情，大石化管委会团工委于5月4日组织全体青年团员以观看纪录片、知识问答、参观纪念馆等形式开展“不忘初心跟党走”主题活动...', '点击251次 2017-05-15', '40', 'fbc62fe1-3d7f-11e7-9928-e09467f6dff0', '2017-05-21 01:15:55', '0', null);
INSERT INTO `taskjob_20170520211046` VALUES ('../content.jsp?id=2c9f814e5bf6fd2a015bfb93a8d30337&classid=dbe5ea9b07014693a5d8ccd09e505070', '高标准“建好”党群服务中心，建成龙湖时代天街党群服务中心，安排1名专职党建指导员、1名楼宇服务专管员和1名统计工作员组成“服务小组”，配齐配强服务力量。强服务“用好”党群服务中心，围绕“打造园区党...', '点击306次 2017-05-12', '40', 'fbdc28e1-3d7f-11e7-957a-e09467f6dff0', '2017-05-21 01:15:55', '0', null);
INSERT INTO `taskjob_20170520211046` VALUES ('../content.jsp?id=2c9f814e5be0a012015be75e94220586&classid=dbe5ea9b07014693a5d8ccd09e505070', '', '点击566次 2017-05-08', '40', 'fbe5ecde-3d7f-11e7-90ce-e09467f6dff0', '2017-05-21 01:15:55', '0', null);
INSERT INTO `taskjob_20170520211046` VALUES ('../content.jsp?id=2c9f814e5ba28ce9015bccf713ad4021&classid=dbe5ea9b07014693a5d8ccd09e505070', '', '点击703次 2017-05-03', '40', 'fbecf1c0-3d7f-11e7-8c3b-e09467f6dff0', '2017-05-21 01:15:55', '0', null);
INSERT INTO `taskjob_20170520211046` VALUES ('../content.jsp?id=2c9f814e5c15ede9015c1acf0cae031f&classid=07f2924824d742ba8589c1aead7a6131', '敬重母亲，弘扬母爱是当今青少年必不可少的一种品德。母亲节来临之际，石油路街道妇联、煤建新村社区、龙湖优可英语培训机构5月12日共同开展了“敬母有礼，爱母有语”母亲节感恩活动。本次活动共有辖区70余名青...', '点击48次 2017-05-19', '396', 'fd076270-3d7f-11e7-a456-e09467f6dff0', '2017-05-21 01:15:57', '0', null);
INSERT INTO `taskjob_20170520211046` VALUES ('../content.jsp?id=2c9f814e5c15ede9015c1961c89800a8&classid=07f2924824d742ba8589c1aead7a6131', '为了促进社区消防安全建设，切实提高全民自防自救和抵御火灾的能力，进一步增强全民消防安全意识，普及消防安全知识，营造人人关注消防、参与消防、支持消防的浓厚气氛。曾家岩社区5月16日在渝中大夏前广场举行了...', '点击70次 2017-05-18', '396', 'fd0f9fcf-3d7f-11e7-bd37-e09467f6dff0', '2017-05-21 01:15:57', '0', null);
INSERT INTO `taskjob_20170520211046` VALUES ('../content.jsp?id=2c9f814e5c15ede9015c1960cb0800a6&classid=07f2924824d742ba8589c1aead7a6131', '5月16日下午，桂花园社区邀请消防员李安同志，义务为辖区居民、平安志愿者开展消防知识讲座。', '点击69次 2017-05-18', '396', 'fd1740ee-3d7f-11e7-a278-e09467f6dff0', '2017-05-21 01:15:57', '0', null);
INSERT INTO `taskjob_20170520211046` VALUES ('../content.jsp?id=2c9f814e5c15ede9015c1960092100a4&classid=07f2924824d742ba8589c1aead7a6131', '5月16日上午，桂花园社区联合重庆邮政银行开展“珍惜一生血汗，远离非法集资”金融知识讲座。', '点击68次 2017-05-18', '396', 'fd1f7e4f-3d7f-11e7-93f6-e09467f6dff0', '2017-05-21 01:15:57', '0', null);
INSERT INTO `taskjob_20170520211046` VALUES ('../content.jsp?id=2c9f814e5c15ede9015c195c3da900a2&classid=07f2924824d742ba8589c1aead7a6131', '新都巷社区党委于5月15日下午，组织“两委”成员及支部书记开展学习廖俊波同志先进事迹活动。', '点击88次 2017-05-18', '396', 'fd27bbae-3d7f-11e7-8f8f-e09467f6dff0', '2017-05-21 01:15:57', '0', null);
INSERT INTO `taskjob_20170520211046` VALUES ('../content.jsp?id=2c9f814e5c15ede9015c195b048100a0&classid=07f2924824d742ba8589c1aead7a6131', '5月13日上午，嘉西村社区微型少年宫联合重庆邮电大学青协会开展了以“同在蓝天下，动物共家园”为主题的社区活动。社区青少年、外来务工人员子女、志愿者等合计30余人参加。', '点击70次 2017-05-18', '396', 'fd2fd200-3d7f-11e7-bc68-e09467f6dff0', '2017-05-21 01:15:57', '0', null);
INSERT INTO `taskjob_20170520211046` VALUES ('../content.jsp?id=2c9f814e5c10b5a4015c148512bd02e4&classid=d52af1b1f4524163b2d2939e91a0fa5b', '2017年5月16日，为迎接重庆市第五次党代会的召开，进一步加强和规范党内政治生活，由区商务局、区文联主办的《图说党员干部不可不知的党内政治生活重要规矩》漫画展在王琦美术博物馆开展，并吸引不少党员干部...', '点击127次 2017-05-18', '608', 'fd7629d1-3d7f-11e7-9fc7-e09467f6dff0', '2017-05-21 01:15:58', '0', null);
INSERT INTO `taskjob_20170520211046` VALUES ('../content.jsp?id=2c9f814e5c10b5a4015c1455521b02a6&classid=d52af1b1f4524163b2d2939e91a0fa5b', '4月23日，2017年“4.23世界读书日”暨“第十届重庆读书月”启动仪式在解放碑举行。市委常委、宣传部部长燕平，市人大常委会副主任沈金强，市政府副市长谭家玲，市政协副主席吴刚，市委宣传部副部长、...', '点击128次 2017-05-17', '608', 'fd84a8c0-3d7f-11e7-8354-e09467f6dff0', '2017-05-21 01:15:58', '0', null);
INSERT INTO `taskjob_20170520211046` VALUES ('../content.jsp?id=2c9f814e5c0f03bd015c0f341b0400cb&classid=d52af1b1f4524163b2d2939e91a0fa5b', '5月12日上午，渝中区“放管服”专题培训班结业典礼在重庆大学法学院顺利结业。区行服办主任李林、重庆大学法学院培训中心主任张波林以及全体参训学员共同出席了结业典礼。\r\n本次培训主题鲜明、内容', '点击147次 2017-05-16', '608', 'fd8d825e-3d7f-11e7-a713-e09467f6dff0', '2017-05-21 01:15:58', '0', null);
INSERT INTO `taskjob_20170520211046` VALUES ('../content.jsp?id=2c9f814e5c0f03bd015c0f341b7200cd&classid=d52af1b1f4524163b2d2939e91a0fa5b', '渝中区“放管服”改革专题培训班开班以来，紧紧围绕依法行政、公共服务能力建设、政务服务和行政许可标准化建设等热点问题开展培训，为下好全面深化改革“先手棋”奠定了坚实理论基础。\r\n\r\n培训中，学员们对政府...', '点击159次 2017-05-16', '608', 'fd954a91-3d7f-11e7-939f-e09467f6dff0', '2017-05-21 01:15:58', '0', null);
INSERT INTO `taskjob_20170520211046` VALUES ('../content.jsp?id=2c9f814e5c0f03bd015c0f341bb000cf&classid=d52af1b1f4524163b2d2939e91a0fa5b', '为深入贯彻落实国务院、市政府的决策部署，在全区简政放权、放管结合、优化服务改革工作推向纵深的关键阶段，由区编办、区政府法制办、区行服办主办的全区“放管服”改革专题培训，于5月8日上午在重庆大学B区法学...', '点击132次 2017-05-16', '608', 'fda242de-3d7f-11e7-8b11-e09467f6dff0', '2017-05-21 01:15:58', '0', null);
INSERT INTO `taskjob_20170520211046` VALUES ('../content.jsp?id=2c9f814e5c0b5859015c0ef017ed01d7&classid=d52af1b1f4524163b2d2939e91a0fa5b', '一是强化“三级联动”。打造区指挥部、区违整指挥办和各分指挥部及各成员单位“三级联动”工作体制，完善督查督办、工作约谈、考核问责等7项工作制度，优化违法建筑受理、查处等6个工作流程。二是强化“三个结...', '点击230次 2017-05-16', '608', 'fdaa8040-3d7f-11e7-b1d2-e09467f6dff0', '2017-05-21 01:15:58', '0', null);
INSERT INTO `taskjob_20170520211046` VALUES ('../content.jsp?id=2c9f814e5c15ede9015c1e6faa1604ac&classid=a988a9213c254c96b72dbd0568955a30', '为深入贯彻落实市、区安全生产宣传教育工作会议精神，化龙桥街道及时部署，全面启动辖区安全知识宣传教育“十进”系列活动。', '点击60次 2017-05-19', '1592', 'ff18b640-3d7f-11e7-bba2-e09467f6dff0', '2017-05-21 01:16:00', '0', null);
INSERT INTO `taskjob_20170520211046` VALUES ('../content.jsp?id=2c9f814e5c15ede9015c1ae82777035f&classid=a988a9213c254c96b72dbd0568955a30', '2017年5月18日上午，在龙湖时代天街中央公园如期举行渝中区第六届邻居节暨志愿服务活动周开幕式活动。为进一步活跃市民群众文化生活，促进邻里街坊和谐关系，石油路街道结合实际开展以“友邻互助情邻里一家亲...', '点击61次 2017-05-19', '1592', 'ff20304f-3d7f-11e7-ba8b-e09467f6dff0', '2017-05-21 01:16:00', '0', null);
INSERT INTO `taskjob_20170520211046` VALUES ('../content.jsp?id=2c9f814e5c15ede9015c1adbc6870359&classid=a988a9213c254c96b72dbd0568955a30', '围绕“健康中国健康家庭”核心主题，倡导健康生活方式理念，普及健康技能，推广健康行为，提高家庭成员的健康管理能力，促进家庭全面发展开展了系列宣传活动。', '点击57次 2017-05-19', '1592', 'ff27f880-3d7f-11e7-9617-e09467f6dff0', '2017-05-21 01:16:00', '0', null);
INSERT INTO `taskjob_20170520211046` VALUES ('../content.jsp?id=2c9f814e5c15ede9015c1ada6f060357&classid=a988a9213c254c96b72dbd0568955a30', '菜园坝街道通过采取多项措施加强了H7N9禽流感疫情防控工作', '点击58次 2017-05-19', '1592', 'ff2f7291-3d7f-11e7-a5b5-e09467f6dff0', '2017-05-21 01:16:00', '0', null);
INSERT INTO `taskjob_20170520211046` VALUES ('../content.jsp?id=2c9f814e5c15ede9015c1ad96dbe0355&classid=a988a9213c254c96b72dbd0568955a30', '在竹园小区广场开展了防范和打击非法集资宣传活动', '点击53次 2017-05-19', '1592', 'ff36eca1-3d7f-11e7-a6ef-e09467f6dff0', '2017-05-21 01:16:01', '0', null);
INSERT INTO `taskjob_20170520211046` VALUES ('../content.jsp?id=2c9f814e5c15ede9015c1ad7b3660345&classid=a988a9213c254c96b72dbd0568955a30', '由渝中区总工会主办，菜园坝街道总工会、渝中区果品行业协会以及菜园坝水果市场联合承办的“建功十三五，聚力新渝中”菜园坝地区第五届“果香四溢”趣味劳动技能竞赛活动在菜园坝水果市场隆重举行。', '点击52次 2017-05-19', '1592', 'ff3e3f9e-3d7f-11e7-8f2b-e09467f6dff0', '2017-05-21 01:16:01', '0', null);

-- ----------------------------
-- Table structure for task_job
-- ----------------------------
DROP TABLE IF EXISTS `task_job`;
CREATE TABLE `task_job` (
  `ID` varchar(50) NOT NULL,
  `DEL_FLAG` tinyint(1) DEFAULT NULL,
  `CREATE_TIME` datetime DEFAULT NULL,
  `NAME` varchar(20) DEFAULT NULL,
  `URL` varchar(255) DEFAULT NULL,
  `TYPE` varchar(50) DEFAULT NULL COMMENT '关联网站类型表',
  `STATUS` tinyint(5) DEFAULT NULL COMMENT '执行状态',
  `JOB_TEMPLATE_ID` varchar(50) DEFAULT NULL COMMENT '模板id',
  `TABLE_NAME` varchar(255) DEFAULT NULL COMMENT '表名',
  `PARENT_ID` varchar(50) DEFAULT '-1' COMMENT '父任务Id',
  `CREATE_USER_ID` varchar(50) DEFAULT NULL,
  `GRAP_PERIOD` int(11) DEFAULT NULL,
  `GRAP_INTERVAL` int(11) DEFAULT NULL,
  `PAGE_LIMIT` int(11) DEFAULT NULL COMMENT '页数上限',
  `PROXY_TYPE` varchar(5) DEFAULT NULL,
  `ENCODE_TYPE_ID` varchar(50) DEFAULT NULL COMMENT '编码',
  `DATABASE_ID` varchar(50) DEFAULT NULL COMMENT '数据库配置Id',
  `LAST_EXECUTE_TIME` datetime DEFAULT NULL COMMENT '最后执行时间',
  `TASK_JOB_TIMER_ID` varchar(50) DEFAULT NULL,
  `proxy_id` varchar(255) DEFAULT NULL COMMENT '代理id关联proxy_info',
  `content_type_id` varchar(50) DEFAULT NULL COMMENT '类型关联contentType',
  `execute_status` varchar(8) DEFAULT NULL COMMENT '执行状态',
  `page_offset` int(5) DEFAULT '1' COMMENT '翻页增量',
  PRIMARY KEY (`ID`)
) ENGINE=InnoDB DEFAULT CHARSET=utf8;

-- ----------------------------
-- Records of task_job
-- ----------------------------
INSERT INTO `task_job` VALUES ('d01995c1-3d5d-11e7-9926-e09467f6dff0', '0', '2017-05-20 21:10:45', '重庆政府菜单', 'http://www.cqyz.gov.cn/index.html', '1', '1', 'ae631f9e-3d71-11e7-a148-e09467f6dff0', 'taskJob_20170520211045', '', null, '1', '0', '1', '0', '4', '1', null, null, null, null, null, '1');
INSERT INTO `task_job` VALUES ('d01995c1-3d5d-11e7-9926-e09467f6dff1', '0', '2017-05-20 21:10:45', '重庆政府列表', 'http://www.cqyz.gov.cn/{href_url}', '1', '0', 'e885a180-3d71-11e7-8f5b-e09467f6dff0', 'taskJob_20170520211046', 'd01995c1-3d5d-11e7-9926-e09467f6dff0', null, '1', '0', '1', '0', '4', '1', null, null, null, null, null, '1');
INSERT INTO `task_job` VALUES ('fbc4efd0-3d5d-11e7-985e-e09467f6dff0', '0', '2017-05-20 21:10:45', '', null, null, '0', null, 'taskJob_20170520211045', 'd01995c1-3d5d-11e7-9926-e09467f6dff0', null, null, null, null, null, null, null, null, null, null, null, null, '1');
INSERT INTO `task_job` VALUES ('ff3b2ad0-3d5d-11e7-a106-e09467f6dff0', '0', '2017-05-20 21:10:45', '', null, null, '0', null, 'taskJob_20170520211045', 'd01995c1-3d5d-11e7-9926-e09467f6dff0', null, null, null, null, null, null, null, null, null, null, null, null, '1');

-- ----------------------------
-- Table structure for task_job_history
-- ----------------------------
DROP TABLE IF EXISTS `task_job_history`;
CREATE TABLE `task_job_history` (
  `id` varchar(50) NOT NULL,
  `task_job_id` varchar(50) DEFAULT NULL,
  `create_time` datetime DEFAULT CURRENT_TIMESTAMP,
  `del_flag` tinyint(1) DEFAULT NULL,
  `type` varchar(120) DEFAULT NULL,
  `status` varchar(8) DEFAULT NULL,
  `user_id` varchar(50) DEFAULT NULL,
  PRIMARY KEY (`id`)
) ENGINE=InnoDB DEFAULT CHARSET=utf8;

-- ----------------------------
-- Records of task_job_history
-- ----------------------------
INSERT INTO `task_job_history` VALUES ('0053e34f-3a28-11e7-9dac-e09467f6dff0', 'd4e01840-395c-11e7-b6a3-e09467f6dff0', '2017-05-16 19:08:33', '0', 'SearchTaskType', '0', null);
INSERT INTO `task_job_history` VALUES ('022ecee1-3b1a-11e7-9d74-e09467f6dff0', 'feca4721-3b19-11e7-8aac-e09467f6dff0', '2017-05-18 00:00:54', '0', 'SearchTaskType', '0', null);
INSERT INTO `task_job_history` VALUES ('02a5f0de-3bad-11e7-b952-e09467f6dff0', '3', '2017-05-18 17:33:11', '0', 'SearchTaskType', '0', null);
INSERT INTO `task_job_history` VALUES ('02d210c0-3b3b-11e7-8528-e09467f6dff0', '32214861-3a31-11e7-a62f-e09467f6dff0', '2017-05-18 03:57:09', '0', 'SearchTaskType', '0', null);
INSERT INTO `task_job_history` VALUES ('036223b0-3ba7-11e7-acdd-e09467f6dff0', '2', '2017-05-18 16:50:16', '0', 'SearchTaskType', '0', null);
INSERT INTO `task_job_history` VALUES ('03bbb5cf-3b2d-11e7-9043-e09467f6dff0', 'feca4721-3b19-11e7-8aac-e09467f6dff0', '2017-05-18 02:16:58', '0', 'SearchTaskType', '0', null);
INSERT INTO `task_job_history` VALUES ('04bfc1e1-3b39-11e7-8247-e09467f6dff0', '32214861-3a31-11e7-a62f-e09467f6dff0', '2017-05-18 03:42:53', '0', 'SearchTaskType', '0', null);
INSERT INTO `task_job_history` VALUES ('05450800-3af8-11e7-aa60-e09467f6dff0', '55b65270-3a31-11e7-b73e-e09467f6dff0', '2017-05-17 19:57:37', '0', 'SearchTaskType', '0', null);
INSERT INTO `task_job_history` VALUES ('055584b0-3ba6-11e7-bca9-e09467f6dff0', '2', '2017-05-18 16:43:09', '0', 'SearchTaskType', '0', null);
INSERT INTO `task_job_history` VALUES ('0613f1cf-3a29-11e7-b9cd-e09467f6dff0', 'd4e01840-395c-11e7-b6a3-e09467f6dff0', '2017-05-16 19:15:52', '0', 'SearchTaskType', '0', null);
INSERT INTO `task_job_history` VALUES ('0ccc69ee-3941-11e7-a4ee-e09467f6dff0', '1', '2017-05-15 15:35:20', '0', 'SearchTaskType', '0', null);
INSERT INTO `task_job_history` VALUES ('0d3c1261-3b07-11e7-9d39-e09467f6dff0', '55b65270-3a31-11e7-b73e-e09467f6dff0', '2017-05-17 21:45:13', '0', 'SearchTaskType', '0', null);
INSERT INTO `task_job_history` VALUES ('0e6267c0-3af8-11e7-9c31-e09467f6dff0', '55b65270-3a31-11e7-b73e-e09467f6dff0', '2017-05-17 19:57:52', '0', 'SearchTaskType', '0', null);
INSERT INTO `task_job_history` VALUES ('0ec7b770-3b33-11e7-b066-e09467f6dff0', 'feca4721-3b19-11e7-8aac-e09467f6dff0', '2017-05-18 03:00:13', '0', 'SearchTaskType', '0', null);
INSERT INTO `task_job_history` VALUES ('10da14e1-393f-11e7-8124-e09467f6dff0', '1', '2017-05-15 15:21:08', '0', 'SearchTaskType', '0', null);
INSERT INTO `task_job_history` VALUES ('1394fa1e-3b37-11e7-9810-e09467f6dff0', 'feca4721-3b19-11e7-8aac-e09467f6dff0', '2017-05-18 03:28:59', '0', 'SearchTaskType', '0', null);
INSERT INTO `task_job_history` VALUES ('19864ac0-39d8-11e7-b02b-e09467f6dff0', 'd4e01840-395c-11e7-b6a3-e09467f6dff0', '2017-05-16 09:36:36', '0', 'SearchTaskType', '0', null);
INSERT INTO `task_job_history` VALUES ('19f0e95e-3b0a-11e7-ac05-e09467f6dff0', '55b65270-3a31-11e7-b73e-e09467f6dff0', '2017-05-17 22:07:02', '0', 'SearchTaskType', '0', null);
INSERT INTO `task_job_history` VALUES ('1ace4d11-3b36-11e7-8f82-e09467f6dff0', 'feca4721-3b19-11e7-8aac-e09467f6dff0', '2017-05-18 03:22:02', '0', 'SearchTaskType', '0', null);
INSERT INTO `task_job_history` VALUES ('1b1fa8c0-3b33-11e7-8033-e09467f6dff0', 'feca4721-3b19-11e7-8aac-e09467f6dff0', '2017-05-18 03:00:34', '0', 'SearchTaskType', '0', null);
INSERT INTO `task_job_history` VALUES ('1b80de4f-3940-11e7-86b6-e09467f6dff0', '1', '2017-05-15 15:28:36', '0', 'SearchTaskType', '0', null);
INSERT INTO `task_job_history` VALUES ('1bc85dee-3b09-11e7-b3a1-e09467f6dff0', '55b65270-3a31-11e7-b73e-e09467f6dff0', '2017-05-17 21:59:56', '0', 'SearchTaskType', '0', null);
INSERT INTO `task_job_history` VALUES ('1eeb0acf-3b42-11e7-9370-e09467f6dff0', '19c8cd80-3b42-11e7-bbcd-e09467f6dff0', '2017-05-18 04:48:03', '0', 'SearchTaskType', '0', null);
INSERT INTO `task_job_history` VALUES ('20c48ff0-3af9-11e7-9129-e09467f6dff0', '55b65270-3a31-11e7-b73e-e09467f6dff0', '2017-05-17 20:05:32', '0', 'SearchTaskType', '0', null);
INSERT INTO `task_job_history` VALUES ('218a8721-3b3d-11e7-8052-e09467f6dff0', '7e68d8cf-3b37-11e7-8f68-e09467f6dff0', '2017-05-18 04:12:19', '0', 'SearchTaskType', '0', null);
INSERT INTO `task_job_history` VALUES ('23d27e80-3b41-11e7-80cb-e09467f6dff0', '0ed3bd00-3b41-11e7-a49e-e09467f6dff0', '2017-05-18 04:41:01', '0', 'SearchTaskType', '0', null);
INSERT INTO `task_job_history` VALUES ('247008c0-3b1a-11e7-b33b-e09467f6dff0', 'feca4721-3b19-11e7-8aac-e09467f6dff0', '2017-05-18 00:01:52', '0', 'SearchTaskType', '0', null);
INSERT INTO `task_job_history` VALUES ('25a77c80-3b08-11e7-9cf3-e09467f6dff0', '55b65270-3a31-11e7-b73e-e09467f6dff0', '2017-05-17 21:53:03', '0', 'SearchTaskType', '0', null);
INSERT INTO `task_job_history` VALUES ('26cf6b5e-393f-11e7-a947-e09467f6dff0', '1', '2017-05-15 15:21:45', '0', 'SearchTaskType', '0', null);
INSERT INTO `task_job_history` VALUES ('27bf09b0-3b3b-11e7-9cc4-e09467f6dff0', '32214861-3a31-11e7-a62f-e09467f6dff0', '2017-05-18 03:58:11', '0', 'SearchTaskType', '0', null);
INSERT INTO `task_job_history` VALUES ('2d35ec1e-3b3a-11e7-bece-e09467f6dff0', '7e68d8cf-3b37-11e7-8f68-e09467f6dff0', '2017-05-18 03:51:11', '0', 'SearchTaskType', '0', null);
INSERT INTO `task_job_history` VALUES ('2d5a6740-3b3e-11e7-a93c-e09467f6dff0', '7e68d8cf-3b37-11e7-8f68-e09467f6dff0', '2017-05-18 04:19:49', '0', 'SearchTaskType', '0', null);
INSERT INTO `task_job_history` VALUES ('2d735c21-3baf-11e7-9f29-e09467f6dff0', '29ce48f0-3baf-11e7-bf58-e09467f6dff0', '2017-05-18 17:48:42', '0', 'SearchTaskType', '0', null);
INSERT INTO `task_job_history` VALUES ('2e04ae9e-3b0a-11e7-b6c9-e09467f6dff0', '55b65270-3a31-11e7-b73e-e09467f6dff0', '2017-05-17 22:07:36', '0', 'SearchTaskType', '0', null);
INSERT INTO `task_job_history` VALUES ('2fa88080-3b3f-11e7-b893-e09467f6dff0', '2ca5a0c0-3b3f-11e7-b675-e09467f6dff0', '2017-05-18 04:27:02', '0', 'SearchTaskType', '0', null);
INSERT INTO `task_job_history` VALUES ('30c5904f-3a2e-11e7-9708-e09467f6dff0', 'd4e01840-395c-11e7-b6a3-e09467f6dff0', '2017-05-16 19:52:51', '0', 'SearchTaskType', '0', null);
INSERT INTO `task_job_history` VALUES ('31f0edc0-3a2a-11e7-9e0a-e09467f6dff0', 'd4e01840-395c-11e7-b6a3-e09467f6dff0', '2017-05-16 19:24:15', '0', 'SearchTaskType', '0', null);
INSERT INTO `task_job_history` VALUES ('320348ee-3b09-11e7-b2ad-e09467f6dff0', '55b65270-3a31-11e7-b73e-e09467f6dff0', '2017-05-17 22:00:33', '0', 'SearchTaskType', '0', null);
INSERT INTO `task_job_history` VALUES ('32209180-3933-11e7-bbd1-e09467f6dff0', '1', '2017-05-15 13:56:10', '0', 'SearchTaskType', '0', null);
INSERT INTO `task_job_history` VALUES ('32ebaf80-3b3d-11e7-804b-e09467f6dff0', '32214861-3a31-11e7-a62f-e09467f6dff0', '2017-05-18 04:12:49', '0', 'SearchTaskType', '0', null);
INSERT INTO `task_job_history` VALUES ('33f8a580-3ba7-11e7-83b9-e09467f6dff0', '2', '2017-05-18 16:51:37', '0', 'SearchTaskType', '0', null);
INSERT INTO `task_job_history` VALUES ('34f4115e-3b37-11e7-b6ce-e09467f6dff0', 'feca4721-3b19-11e7-8aac-e09467f6dff0', '2017-05-18 03:29:55', '0', 'SearchTaskType', '0', null);
INSERT INTO `task_job_history` VALUES ('354e6c70-3a31-11e7-9d38-e09467f6dff0', '32214861-3a31-11e7-a62f-e09467f6dff0', '2017-05-16 20:14:28', '0', 'SearchTaskType', '0', null);
INSERT INTO `task_job_history` VALUES ('3c825030-3b38-11e7-a266-e09467f6dff0', '32214861-3a31-11e7-a62f-e09467f6dff0', '2017-05-18 03:37:17', '0', 'SearchTaskType', '0', null);
INSERT INTO `task_job_history` VALUES ('41b9228f-3b1a-11e7-bdab-e09467f6dff0', 'feca4721-3b19-11e7-8aac-e09467f6dff0', '2017-05-18 00:02:41', '0', 'SearchTaskType', '0', null);
INSERT INTO `task_job_history` VALUES ('4277d980-3b2c-11e7-b37d-e09467f6dff0', 'feca4721-3b19-11e7-8aac-e09467f6dff0', '2017-05-18 02:11:33', '0', 'SearchTaskType', '0', null);
INSERT INTO `task_job_history` VALUES ('4632f370-3b31-11e7-835d-e09467f6dff0', 'feca4721-3b19-11e7-8aac-e09467f6dff0', '2017-05-18 02:47:27', '0', 'SearchTaskType', '0', null);
INSERT INTO `task_job_history` VALUES ('464aeb70-3b35-11e7-a9b9-e09467f6dff0', 'feca4721-3b19-11e7-8aac-e09467f6dff0', '2017-05-18 03:16:05', '0', 'SearchTaskType', '0', null);
INSERT INTO `task_job_history` VALUES ('465c145e-3b33-11e7-a09f-e09467f6dff0', 'feca4721-3b19-11e7-8aac-e09467f6dff0', '2017-05-18 03:01:46', '0', 'SearchTaskType', '0', null);
INSERT INTO `task_job_history` VALUES ('46c2cccf-3b30-11e7-ae3f-e09467f6dff0', 'feca4721-3b19-11e7-8aac-e09467f6dff0', '2017-05-18 02:40:18', '0', 'SearchTaskType', '0', null);
INSERT INTO `task_job_history` VALUES ('49660d1e-3b40-11e7-813e-e09467f6dff0', 'ef2c845e-3b3f-11e7-9684-e09467f6dff0', '2017-05-18 04:34:55', '0', 'SearchTaskType', '0', null);
INSERT INTO `task_job_history` VALUES ('499b0ee1-39d7-11e7-9948-e09467f6dff0', 'd4e01840-395c-11e7-b6a3-e09467f6dff0', '2017-05-16 09:30:47', '0', 'SearchTaskType', '0', null);
INSERT INTO `task_job_history` VALUES ('4a9c57f0-3af8-11e7-95f4-e09467f6dff0', '55b65270-3a31-11e7-b73e-e09467f6dff0', '2017-05-17 19:59:33', '0', 'SearchTaskType', '0', null);
INSERT INTO `task_job_history` VALUES ('4aea594f-3a26-11e7-abf5-e09467f6dff0', 'd4e01840-395c-11e7-b6a3-e09467f6dff0', '2017-05-16 18:56:19', '0', 'SearchTaskType', '0', null);
INSERT INTO `task_job_history` VALUES ('4e3696c0-3a29-11e7-9f81-e09467f6dff0', 'd4e01840-395c-11e7-b6a3-e09467f6dff0', '2017-05-16 19:17:53', '0', 'SearchTaskType', '0', null);
INSERT INTO `task_job_history` VALUES ('4ec55f00-3b36-11e7-80e1-e09467f6dff0', 'feca4721-3b19-11e7-8aac-e09467f6dff0', '2017-05-18 03:23:29', '0', 'SearchTaskType', '0', null);
INSERT INTO `task_job_history` VALUES ('4f45b64f-3938-11e7-8a94-e09467f6dff0', '1', '2017-05-15 14:32:46', '0', 'SearchTaskType', '0', null);
INSERT INTO `task_job_history` VALUES ('50bd42c0-3b07-11e7-b471-e09467f6dff0', '55b65270-3a31-11e7-b73e-e09467f6dff0', '2017-05-17 21:47:06', '0', 'SearchTaskType', '0', null);
INSERT INTO `task_job_history` VALUES ('51ef164f-3936-11e7-8c52-e09467f6dff0', '1', '2017-05-15 14:18:32', '0', 'SearchTaskType', '0', null);
INSERT INTO `task_job_history` VALUES ('523ef98f-3b2f-11e7-ba86-e09467f6dff0', 'feca4721-3b19-11e7-8aac-e09467f6dff0', '2017-05-18 02:33:28', '0', 'SearchTaskType', '0', null);
INSERT INTO `task_job_history` VALUES ('52824a80-3b37-11e7-a221-e09467f6dff0', 'dbeccd1e-3a30-11e7-b8ae-e09467f6dff0', '2017-05-18 03:30:45', '0', 'SearchTaskType', '0', null);
INSERT INTO `task_job_history` VALUES ('529706cf-3b3e-11e7-8148-e09467f6dff0', 'dbeccd1e-3a30-11e7-b8ae-e09467f6dff0', '2017-05-18 04:20:51', '0', 'SearchTaskType', '0', null);
INSERT INTO `task_job_history` VALUES ('52a0eeb0-3b3a-11e7-9c24-e09467f6dff0', '7e68d8cf-3b37-11e7-8f68-e09467f6dff0', '2017-05-18 03:52:13', '0', 'SearchTaskType', '0', null);
INSERT INTO `task_job_history` VALUES ('52e57c9e-39d8-11e7-9d82-e09467f6dff0', 'd4e01840-395c-11e7-b6a3-e09467f6dff0', '2017-05-16 09:38:12', '0', 'SearchTaskType', '0', null);
INSERT INTO `task_job_history` VALUES ('545b0d80-3b08-11e7-ad45-e09467f6dff0', '55b65270-3a31-11e7-b73e-e09467f6dff0', '2017-05-17 21:54:21', '0', 'SearchTaskType', '0', null);
INSERT INTO `task_job_history` VALUES ('545bb151-3b2a-11e7-a969-e09467f6dff0', 'feca4721-3b19-11e7-8aac-e09467f6dff0', '2017-05-18 01:57:44', '0', 'SearchTaskType', '0', null);
INSERT INTO `task_job_history` VALUES ('54c906c0-3ba6-11e7-bc72-e09467f6dff0', '2', '2017-05-18 16:45:23', '0', 'SearchTaskType', '0', null);
INSERT INTO `task_job_history` VALUES ('551ecd80-3b1a-11e7-9843-e09467f6dff0', 'feca4721-3b19-11e7-8aac-e09467f6dff0', '2017-05-18 00:03:14', '0', 'SearchTaskType', '0', null);
INSERT INTO `task_job_history` VALUES ('56442980-393f-11e7-8863-e09467f6dff0', '1', '2017-05-15 15:23:05', '0', 'SearchTaskType', '0', null);
INSERT INTO `task_job_history` VALUES ('57048800-3b1b-11e7-8f12-e09467f6dff0', 'feca4721-3b19-11e7-8aac-e09467f6dff0', '2017-05-18 00:10:26', '0', 'SearchTaskType', '0', null);
INSERT INTO `task_job_history` VALUES ('571911b0-3b2c-11e7-947a-e09467f6dff0', 'feca4721-3b19-11e7-8aac-e09467f6dff0', '2017-05-18 02:12:08', '0', 'SearchTaskType', '0', null);
INSERT INTO `task_job_history` VALUES ('57b3b580-3933-11e7-8490-e09467f6dff0', '1', '2017-05-15 13:57:13', '0', 'SearchTaskType', '0', null);
INSERT INTO `task_job_history` VALUES ('58253b00-393e-11e7-a8f7-e09467f6dff0', '1', '2017-05-15 15:15:58', '0', 'SearchTaskType', '0', null);
INSERT INTO `task_job_history` VALUES ('5b42ea4f-3a31-11e7-8edf-e09467f6dff0', '55b65270-3a31-11e7-b73e-e09467f6dff0', '2017-05-16 20:15:31', '0', 'SearchTaskType', '0', null);
INSERT INTO `task_job_history` VALUES ('5bbdcf80-3b09-11e7-bcbc-e09467f6dff0', '55b65270-3a31-11e7-b73e-e09467f6dff0', '2017-05-17 22:01:43', '0', 'SearchTaskType', '0', null);
INSERT INTO `task_job_history` VALUES ('5f6c1c1e-3ba6-11e7-8158-e09467f6dff0', '2', '2017-05-18 16:45:40', '0', 'SearchTaskType', '0', null);
INSERT INTO `task_job_history` VALUES ('60b8bc4f-3a25-11e7-9f14-e09467f6dff0', 'd4e01840-395c-11e7-b6a3-e09467f6dff0', '2017-05-16 18:49:46', '0', 'SearchTaskType', '0', null);
INSERT INTO `task_job_history` VALUES ('615160e1-3b38-11e7-a63c-e09467f6dff0', '32214861-3a31-11e7-a62f-e09467f6dff0', '2017-05-18 03:38:19', '0', 'SearchTaskType', '0', null);
INSERT INTO `task_job_history` VALUES ('61ef2600-3a10-11e7-a79e-e09467f6dff0', '939576f0-395c-11e7-9f39-e09467f6dff0', '2017-05-16 16:19:29', '0', 'SearchTaskType', '0', null);
INSERT INTO `task_job_history` VALUES ('62ffcba1-3b21-11e7-9365-e09467f6dff0', 'feca4721-3b19-11e7-8aac-e09467f6dff0', '2017-05-18 00:53:43', '0', 'SearchTaskType', '0', null);
INSERT INTO `task_job_history` VALUES ('642245c0-3a28-11e7-a991-e09467f6dff0', 'd4e01840-395c-11e7-b6a3-e09467f6dff0', '2017-05-16 19:11:21', '0', 'SearchTaskType', '0', null);
INSERT INTO `task_job_history` VALUES ('656d6b11-3b33-11e7-9076-e09467f6dff0', 'feca4721-3b19-11e7-8aac-e09467f6dff0', '2017-05-18 03:02:38', '0', 'SearchTaskType', '0', null);
INSERT INTO `task_job_history` VALUES ('67b64570-3b3a-11e7-8073-e09467f6dff0', '7e68d8cf-3b37-11e7-8f68-e09467f6dff0', '2017-05-18 03:52:49', '0', 'SearchTaskType', '0', null);
INSERT INTO `task_job_history` VALUES ('6891b1a1-39d7-11e7-8443-e09467f6dff0', 'd4e01840-395c-11e7-b6a3-e09467f6dff0', '2017-05-16 09:31:39', '0', 'SearchTaskType', '0', null);
INSERT INTO `task_job_history` VALUES ('69a2eb80-3b40-11e7-9110-e09467f6dff0', '60c5c911-3b40-11e7-a663-e09467f6dff0', '2017-05-18 04:35:49', '0', 'SearchTaskType', '0', null);
INSERT INTO `task_job_history` VALUES ('6c77336e-3b3b-11e7-8a16-e09467f6dff0', '32214861-3a31-11e7-a62f-e09467f6dff0', '2017-05-18 04:00:06', '0', 'SearchTaskType', '0', null);
INSERT INTO `task_job_history` VALUES ('6ce27c40-3a26-11e7-adf6-e09467f6dff0', 'd4e01840-395c-11e7-b6a3-e09467f6dff0', '2017-05-16 18:57:16', '0', 'SearchTaskType', '0', null);
INSERT INTO `task_job_history` VALUES ('6d60fd0f-3a10-11e7-966a-e09467f6dff0', '60b700ee-395c-11e7-aa53-e09467f6dff0', '2017-05-16 16:19:48', '0', 'SearchTaskType', '0', null);
INSERT INTO `task_job_history` VALUES ('6d7a4100-3b3a-11e7-bf28-e09467f6dff0', 'feca4721-3b19-11e7-8aac-e09467f6dff0', '2017-05-18 03:52:58', '0', 'SearchTaskType', '0', null);
INSERT INTO `task_job_history` VALUES ('6e1f6d1e-3ba7-11e7-b342-e09467f6dff0', '2', '2017-05-18 16:53:15', '0', 'SearchTaskType', '0', null);
INSERT INTO `task_job_history` VALUES ('6e6aa5ee-3941-11e7-a48a-e09467f6dff0', '1', '2017-05-15 15:38:04', '0', 'SearchTaskType', '0', null);
INSERT INTO `task_job_history` VALUES ('72f2e640-3b3b-11e7-9d85-e09467f6dff0', '32214861-3a31-11e7-a62f-e09467f6dff0', '2017-05-18 04:00:17', '0', 'SearchTaskType', '0', null);
INSERT INTO `task_job_history` VALUES ('737ef511-3af8-11e7-b9fa-e09467f6dff0', '55b65270-3a31-11e7-b73e-e09467f6dff0', '2017-05-17 20:00:42', '0', 'SearchTaskType', '0', null);
INSERT INTO `task_job_history` VALUES ('73f126a1-3a2e-11e7-a2b1-e09467f6dff0', '6e568500-3a2e-11e7-9734-e09467f6dff0', '2017-05-16 19:54:44', '0', 'SearchTaskType', '0', null);
INSERT INTO `task_job_history` VALUES ('7732e89e-3b35-11e7-a994-e09467f6dff0', 'feca4721-3b19-11e7-8aac-e09467f6dff0', '2017-05-18 03:17:27', '0', 'SearchTaskType', '0', null);
INSERT INTO `task_job_history` VALUES ('778772f0-3a11-11e7-ad48-e09467f6dff0', 'f129a18f-394a-11e7-b216-e09467f6dff0', '2017-05-16 16:27:15', '0', 'SearchTaskType', '0', null);
INSERT INTO `task_job_history` VALUES ('77d99300-393f-11e7-806a-e09467f6dff0', '1', '2017-05-15 15:24:01', '0', 'SearchTaskType', '0', null);
INSERT INTO `task_job_history` VALUES ('783a2a00-3b36-11e7-afad-e09467f6dff0', 'feca4721-3b19-11e7-8aac-e09467f6dff0', '2017-05-18 03:24:38', '0', 'SearchTaskType', '0', null);
INSERT INTO `task_job_history` VALUES ('7e57fb61-3933-11e7-a3b6-e09467f6dff0', '1', '2017-05-15 13:58:18', '0', 'SearchTaskType', '0', null);
INSERT INTO `task_job_history` VALUES ('817c0c40-3b37-11e7-bc5d-e09467f6dff0', '7e68d8cf-3b37-11e7-8f68-e09467f6dff0', '2017-05-18 03:32:03', '0', 'SearchTaskType', '0', null);
INSERT INTO `task_job_history` VALUES ('81b5bcc0-3a2d-11e7-b3e8-e09467f6dff0', 'd4e01840-395c-11e7-b6a3-e09467f6dff0', '2017-05-16 19:47:58', '0', 'SearchTaskType', '0', null);
INSERT INTO `task_job_history` VALUES ('83a1b680-3936-11e7-a29c-e09467f6dff0', '1', '2017-05-15 14:19:55', '0', 'SearchTaskType', '0', null);
INSERT INTO `task_job_history` VALUES ('846bd7cf-3af8-11e7-9649-e09467f6dff0', '55b65270-3a31-11e7-b73e-e09467f6dff0', '2017-05-17 20:01:10', '0', 'SearchTaskType', '0', null);
INSERT INTO `task_job_history` VALUES ('8473dd8f-3b39-11e7-8e7d-e09467f6dff0', '7e68d8cf-3b37-11e7-8f68-e09467f6dff0', '2017-05-18 03:46:27', '0', 'SearchTaskType', '0', null);
INSERT INTO `task_job_history` VALUES ('8567588f-3b29-11e7-a6d1-e09467f6dff0', 'feca4721-3b19-11e7-8aac-e09467f6dff0', '2017-05-18 01:51:57', '0', 'SearchTaskType', '0', null);
INSERT INTO `task_job_history` VALUES ('88d011c0-3af7-11e7-b1c0-e09467f6dff0', '55b65270-3a31-11e7-b73e-e09467f6dff0', '2017-05-17 19:54:08', '0', 'SearchTaskType', '0', null);
INSERT INTO `task_job_history` VALUES ('8b654400-3a25-11e7-9b54-e09467f6dff0', 'd4e01840-395c-11e7-b6a3-e09467f6dff0', '2017-05-16 18:50:58', '0', 'SearchTaskType', '0', null);
INSERT INTO `task_job_history` VALUES ('8dfb7f91-3b33-11e7-8521-e09467f6dff0', 'feca4721-3b19-11e7-8aac-e09467f6dff0', '2017-05-18 03:03:46', '0', 'SearchTaskType', '0', null);
INSERT INTO `task_job_history` VALUES ('945fab5e-3b36-11e7-9493-e09467f6dff0', 'feca4721-3b19-11e7-8aac-e09467f6dff0', '2017-05-18 03:25:26', '0', 'SearchTaskType', '0', null);
INSERT INTO `task_job_history` VALUES ('948a3a30-3bac-11e7-a216-e09467f6dff0', '3', '2017-05-18 17:30:07', '0', 'SearchTaskType', '0', null);
INSERT INTO `task_job_history` VALUES ('95faaf00-3b3c-11e7-a869-e09467f6dff0', '7e68d8cf-3b37-11e7-8f68-e09467f6dff0', '2017-05-18 04:08:25', '0', 'SearchTaskType', '0', null);
INSERT INTO `task_job_history` VALUES ('99389f21-3b40-11e7-9dfe-e09467f6dff0', '9614a2cf-3b40-11e7-9799-e09467f6dff0', '2017-05-18 04:37:09', '0', 'SearchTaskType', '0', null);
INSERT INTO `task_job_history` VALUES ('99ae0cde-3ba6-11e7-96d7-e09467f6dff0', '2', '2017-05-18 16:47:18', '0', 'SearchTaskType', '0', null);
INSERT INTO `task_job_history` VALUES ('9ddde4cf-393e-11e7-b96f-e09467f6dff0', '1', '2017-05-15 15:17:55', '0', 'SearchTaskType', '0', null);
INSERT INTO `task_job_history` VALUES ('9f9b85b0-3b33-11e7-8f38-e09467f6dff0', 'feca4721-3b19-11e7-8aac-e09467f6dff0', '2017-05-18 03:04:16', '0', 'SearchTaskType', '0', null);
INSERT INTO `task_job_history` VALUES ('a0074e5e-3b08-11e7-b912-e09467f6dff0', '55b65270-3a31-11e7-b73e-e09467f6dff0', '2017-05-17 21:56:28', '0', 'SearchTaskType', '0', null);
INSERT INTO `task_job_history` VALUES ('a220dc21-3932-11e7-9829-e09467f6dff0', '1', '2017-05-15 13:52:08', '0', 'SearchTaskType', '0', null);
INSERT INTO `task_job_history` VALUES ('a3ce6000-3a2d-11e7-b079-e09467f6dff0', 'd4e01840-395c-11e7-b6a3-e09467f6dff0', '2017-05-16 19:48:55', '0', 'SearchTaskType', '0', null);
INSERT INTO `task_job_history` VALUES ('a5f762c0-3ba7-11e7-8ed3-e09467f6dff0', '1', '2017-05-18 16:54:48', '0', 'SearchTaskType', '0', null);
INSERT INTO `task_job_history` VALUES ('abb18f30-3b37-11e7-93da-e09467f6dff0', '7e68d8cf-3b37-11e7-8f68-e09467f6dff0', '2017-05-18 03:33:14', '0', 'SearchTaskType', '0', null);
INSERT INTO `task_job_history` VALUES ('ad18e711-3a29-11e7-8942-e09467f6dff0', 'd4e01840-395c-11e7-b6a3-e09467f6dff0', '2017-05-16 19:20:33', '0', 'SearchTaskType', '0', null);
INSERT INTO `task_job_history` VALUES ('aedf8cb0-3b2e-11e7-9bd0-e09467f6dff0', 'feca4721-3b19-11e7-8aac-e09467f6dff0', '2017-05-18 02:28:54', '0', 'SearchTaskType', '0', null);
INSERT INTO `task_job_history` VALUES ('af370d00-3ba6-11e7-9bd3-e09467f6dff0', '2', '2017-05-18 16:47:54', '0', 'SearchTaskType', '0', null);
INSERT INTO `task_job_history` VALUES ('b23a5570-3af7-11e7-883a-e09467f6dff0', '55b65270-3a31-11e7-b73e-e09467f6dff0', '2017-05-17 19:55:17', '0', 'SearchTaskType', '0', null);
INSERT INTO `task_job_history` VALUES ('b2b5a580-3b2f-11e7-ba4b-e09467f6dff0', 'feca4721-3b19-11e7-8aac-e09467f6dff0', '2017-05-18 02:36:10', '0', 'SearchTaskType', '0', null);
INSERT INTO `task_job_history` VALUES ('b7e6799e-393e-11e7-8703-e09467f6dff0', '1', '2017-05-15 15:18:39', '0', 'SearchTaskType', '0', null);
INSERT INTO `task_job_history` VALUES ('b7f1b680-3baa-11e7-8dae-e09467f6dff0', '1', '2017-05-18 17:16:47', '0', 'SearchTaskType', '0', null);
INSERT INTO `task_job_history` VALUES ('be06b01e-3b19-11e7-b17c-e09467f6dff0', '55b65270-3a31-11e7-b73e-e09467f6dff0', '2017-05-17 23:59:00', '0', 'SearchTaskType', '0', null);
INSERT INTO `task_job_history` VALUES ('bebfcb4f-3b37-11e7-840c-e09467f6dff0', '7e68d8cf-3b37-11e7-8f68-e09467f6dff0', '2017-05-18 03:33:46', '0', 'SearchTaskType', '0', null);
INSERT INTO `task_job_history` VALUES ('bf9cda00-3a28-11e7-8b85-e09467f6dff0', 'd4e01840-395c-11e7-b6a3-e09467f6dff0', '2017-05-16 19:13:54', '0', 'SearchTaskType', '0', null);
INSERT INTO `task_job_history` VALUES ('c0a0d240-3b35-11e7-93fb-e09467f6dff0', 'feca4721-3b19-11e7-8aac-e09467f6dff0', '2017-05-18 03:19:30', '0', 'SearchTaskType', '0', null);
INSERT INTO `task_job_history` VALUES ('c2340421-3b2f-11e7-88f7-e09467f6dff0', 'feca4721-3b19-11e7-8aac-e09467f6dff0', '2017-05-18 02:36:36', '0', 'SearchTaskType', '0', null);
INSERT INTO `task_job_history` VALUES ('c2a5c39e-3b2d-11e7-8ddf-e09467f6dff0', 'feca4721-3b19-11e7-8aac-e09467f6dff0', '2017-05-18 02:22:18', '0', 'SearchTaskType', '0', null);
INSERT INTO `task_job_history` VALUES ('c358dc00-3ba6-11e7-958f-e09467f6dff0', '2', '2017-05-18 16:48:28', '0', 'SearchTaskType', '0', null);
INSERT INTO `task_job_history` VALUES ('c63e1de1-3b33-11e7-aad6-e09467f6dff0', 'feca4721-3b19-11e7-8aac-e09467f6dff0', '2017-05-18 03:05:21', '0', 'SearchTaskType', '0', null);
INSERT INTO `task_job_history` VALUES ('c70ba611-3b3e-11e7-819b-e09467f6dff0', 'c36ef74f-3b3e-11e7-9f12-e09467f6dff0', '2017-05-18 04:24:07', '0', 'SearchTaskType', '0', null);
INSERT INTO `task_job_history` VALUES ('c721bf51-393f-11e7-98ad-e09467f6dff0', '1', '2017-05-15 15:26:14', '0', 'SearchTaskType', '0', null);
INSERT INTO `task_job_history` VALUES ('c74b43f0-3b3a-11e7-84b7-e09467f6dff0', '7e68d8cf-3b37-11e7-8f68-e09467f6dff0', '2017-05-18 03:55:29', '0', 'SearchTaskType', '0', null);
INSERT INTO `task_job_history` VALUES ('c80a060f-3af8-11e7-96b9-e09467f6dff0', '55b65270-3a31-11e7-b73e-e09467f6dff0', '2017-05-17 20:03:04', '0', 'SearchTaskType', '0', null);
INSERT INTO `task_job_history` VALUES ('c8558bde-3a25-11e7-9fa5-e09467f6dff0', 'd4e01840-395c-11e7-b6a3-e09467f6dff0', '2017-05-16 18:52:40', '0', 'SearchTaskType', '0', null);
INSERT INTO `task_job_history` VALUES ('c85619b0-3b39-11e7-81a3-e09467f6dff0', '7e68d8cf-3b37-11e7-8f68-e09467f6dff0', '2017-05-18 03:48:21', '0', 'SearchTaskType', '0', null);
INSERT INTO `task_job_history` VALUES ('cb671800-3a2d-11e7-aca2-e09467f6dff0', 'd4e01840-395c-11e7-b6a3-e09467f6dff0', '2017-05-16 19:50:01', '0', 'SearchTaskType', '0', null);
INSERT INTO `task_job_history` VALUES ('cd46d900-3b34-11e7-97b5-e09467f6dff0', 'feca4721-3b19-11e7-8aac-e09467f6dff0', '2017-05-18 03:12:42', '0', 'SearchTaskType', '0', null);
INSERT INTO `task_job_history` VALUES ('ce6f01ae-3baa-11e7-a307-e09467f6dff0', '1', '2017-05-18 17:17:25', '0', 'SearchTaskType', '0', null);
INSERT INTO `task_job_history` VALUES ('ce8e0d8f-3b09-11e7-aed9-e09467f6dff0', '55b65270-3a31-11e7-b73e-e09467f6dff0', '2017-05-17 22:04:56', '0', 'SearchTaskType', '0', null);
INSERT INTO `task_job_history` VALUES ('cedc578f-3bac-11e7-ae8f-e09467f6dff0', '3', '2017-05-18 17:31:44', '0', 'SearchTaskType', '0', null);
INSERT INTO `task_job_history` VALUES ('cfe1c0c0-39d7-11e7-918b-e09467f6dff0', 'd4e01840-395c-11e7-b6a3-e09467f6dff0', '2017-05-16 09:34:32', '0', 'SearchTaskType', '0', null);
INSERT INTO `task_job_history` VALUES ('d12a09cf-3b38-11e7-82fb-e09467f6dff0', '7e68d8cf-3b37-11e7-8f68-e09467f6dff0', '2017-05-18 03:41:27', '0', 'SearchTaskType', '0', null);
INSERT INTO `task_job_history` VALUES ('d2a32400-3b32-11e7-83b0-e09467f6dff0', 'feca4721-3b19-11e7-8aac-e09467f6dff0', '2017-05-18 02:58:32', '0', 'SearchTaskType', '0', null);
INSERT INTO `task_job_history` VALUES ('d30f36cf-3b33-11e7-93c6-e09467f6dff0', 'feca4721-3b19-11e7-8aac-e09467f6dff0', '2017-05-18 03:05:42', '0', 'SearchTaskType', '0', null);
INSERT INTO `task_job_history` VALUES ('d3fe340f-3b1a-11e7-a2f9-e09467f6dff0', 'feca4721-3b19-11e7-8aac-e09467f6dff0', '2017-05-18 00:06:46', '0', 'SearchTaskType', '0', null);
INSERT INTO `task_job_history` VALUES ('d405a3c0-3b3e-11e7-ac64-e09467f6dff0', 'c36ef74f-3b3e-11e7-9f12-e09467f6dff0', '2017-05-18 04:24:28', '0', 'SearchTaskType', '0', null);
INSERT INTO `task_job_history` VALUES ('d5f347b0-3ba6-11e7-8486-e09467f6dff0', '2', '2017-05-18 16:48:59', '0', 'SearchTaskType', '0', null);
INSERT INTO `task_job_history` VALUES ('d81e872e-3b19-11e7-9db7-e09467f6dff0', '32214861-3a31-11e7-a62f-e09467f6dff0', '2017-05-17 23:59:44', '0', 'SearchTaskType', '0', null);
INSERT INTO `task_job_history` VALUES ('d8e72830-3b36-11e7-9699-e09467f6dff0', 'feca4721-3b19-11e7-8aac-e09467f6dff0', '2017-05-18 03:27:21', '0', 'SearchTaskType', '0', null);
INSERT INTO `task_job_history` VALUES ('daa7f430-3af8-11e7-a220-e09467f6dff0', '55b65270-3a31-11e7-b73e-e09467f6dff0', '2017-05-17 20:03:35', '0', 'SearchTaskType', '0', null);
INSERT INTO `task_job_history` VALUES ('dfb6f480-3a30-11e7-956b-e09467f6dff0', 'dbeccd1e-3a30-11e7-b8ae-e09467f6dff0', '2017-05-16 20:12:04', '0', 'SearchTaskType', '0', null);
INSERT INTO `task_job_history` VALUES ('e0858c40-3b3a-11e7-9470-e09467f6dff0', '7e68d8cf-3b37-11e7-8f68-e09467f6dff0', '2017-05-18 03:56:11', '0', 'SearchTaskType', '0', null);
INSERT INTO `task_job_history` VALUES ('e15bf670-3b37-11e7-84fb-e09467f6dff0', 'feca4721-3b19-11e7-8aac-e09467f6dff0', '2017-05-18 03:34:44', '0', 'SearchTaskType', '0', null);
INSERT INTO `task_job_history` VALUES ('e5e9e9f0-393d-11e7-836e-e09467f6dff0', '1', '2017-05-15 15:12:47', '0', 'SearchTaskType', '0', null);
INSERT INTO `task_job_history` VALUES ('e69c9411-3a2d-11e7-acbc-e09467f6dff0', 'd4e01840-395c-11e7-b6a3-e09467f6dff0', '2017-05-16 19:50:47', '0', 'SearchTaskType', '0', null);
INSERT INTO `task_job_history` VALUES ('e7adf300-3bac-11e7-a725-e09467f6dff0', '3', '2017-05-18 17:32:26', '0', 'SearchTaskType', '0', null);
INSERT INTO `task_job_history` VALUES ('e8c2f240-3af8-11e7-a0fe-e09467f6dff0', '55b65270-3a31-11e7-b73e-e09467f6dff0', '2017-05-17 20:03:58', '0', 'SearchTaskType', '0', null);
INSERT INTO `task_job_history` VALUES ('ecbf7e00-3b29-11e7-b87a-e09467f6dff0', 'feca4721-3b19-11e7-8aac-e09467f6dff0', '2017-05-18 01:54:50', '0', 'SearchTaskType', '0', null);
INSERT INTO `task_job_history` VALUES ('ed52b91e-3b30-11e7-bfac-e09467f6dff0', 'feca4721-3b19-11e7-8aac-e09467f6dff0', '2017-05-18 02:44:58', '0', 'SearchTaskType', '0', null);
INSERT INTO `task_job_history` VALUES ('ee4eeed1-3940-11e7-9793-e09467f6dff0', '1', '2017-05-15 15:34:29', '0', 'SearchTaskType', '0', null);
INSERT INTO `task_job_history` VALUES ('eec6def0-3ba6-11e7-9e56-e09467f6dff0', '2', '2017-05-18 16:49:41', '0', 'SearchTaskType', '0', null);
INSERT INTO `task_job_history` VALUES ('ef30fc4f-393e-11e7-9d48-e09467f6dff0', '1', '2017-05-15 15:20:12', '0', 'SearchTaskType', '0', null);
INSERT INTO `task_job_history` VALUES ('f0b907e1-3b2b-11e7-b8f8-e09467f6dff0', 'feca4721-3b19-11e7-8aac-e09467f6dff0', '2017-05-18 02:09:16', '0', 'SearchTaskType', '0', null);
INSERT INTO `task_job_history` VALUES ('f21b2791-3b39-11e7-ab2b-e09467f6dff0', '7e68d8cf-3b37-11e7-8f68-e09467f6dff0', '2017-05-18 03:49:31', '0', 'SearchTaskType', '0', null);
INSERT INTO `task_job_history` VALUES ('f277de9e-3b1a-11e7-9b04-e09467f6dff0', 'feca4721-3b19-11e7-8aac-e09467f6dff0', '2017-05-18 00:07:38', '0', 'SearchTaskType', '0', null);
INSERT INTO `task_job_history` VALUES ('f41f4d40-3b3f-11e7-b0c5-e09467f6dff0', 'ef2c845e-3b3f-11e7-9684-e09467f6dff0', '2017-05-18 04:32:32', '0', 'SearchTaskType', '0', null);
INSERT INTO `task_job_history` VALUES ('f468a1f0-3ba5-11e7-82e5-e09467f6dff0', '2', '2017-05-18 16:42:41', '0', 'SearchTaskType', '0', null);
INSERT INTO `task_job_history` VALUES ('f4be9b0f-393d-11e7-822a-e09467f6dff0', '1', '2017-05-15 15:13:12', '0', 'SearchTaskType', '0', null);
INSERT INTO `task_job_history` VALUES ('f542720f-3932-11e7-a2c4-e09467f6dff0', '1', '2017-05-15 13:54:28', '0', 'SearchTaskType', '0', null);
INSERT INTO `task_job_history` VALUES ('f5800461-393f-11e7-9f5a-e09467f6dff0', '1', '2017-05-15 15:27:32', '0', 'SearchTaskType', '0', null);
INSERT INTO `task_job_history` VALUES ('f5ddf9c0-3b2a-11e7-9877-e09467f6dff0', 'feca4721-3b19-11e7-8aac-e09467f6dff0', '2017-05-18 02:02:15', '0', 'SearchTaskType', '0', null);
INSERT INTO `task_job_history` VALUES ('f6165770-3a30-11e7-8f17-e09467f6dff0', 'dbeccd1e-3a30-11e7-b8ae-e09467f6dff0', '2017-05-16 20:12:41', '0', 'SearchTaskType', '0', null);
INSERT INTO `task_job_history` VALUES ('f7838bde-3b08-11e7-8a9e-e09467f6dff0', '55b65270-3a31-11e7-b73e-e09467f6dff0', '2017-05-17 21:58:55', '0', 'SearchTaskType', '0', null);
INSERT INTO `task_job_history` VALUES ('f85ab78f-3b40-11e7-90f5-e09467f6dff0', 'f56397a1-3b40-11e7-8db9-e09467f6dff0', '2017-05-18 04:39:48', '0', 'SearchTaskType', '0', null);
INSERT INTO `task_job_history` VALUES ('f9985e1e-3b34-11e7-b386-e09467f6dff0', 'feca4721-3b19-11e7-8aac-e09467f6dff0', '2017-05-18 03:13:56', '0', 'SearchTaskType', '0', null);
INSERT INTO `task_job_history` VALUES ('f99f8261-3a29-11e7-96fb-e09467f6dff0', 'd4e01840-395c-11e7-b6a3-e09467f6dff0', '2017-05-16 19:22:41', '0', 'SearchTaskType', '0', null);
INSERT INTO `task_job_history` VALUES ('fa74a340-3b06-11e7-98c0-e09467f6dff0', '55b65270-3a31-11e7-b73e-e09467f6dff0', '2017-05-17 21:44:41', '0', 'SearchTaskType', '0', null);
INSERT INTO `task_job_history` VALUES ('fbcba270-3a2f-11e7-9728-e09467f6dff0', 'f3acc6f0-3a2f-11e7-9c4e-e09467f6dff0', '2017-05-16 20:05:42', '0', 'SearchTaskType', '0', null);
INSERT INTO `task_job_history` VALUES ('fbe2cde1-3b35-11e7-87d2-e09467f6dff0', 'feca4721-3b19-11e7-8aac-e09467f6dff0', '2017-05-18 03:21:10', '0', 'SearchTaskType', '0', null);
INSERT INTO `task_job_history` VALUES ('fe06684f-3a10-11e7-b27b-e09467f6dff0', '3200bc61-3952-11e7-bb16-e09467f6dff0', '2017-05-16 16:23:51', '0', 'SearchTaskType', '0', null);
INSERT INTO `task_job_history` VALUES ('fe93d50f-3a2d-11e7-93f8-e09467f6dff0', 'd4e01840-395c-11e7-b6a3-e09467f6dff0', '2017-05-16 19:51:27', '0', 'SearchTaskType', '0', null);
INSERT INTO `task_job_history` VALUES ('ff49b34f-3af8-11e7-8412-e09467f6dff0', '55b65270-3a31-11e7-b73e-e09467f6dff0', '2017-05-17 20:04:36', '0', 'SearchTaskType', '0', null);

-- ----------------------------
-- Table structure for task_job_param
-- ----------------------------
DROP TABLE IF EXISTS `task_job_param`;
CREATE TABLE `task_job_param` (
  `ID` varchar(50) NOT NULL,
  `DEL_FLAG` tinyint(1) DEFAULT NULL,
  `PARAM_NAME_EN` varchar(255) DEFAULT NULL,
  `PARAM_NAME_CN` varchar(255) DEFAULT NULL,
  `PARAM_VALUE` varchar(255) DEFAULT NULL,
  `PARAM_CONDITION` varchar(255) DEFAULT NULL,
  `NEXT_PARAM_VALUE` varchar(255) DEFAULT NULL,
  `CREATE_TIME` datetime DEFAULT NULL,
  `CREATE_USER_ID` varchar(50) DEFAULT NULL,
  `TYPE` varchar(5) DEFAULT NULL,
  `TASK_JOB_ID` varchar(50) DEFAULT NULL,
  PRIMARY KEY (`ID`)
) ENGINE=InnoDB DEFAULT CHARSET=utf8;

-- ----------------------------
-- Records of task_job_param
-- ----------------------------

-- ----------------------------
-- Table structure for task_job_re_field
-- ----------------------------
DROP TABLE IF EXISTS `task_job_re_field`;
CREATE TABLE `task_job_re_field` (
  `ID` varchar(50) NOT NULL,
  `DEL_FLAG` tinyint(1) DEFAULT NULL,
  `TASK_JOB_ID` varchar(50) DEFAULT NULL,
  `JOB_TEMPALTE_FIELD_ID` varchar(50) DEFAULT NULL,
  `JOB_TEMPLATE_ID` varchar(50) DEFAULT NULL,
  `CREATE_TIME` datetime DEFAULT NULL,
  PRIMARY KEY (`ID`)
) ENGINE=InnoDB DEFAULT CHARSET=utf8;

-- ----------------------------
-- Records of task_job_re_field
-- ----------------------------

-- ----------------------------
-- Table structure for task_job_re_template_param
-- ----------------------------
DROP TABLE IF EXISTS `task_job_re_template_param`;
CREATE TABLE `task_job_re_template_param` (
  `ID` varchar(50) NOT NULL,
  `DEL_FLAG` tinyint(1) DEFAULT '0',
  `JOB_TEMPLATE_ID` varchar(50) DEFAULT NULL,
  `JOB_TEMPLATE_PARAM_ID` varchar(50) DEFAULT NULL,
  `TASK_JOB_ID` varchar(50) DEFAULT NULL,
  `CREATE_TIME` datetime DEFAULT NULL,
  `CREATE_USER_ID` varchar(50) DEFAULT NULL,
  PRIMARY KEY (`ID`)
) ENGINE=InnoDB DEFAULT CHARSET=utf8;

-- ----------------------------
-- Records of task_job_re_template_param
-- ----------------------------

-- ----------------------------
-- Table structure for task_job_timer
-- ----------------------------
DROP TABLE IF EXISTS `task_job_timer`;
CREATE TABLE `task_job_timer` (
  `ID` varchar(50) NOT NULL,
  `START_TIME` datetime DEFAULT NULL,
  `DEL_FLAG` tinyint(1) DEFAULT '0',
  `REPEAT_TIME` int(11) DEFAULT '1' COMMENT '-1表示不停执行',
  `HOUR` int(11) DEFAULT NULL,
  `MINUTE` int(11) DEFAULT NULL,
  `WEEK_DAY` varchar(255) DEFAULT NULL,
  `MONTH_DAY` varchar(255) DEFAULT NULL,
  `YEAR_MONTH` varchar(255) DEFAULT NULL,
  `END_TIME` datetime DEFAULT NULL,
  `CREATE_TIME` datetime DEFAULT CURRENT_TIMESTAMP,
  PRIMARY KEY (`ID`)
) ENGINE=InnoDB DEFAULT CHARSET=utf8;

-- ----------------------------
-- Records of task_job_timer
-- ----------------------------

-- ----------------------------
-- Table structure for t_dynamic_pc_info
-- ----------------------------
DROP TABLE IF EXISTS `t_dynamic_pc_info`;
CREATE TABLE `t_dynamic_pc_info` (
  `ID` varchar(50) NOT NULL,
  `ASSETID` varchar(50) DEFAULT NULL,
  `IP` varchar(50) DEFAULT NULL,
  `MEMORY` varchar(50) DEFAULT NULL,
  `CPU` varchar(50) DEFAULT NULL,
  `IO` varchar(50) DEFAULT NULL,
  `ONLINE_TIME` varchar(50) DEFAULT NULL,
  `LOADAVG` varchar(50) DEFAULT NULL,
  `CREATE_DATE` datetime DEFAULT NULL,
  PRIMARY KEY (`ID`),
  KEY `ASSETID` (`ASSETID`),
  CONSTRAINT `t_dynamic_pc_info_ibfk_1` FOREIGN KEY (`ASSETID`) REFERENCES `t_static_pc_info` (`ASSETID`)
) ENGINE=InnoDB DEFAULT CHARSET=utf8;

-- ----------------------------
-- Records of t_dynamic_pc_info
-- ----------------------------
INSERT INTO `t_dynamic_pc_info` VALUES ('1', '1', '1', '1', '1', '1', '1', '1', '2017-04-19 10:32:42');
INSERT INTO `t_dynamic_pc_info` VALUES ('2', '2', '2', '2', '2', '2', '2', '2', '2017-04-20 10:32:55');
INSERT INTO `t_dynamic_pc_info` VALUES ('3', '3', '3', '3', '3', '3', '3', '3', '2017-04-19 10:33:09');
INSERT INTO `t_dynamic_pc_info` VALUES ('4', '2', '4', '2', '2', '4', '4', '4', '2017-04-21 10:35:32');

-- ----------------------------
-- Table structure for t_movies
-- ----------------------------
DROP TABLE IF EXISTS `t_movies`;
CREATE TABLE `t_movies` (
  `name` varchar(1024) DEFAULT NULL,
  `url` varchar(1024) DEFAULT NULL,
  `movieName` varchar(255) DEFAULT NULL,
  `movieTime` varchar(255) DEFAULT NULL,
  `movieDirector` varchar(255) DEFAULT NULL
) ENGINE=InnoDB DEFAULT CHARSET=utf8;

-- ----------------------------
-- Records of t_movies
-- ----------------------------
INSERT INTO `t_movies` VALUES ('吉吉影音', 'http://www.iskdy.com', '人民的名义(2017)', '时 间 ：2017-04-29 13:04:50', '导 演 ：李路');
INSERT INTO `t_movies` VALUES ('吉吉影音', 'http://www.iskdy.com', '非常完美(2014)(2014)', '时 间 ：2014-02-15 00:02:20', '导 演 ：贵州卫视');
INSERT INTO `t_movies` VALUES ('吉吉影音', 'http://www.iskdy.com', '非常完美/苏菲的复仇/非常完美：夺爱大作战(2009)', '时 间 ：2016-05-22 00:05:10', '导 演 ：依萌');
INSERT INTO `t_movies` VALUES ('吉吉影音', 'http://www.iskdy.com', '非常完美[2014](2014)', '时 间 ：2015-02-23 16:02:50', '导 演 ：贵州卫视');
INSERT INTO `t_movies` VALUES ('腾讯视频', 'https://v.qq.com/x/2017/', '刺客信条:权势', '', '');
INSERT INTO `t_movies` VALUES ('腾讯视频', 'https://v.qq.com/x/2017/', '刺客信条', '2017-02-24', '');
INSERT INTO `t_movies` VALUES ('腾讯视频', 'https://v.qq.com/x/2017/', '人民的名义[纪录片]', '2017', '');
INSERT INTO `t_movies` VALUES ('腾讯视频', 'https://v.qq.com/x/2017/', '超级大首映 第1季', '2016-11-11', '');
INSERT INTO `t_movies` VALUES ('腾讯视频', 'https://v.qq.com/x/2017/', '新闻1+1', '', '');
INSERT INTO `t_movies` VALUES ('腾讯视频', 'https://v.qq.com/x/2017/', '变相怪杰1', '1994-07-29', '');
INSERT INTO `t_movies` VALUES ('腾讯视频', 'https://v.qq.com/x/2017/', '真心英雄 第1季', '2015-10-23', '');
INSERT INTO `t_movies` VALUES ('腾讯视频', 'https://v.qq.com/x/2017/', '高能少年团 第1季', '2017-05-13', '');
INSERT INTO `t_movies` VALUES ('腾讯视频', 'https://v.qq.com/x/2017/', '金曲捞 第1季', '2017-05-12', '');
INSERT INTO `t_movies` VALUES ('腾讯视频', 'https://v.qq.com/x/2017/', '人民的名义[DVD版]', '2017', '');
INSERT INTO `t_movies` VALUES ('腾讯视频', 'https://v.qq.com/x/2017/', '人民的名义[干货精简版]', '2017', '');
INSERT INTO `t_movies` VALUES ('腾讯视频', 'https://v.qq.com/x/2017/', '非常幸运', '2013-09-17', '');
INSERT INTO `t_movies` VALUES ('腾讯视频', 'https://v.qq.com/x/2017/', '非常完美 2017', '2017-05-17', '');
INSERT INTO `t_movies` VALUES ('1905电影网详情页', 'http://www.1905.com/', '以意大利人民的名义', '', '迪诺·里西');
INSERT INTO `t_movies` VALUES ('1905电影网详情页', 'http://www.1905.com/', '非常完美', '', '金依萌');

-- ----------------------------
-- Table structure for t_static_pc_info
-- ----------------------------
DROP TABLE IF EXISTS `t_static_pc_info`;
CREATE TABLE `t_static_pc_info` (
  `ASSETID` varchar(50) NOT NULL,
  `IP` varchar(50) DEFAULT NULL,
  `MEMORY` varchar(50) DEFAULT NULL,
  `HOSTNAME` varchar(320) DEFAULT NULL,
  `CPUPHYSICALNUM` varchar(1024) DEFAULT NULL,
  `DISKTOTAL` varchar(1024) DEFAULT NULL,
  `CPU_TOTAL` varchar(50) DEFAULT NULL,
  `CPU_CORE_NUM` varchar(50) DEFAULT NULL,
  `DEPLOYMENT` varchar(10) DEFAULT NULL,
  `STATUS` varchar(10) DEFAULT NULL,
  `CREATE_DATE` datetime DEFAULT NULL,
  `UPDATE_DATE` datetime DEFAULT NULL,
  `LOG_URL` varchar(1024) DEFAULT NULL,
  PRIMARY KEY (`ASSETID`)
) ENGINE=InnoDB DEFAULT CHARSET=utf8;

-- ----------------------------
-- Records of t_static_pc_info
-- ----------------------------
INSERT INTO `t_static_pc_info` VALUES ('1', '1', '1', '1', '1', '1', '1', '1', '1', '1', '2017-04-19 10:31:32', '2017-04-19 10:31:35', '1');
INSERT INTO `t_static_pc_info` VALUES ('2', '2', '2', '2', '2', '2', '2', '2', '2', '2', '2017-04-19 10:31:59', '2017-04-19 10:32:03', '2');
INSERT INTO `t_static_pc_info` VALUES ('3', '3', '3', '3', '3', '3', '3', '3', '3', '3', '2017-04-19 10:32:17', '2017-04-19 10:32:21', '3');

-- ----------------------------
-- Table structure for url_re_city
-- ----------------------------
DROP TABLE IF EXISTS `url_re_city`;
CREATE TABLE `url_re_city` (
  `id` int(11) NOT NULL AUTO_INCREMENT,
  `name` varchar(250) DEFAULT NULL,
  `url` varchar(250) DEFAULT NULL,
  `type` int(11) DEFAULT NULL,
  `ip` varchar(50) DEFAULT NULL,
  `country` varchar(50) DEFAULT NULL,
  `country_id` varchar(50) DEFAULT NULL,
  `area` varchar(50) DEFAULT NULL,
  `area_id` varchar(50) DEFAULT NULL,
  `region` varchar(50) DEFAULT NULL,
  `region_id` varchar(50) DEFAULT NULL,
  `city` varchar(50) DEFAULT NULL,
  `city_id` varchar(50) DEFAULT NULL,
  PRIMARY KEY (`id`)
) ENGINE=InnoDB AUTO_INCREMENT=454 DEFAULT CHARSET=utf8;

-- ----------------------------
-- Records of url_re_city
-- ----------------------------
INSERT INTO `url_re_city` VALUES ('3', '哔哩哔哩动画', 'http://www.bilibili.com/', '1', '180.97.199.10', '中国', 'CN', '华东', '300000', '江苏省', '320000', '苏州市', '320500');
INSERT INTO `url_re_city` VALUES ('4', '360影视', 'http://www.360doc.com/content/17/0215/18/15549792_62924636', '1', '220.181.157.98', '中国', 'CN', '华北', '100000', '北京市', '110000', '北京市', '110100');
INSERT INTO `url_re_city` VALUES ('5', '百度视频', 'http://v.baidu.com/', '1', '115.239.210.38', '中国', 'CN', '华东', '300000', '浙江省', '330000', '杭州市', '330100');
INSERT INTO `url_re_city` VALUES ('6', '芒果TV', 'http://www.mgtv.com/1', '1', '58.221.78.39', '中国', 'CN', '华东', '300000', '江苏省', '320000', '南通市', '320600');
INSERT INTO `url_re_city` VALUES ('7', '酷6网', 'http://www.ku6.com/', '1', '180.97.235.68', '中国', 'CN', '华东', '300000', '江苏省', '320000', '苏州市', '320500');
INSERT INTO `url_re_city` VALUES ('8', '响巢看看', 'http://www.kankan.com/?id=731002', '1', '183.131.178.75', '中国', 'CN', '华东', '300000', '浙江省', '330000', '湖州市', '330500');
INSERT INTO `url_re_city` VALUES ('9', '凤凰视频', 'http://v.ifeng.com/', '1', '61.155.237.56', '中国', 'CN', '华东', '300000', '江苏省', '320000', '南京市', '320100');
INSERT INTO `url_re_city` VALUES ('10', '56网', 'http://www.56.com/', '1', '221.229.202.148', '中国', 'CN', '华东', '300000', '江苏省', '320000', '徐州市', '320300');
INSERT INTO `url_re_city` VALUES ('11', '乐视网', 'http://www.le.com/', '1', '221.229.202.149', '中国', 'CN', '华东', '300000', '江苏省', '320000', '徐州市', '320300');
INSERT INTO `url_re_city` VALUES ('12', '人民电视', 'http://tv.people.com.cn/', '1', '180.97.235.68', '中国', 'CN', '华东', '300000', '江苏省', '320000', '苏州市', '320500');
INSERT INTO `url_re_city` VALUES ('13', '风行高清电影', 'http://news.china.com/socialgd/10000169/20170517/30533403_all.htm', '1', '220.181.167.6', '中国', 'CN', '华北', '100000', '北京市', '110000', '北京市', '110100');
INSERT INTO `url_re_city` VALUES ('14', '第一视频', 'http://www.v1.cn/', '1', '122.228.92.75', '中国', 'CN', '华东', '300000', '浙江省', '330000', '温州市', '330300');
INSERT INTO `url_re_city` VALUES ('15', '环球网视频', 'http://v.huanqiu.com/', '1', '180.101.217.141', '中国', 'CN', '华东', '300000', '江苏省', '320000', '扬州市', '321000');
INSERT INTO `url_re_city` VALUES ('16', 'PPTV网络电视', 'http://www.pptv.com/', '1', '202.102.68.102', '中国', 'CN', '华东', '300000', '江苏省', '320000', '南京市', '320100');
INSERT INTO `url_re_city` VALUES ('17', 'PPS影音', 'http://www.pps.tv/', '1', '58.220.49.142', '中国', 'CN', '华东', '300000', '江苏省', '320000', '扬州市', '321000');
INSERT INTO `url_re_city` VALUES ('18', '爱西柚视频', 'http://xiyou.cntv.cn/', '1', '58.222.19.59', '中国', 'CN', '华东', '300000', '江苏省', '320000', '泰州市', '321200');
INSERT INTO `url_re_city` VALUES ('19', '激动网', 'http://www.joy.cn/', '1', '122.227.201.86', '中国', 'CN', '华东', '300000', '浙江省', '330000', '宁波市', '330200');
INSERT INTO `url_re_city` VALUES ('20', '优米网', 'http://news.china.com/socialgd/10000169/20170517/30533403_all.htm', '1', '123.103.21.247', '中国', 'CN', '华北', '100000', '北京市', '110000', '北京市', '110100');
INSERT INTO `url_re_city` VALUES ('21', '淘米视频', 'http://v.61.com/', '1', '58.221.40.46', '中国', 'CN', '华东', '300000', '江苏省', '320000', '南通市', '320600');
INSERT INTO `url_re_city` VALUES ('22', '爱拍原创', 'http://www.aipai.com/', '1', '58.223.166.226', '中国', 'CN', '华东', '300000', '江苏省', '320000', '淮安市', '320800');
INSERT INTO `url_re_city` VALUES ('23', '爆米花视频', 'http://www.baomihua.com/', '1', '49.79.232.225', '中国', 'CN', '华东', '300000', '江苏省', '320000', '南京市', '320100');
INSERT INTO `url_re_city` VALUES ('24', '童话村', 'http://www.tonghuacun.com/', '1', '117.23.50.24', '中国', 'CN', '西北', '600000', '陕西省', '610000', '西安市', '610100');
INSERT INTO `url_re_city` VALUES ('25', '神马影院', 'http://www.ikua.cc/', '1', '23.225.167.40', '美国', 'US', '', '', '', '', '', '101');
INSERT INTO `url_re_city` VALUES ('26', '热片网', 'http://www.repian.com/', '1', '183.2.191.9', '中国', 'CN', '华南', '800000', '广东省', '440000', '深圳市', '440300');
INSERT INTO `url_re_city` VALUES ('27', '电影天堂', 'http://www.dy2018.com/', '1', '121.201.45.144', '中国', 'CN', '华南', '800000', '广东省', '440000', '中山市', '442000');
INSERT INTO `url_re_city` VALUES ('28', '人人影视', 'http://www.51rrkank.com/', '1', '180.150.230.201', '韩国', 'KR', '', '', '', '', '', '101');
INSERT INTO `url_re_city` VALUES ('29', '飘花电影网', 'http://www.piaohua.com/', '1', '192.151.230.248', '美国', 'US', '', '', '', '', '', '');
INSERT INTO `url_re_city` VALUES ('30', '阳光电影', 'http://www.ygdy8.com/', '1', '23.234.1.21', '美国', 'US', '', '', '', '', '', '');
INSERT INTO `url_re_city` VALUES ('31', '天天影院', 'http://www.zzlxs.net/', '1', '119.147.114.163', '中国', 'CN', '华南', '800000', '广东省', '440000', '东莞市', '441900');
INSERT INTO `url_re_city` VALUES ('32', '乐乐影视', 'http://www.85de.com/llyy.html', '1', '103.15.122.52', '香港', 'HK', '', '', '香港特别行政区', 'HK_01', '', '');
INSERT INTO `url_re_city` VALUES ('33', '九九影院', 'http://www.997v.com/', '1', '107.151.202.11', '美国', 'US', '', '', '', '', '', '');
INSERT INTO `url_re_city` VALUES ('34', '1905电影网', 'http://www.1905.com/mdb/film/list/country-USA/', '1', '222.186.140.75', '中国', 'CN', '华东', '300000', '江苏省', '320000', '镇江市', '321100');
INSERT INTO `url_re_city` VALUES ('35', '一流影院', 'http://www.360doc.com/content/17/0215/18/15549792_62924636', '1', '218.247.81.122', '中国', 'CN', '西南', '500000', '四川省', '510000', '成都市', '510100');
INSERT INTO `url_re_city` VALUES ('36', '琪琪影院', 'http://www.nk77.com/view/49692/', '1', '115.159.161.186', '中国', 'CN', '华东', '300000', '上海市', '310000', '上海市', '310100');
INSERT INTO `url_re_city` VALUES ('37', 'LOL电影天堂', 'http://www.loldytt.com/', '1', '47.90.50.147', '香港', 'HK', '', '', '香港特别行政区', 'HK_01', '', '');
INSERT INTO `url_re_city` VALUES ('38', '2345影视', 'http://dianying.2345.com/', '1', '221.228.75.191', '中国', 'CN', '华东', '300000', '江苏省', '320000', '无锡市', '320200');
INSERT INTO `url_re_city` VALUES ('39', '西瓜电影', 'http://www.xigua110.com/', '1', '121.201.45.173', '中国', 'CN', '华南', '800000', '广东省', '440000', '中山市', '442000');
INSERT INTO `url_re_city` VALUES ('40', 'ck电影网', 'http://www.ckck.tv/', '1', '58.211.137.87', '中国', 'CN', '华东', '300000', '江苏省', '320000', '苏州市', '320500');
INSERT INTO `url_re_city` VALUES ('41', '吉吉影音', 'http://www.iskdy.com/', '1', '121.201.77.132', '中国', 'CN', '华南', '800000', '广东省', '440000', '中山市', '442000');
INSERT INTO `url_re_city` VALUES ('42', '放电影网', 'http://www.fangdianying.tv/gufanbuzishang/', '1', '119.28.61.71', '中国', 'CN', '华北', '100000', '北京市', '110000', '北京市', '110100');
INSERT INTO `url_re_city` VALUES ('43', '圣城家园', 'http://www.cnscg.com/', '1', '58.211.137.231', '中国', 'CN', '华东', '300000', '江苏省', '320000', '苏州市', '320500');
INSERT INTO `url_re_city` VALUES ('44', '中国高清网', 'http://gaoqing.la/xxx-the-return-of-xander-cage.html', '1', '119.188.97.209', '中国', 'CN', '华东', '300000', '山东省', '370000', '济南市', '370100');
INSERT INTO `url_re_city` VALUES ('45', '迅雷电影天堂', 'http://www.xldytt.com/forum-34-1.html', '1', '122.10.95.58', '香港', 'HK', '', '', '香港特别行政区', 'HK_01', '', '');
INSERT INTO `url_re_city` VALUES ('46', '小调网', 'http://www.xiaopian.com/', '1', '121.201.121.21', '中国', 'CN', '华南', '800000', '广东省', '440000', '中山市', '442000');
INSERT INTO `url_re_city` VALUES ('47', '豆瓣电影', 'https://movie.douban.com/subject/26688480/?tag=热门&from=gaia', '1', '115.182.201.6', '中国', 'CN', '华北', '100000', '北京市', '110000', '北京市', '110100');
INSERT INTO `url_re_city` VALUES ('48', '80s手机电影', 'http://www.80s.tw/', '1', '58.222.42.9', '中国', 'CN', '华东', '300000', '江苏省', '320000', '泰州市', '321200');
INSERT INTO `url_re_city` VALUES ('49', '被窝电影', 'http://www.beiwo.tv/', '1', '106.185.55.150', '日本', 'JP', '', '', '', '', '', '101');
INSERT INTO `url_re_city` VALUES ('50', '6V电影网', 'http://www.6vhao.net/', '1', '23.234.1.21', '美国', 'US', '', '', '', '', '', '');
INSERT INTO `url_re_city` VALUES ('51', '多特电影', 'http://www.dotdy.com/', '1', '223.202.123.103', '中国', 'CN', '华北', '100000', '北京市', '110000', '北京市', '110100');
INSERT INTO `url_re_city` VALUES ('52', '八哥电影', 'http://www.8gdyhd.com/', '1', '125.88.190.11', '中国', 'CN', '华南', '800000', '广东省', '440000', '佛山市', '440600');
INSERT INTO `url_re_city` VALUES ('53', '7060手机电影', 'http://www.7060.la/', '1', '103.38.64.46', '香港', 'HK', '', '', '香港特别行政区', 'HK_01', '', '');
INSERT INTO `url_re_city` VALUES ('54', '优酷', 'www.youku.com', '1', '106.11.186.2', '中国', 'CN', '华北', '100000', '河北省', '130000', '张家口市', '130700');
INSERT INTO `url_re_city` VALUES ('55', '爱奇艺', 'www.iqiyi.com', '1', '58.220.49.142', '中国', 'CN', '华东', '300000', '江苏省', '320000', '扬州市', '321000');
INSERT INTO `url_re_city` VALUES ('56', '腾讯', 'www.jyjch.com/rwzx/2017/0301/5610.html', '1', '58.216.6.22', '中国', 'CN', '华东', '300000', '江苏省', '320000', '常州市', '320400');
INSERT INTO `url_re_city` VALUES ('57', '乐视', 'www.letv.com', '1', '221.229.202.149', '中国', 'CN', '华东', '300000', '江苏省', '320000', '徐州市', '320300');
INSERT INTO `url_re_city` VALUES ('58', '哔哩哔哩', 'www.bilibili.com', '1', '180.97.199.9', '中国', 'CN', '华东', '300000', '江苏省', '320000', '苏州市', '320500');
INSERT INTO `url_re_city` VALUES ('59', '搜狐视频', 'http://news.ifeng.com/a/20170516/51102700_0.shtml', '1', '101.227.172.11', '中国', 'CN', '华东', '300000', '上海市', '310000', '上海市', '310100');
INSERT INTO `url_re_city` VALUES ('60', 'AcFun', 'www.acfun.com', '1', '202.102.110.203', '中国', 'CN', '华东', '300000', '江苏省', '320000', '南京市', '320100');
INSERT INTO `url_re_city` VALUES ('61', '360影视', 'www.360kan.com', '1', '220.181.157.98', '中国', 'CN', '华北', '100000', '北京市', '110000', '北京市', '110100');
INSERT INTO `url_re_city` VALUES ('62', '土豆网', 'http://news.china.com/socialgd/10000169/20170517/30533403_all.htm', '1', '106.11.186.2', '中国', 'CN', '华北', '100000', '河北省', '130000', '张家口市', '130700');
INSERT INTO `url_re_city` VALUES ('63', '响巢看看', 'www.kankan.com', '1', '183.131.178.75', '中国', 'CN', '华东', '300000', '浙江省', '330000', '湖州市', '330500');
INSERT INTO `url_re_city` VALUES ('64', '酷6网', 'www.ku6.com', '1', '180.97.235.68', '中国', 'CN', '华东', '300000', '江苏省', '320000', '苏州市', '320500');
INSERT INTO `url_re_city` VALUES ('65', '凤凰视频', 'v.ifeng.com', '1', '61.147.210.175', '中国', 'CN', '华东', '300000', '江苏省', '320000', '南通市', '320600');
INSERT INTO `url_re_city` VALUES ('66', '56网', 'www.56.com', '1', '221.229.202.148', '中国', 'CN', '华东', '300000', '江苏省', '320000', '徐州市', '320300');
INSERT INTO `url_re_city` VALUES ('67', '人民电视', 'tv.people.com.cn', '1', '180.97.183.126', '中国', 'CN', '华东', '300000', '江苏省', '320000', '扬州市', '321000');
INSERT INTO `url_re_city` VALUES ('68', '六间房秀场', 'www.6.cn', '1', '58.221.78.112', '中国', 'CN', '华东', '300000', '江苏省', '320000', '南通市', '320600');
INSERT INTO `url_re_city` VALUES ('69', '风行网', 'www.fun.tv', '1', '220.181.167.5', '中国', 'CN', '华北', '100000', '北京市', '110000', '北京市', '110100');
INSERT INTO `url_re_city` VALUES ('70', '第一视频', 'www.v1.cn', '1', '122.228.92.79', '中国', 'CN', '华东', '300000', '浙江省', '330000', '温州市', '330300');
INSERT INTO `url_re_city` VALUES ('71', '环球网视频', 'v.huanqiu.com', '1', '180.101.217.151', '中国', 'CN', '华东', '300000', '江苏省', '320000', '扬州市', '321000');
INSERT INTO `url_re_city` VALUES ('72', 'PPTV网络电视', 'www.pptv.com', '1', '202.102.68.102', '中国', 'CN', '华东', '300000', '江苏省', '320000', '南京市', '320100');
INSERT INTO `url_re_city` VALUES ('73', 'PPS影音', 'www.pps.tv', '1', '58.220.49.142', '中国', 'CN', '华东', '300000', '江苏省', '320000', '扬州市', '321000');
INSERT INTO `url_re_city` VALUES ('74', '芒果TV', 'www.mgtv.com', '1', '61.147.210.175', '中国', 'CN', '华东', '300000', '江苏省', '320000', '南通市', '320600');
INSERT INTO `url_re_city` VALUES ('75', '爱西柚视频', 'xiyou.cntv.cn', '1', '61.155.162.122', '中国', 'CN', '华东', '300000', '江苏省', '320000', '苏州市', '320500');
INSERT INTO `url_re_city` VALUES ('76', 'm1905电影网', 'www.1905.com', '1', '61.147.219.9', '中国', 'CN', '华东', '300000', '江苏省', '320000', '南通市', '320600');
INSERT INTO `url_re_city` VALUES ('77', '激动网', 'www.joy.cn', '1', '122.227.201.86', '中国', 'CN', '华东', '300000', '浙江省', '330000', '宁波市', '330200');
INSERT INTO `url_re_city` VALUES ('78', '优米', 'www.youmi.cn', '1', '123.103.21.247', '中国', 'CN', '华北', '100000', '北京市', '110000', '北京市', '110100');
INSERT INTO `url_re_city` VALUES ('79', '我秀', 'www.woxiu.com', '1', '58.222.42.9', '中国', 'CN', '华东', '300000', '江苏省', '320000', '泰州市', '321200');
INSERT INTO `url_re_city` VALUES ('80', '看看新闻', 'www.kankanews.com', '1', '61.155.237.46', '中国', 'CN', '华东', '300000', '江苏省', '320000', '南京市', '320100');
INSERT INTO `url_re_city` VALUES ('81', '淘米', 'v.61.com', '1', '115.231.128.35', '中国', 'CN', '华东', '300000', '浙江省', '330000', '衢州市', '330800');
INSERT INTO `url_re_city` VALUES ('82', '爱拍原创', 'www.aipai.com', '1', '49.79.233.15', '中国', 'CN', '华东', '300000', '江苏省', '320000', '南京市', '320100');
INSERT INTO `url_re_city` VALUES ('83', '九秀', 'www.9xiu.com', '1', '58.222.40.26', '中国', 'CN', '华东', '300000', '江苏省', '320000', '泰州市', '321200');
INSERT INTO `url_re_city` VALUES ('84', '爆米花', 'www.baomihua.com', '1', '122.225.28.145', '中国', 'CN', '华东', '300000', '浙江省', '330000', '嘉兴市', '330400');
INSERT INTO `url_re_city` VALUES ('85', 'ZOL视频', 'zol.iqiyi.com.cn', '1', '107.155.25.115', '美国', 'US', '', '', '', '', '', '');
INSERT INTO `url_re_city` VALUES ('86', '钢铁视频', 'news.mysteel.com', '1', '61.129.113.111', '中国', 'CN', '华东', '300000', '上海市', '310000', '上海市', '310100');
INSERT INTO `url_re_city` VALUES ('87', '中搜视频', 'video.zhongsou.com', '1', '103.29.135.24', '中国', 'CN', '华北', '100000', '北京市', '110000', '北京市', '110100');
INSERT INTO `url_re_city` VALUES ('88', '播视网', 'www.boosj.com', '1', '222.186.137.102', '中国', 'CN', '华东', '300000', '江苏省', '320000', '镇江市', '321100');
INSERT INTO `url_re_city` VALUES ('89', '时光网', 'www.mtime.com', '1', '59.151.32.20', '中国', 'CN', '华北', '100000', '北京市', '110000', '北京市', '110100');
INSERT INTO `url_re_city` VALUES ('90', '豆瓣电影', 'movie.douban.com', '1', '115.182.201.8', '中国', 'CN', '华北', '100000', '北京市', '110000', '北京市', '110100');
INSERT INTO `url_re_city` VALUES ('91', '华数TV', 'www.wasu.cn', '1', '180.97.168.180', '中国', 'CN', '华东', '300000', '江苏省', '320000', '苏州市', '320500');
INSERT INTO `url_re_city` VALUES ('92', '奇趣视频', 'www.qiqusp.com', '1', '106.187.37.240', '日本', 'JP', '', '', '', '', '', '');
INSERT INTO `url_re_city` VALUES ('93', '迈视网', 'www.maxtv.cn', '1', '58.223.166.226', '中国', 'CN', '华东', '300000', '江苏省', '320000', '淮安市', '320800');
INSERT INTO `url_re_city` VALUES ('94', '琥珀网', 'www.hupo.tv', '1', '182.92.189.193', '中国', 'CN', '华北', '100000', '北京市', '110000', '北京市', '110100');
INSERT INTO `url_re_city` VALUES ('95', '新华视频', 'www.news.cn', '1', '221.228.64.30', '中国', 'CN', '华东', '300000', '江苏省', '320000', '无锡市', '320200');
INSERT INTO `url_re_city` VALUES ('96', '百度视频', 'v.baidu.com', '1', '115.239.210.38', '中国', 'CN', '华东', '300000', '浙江省', '330000', '杭州市', '330100');
INSERT INTO `url_re_city` VALUES ('97', '新浪视频', 'video.sina.com.cn', '1', '114.80.223.61', '中国', 'CN', '华东', '300000', '上海市', '310000', '上海市', '310100');
INSERT INTO `url_re_city` VALUES ('98', '人看人视频', 'www.rkanr.com', '1', '183.61.109.14', '中国', 'CN', '华南', '800000', '广东省', '440000', '广州市', '440100');
INSERT INTO `url_re_city` VALUES ('99', '悠视网', 'www.uusee.com', '1', '117.78.42.51', '中国', 'CN', '华北', '100000', '北京市', '110000', '北京市', '110100');
INSERT INTO `url_re_city` VALUES ('100', '中国佛教电影网', 'www.fjdy.org', '1', '222.222.210.88', '中国', 'CN', '华北', '100000', '河北省', '130000', '石家庄市', '130100');
INSERT INTO `url_re_city` VALUES ('101', '放放影院', 'www.fangfang.cc', '1', '23.226.179.137', '美国', 'US', '', '', '', '', '', '');
INSERT INTO `url_re_city` VALUES ('102', '山猫电影', 'www.3maody.com', '1', '103.53.224.252', '香港', 'HK', '', '', '香港特别行政区', 'HK_01', '', '');
INSERT INTO `url_re_city` VALUES ('103', '电影天堂', 'www.dytt8.net', '1', '192.126.112.124', '美国', 'US', '', '', '', '', '', '');
INSERT INTO `url_re_city` VALUES ('104', '酷米网', 'www.kumi.cn', '1', '122.226.182.42', '中国', 'CN', '华东', '300000', '浙江省', '330000', '台州市', '331000');
INSERT INTO `url_re_city` VALUES ('105', '天上人间动漫网', 'www.52tian.net', '1', '58.218.215.140', '中国', 'CN', '华东', '300000', '江苏省', '320000', '徐州市', '320300');
INSERT INTO `url_re_city` VALUES ('106', '极影动漫网', 'www.jiyingdm.com', '1', '103.35.149.199', '香港', 'HK', '', '', '香港特别行政区', 'HK_01', '', '');
INSERT INTO `url_re_city` VALUES ('107', '比特大雄', 'www.btdx8.com', '1', '23.225.140.202', '美国', 'US', '', '', '', '', '', '');
INSERT INTO `url_re_city` VALUES ('108', '维棠', 'www.vidown.cn', '1', '121.40.40.38', '中国', 'CN', '华东', '300000', '浙江省', '330000', '杭州市', '330100');
INSERT INTO `url_re_city` VALUES ('109', '迅多影视', 'www.xunduo.cc', '1', '216.189.52.216', '美国', 'US', '', '', '', '', '', '');
INSERT INTO `url_re_city` VALUES ('110', '西瓜电影', 'www.xigua110.com', '1', '183.2.191.9', '中国', 'CN', '华南', '800000', '广东省', '440000', '深圳市', '440300');
INSERT INTO `url_re_city` VALUES ('111', '面包网', 'www.mianbao99.com', '1', '121.201.45.173', '中国', 'CN', '华南', '800000', '广东省', '440000', '中山市', '442000');
INSERT INTO `url_re_city` VALUES ('112', '战地影院', 'www.zhandi.cc', '1', '23.234.13.89', '美国', 'US', '', '', '', '', '', '');
INSERT INTO `url_re_city` VALUES ('113', '山猫电影', 'www.3maody.com', '1', '103.53.224.252', '香港', 'HK', '', '', '香港特别行政区', 'HK_01', '', '');
INSERT INTO `url_re_city` VALUES ('114', '酷咕鸭电影', 'www.kuguya.com', '1', '103.53.224.6', '香港', 'HK', '', '', '香港特别行政区', 'HK_01', '', '');
INSERT INTO `url_re_city` VALUES ('115', '老片网', 'www.laopian.tv', '1', '106.185.54.41', '日本', 'JP', '', '', '', '', '', '');
INSERT INTO `url_re_city` VALUES ('116', '电影天堂', 'www.loldytt.com', '1', '47.90.50.147', '香港', 'HK', '', '', '香港特别行政区', 'HK_01', '', '');
INSERT INTO `url_re_city` VALUES ('117', '非凡影院', 'www.feifandy.net', '1', '59.45.175.80', '中国', 'CN', '东北', '200000', '辽宁省', '210000', '阜新市', '210900');
INSERT INTO `url_re_city` VALUES ('118', '暴风影音', 'www.baofeng.com', '1', '124.243.221.205', '中国', 'CN', '华北', '100000', '北京市', '110000', '北京市', '110100');
INSERT INTO `url_re_city` VALUES ('119', '蓝光影院', 'www.languang.cc', '1', '175.6.247.140', '中国', 'CN', '华中', '400000', '湖南省', '430000', '衡阳市', '430400');
INSERT INTO `url_re_city` VALUES ('120', '爱你影院', 'www.20yy.com', '1', '180.97.168.189', '中国', 'CN', '华东', '300000', '江苏省', '320000', '苏州市', '320500');
INSERT INTO `url_re_city` VALUES ('121', '多多影院', 'www.dd13.tv', '1', '23.234.1.21', '美国', 'US', '', '', '', '', '', '');
INSERT INTO `url_re_city` VALUES ('122', '天龙影院', 'www.2mao.cc', '1', '36.7.130.36', '中国', 'CN', '华东', '300000', '安徽省', '340000', '合肥市', '340100');
INSERT INTO `url_re_city` VALUES ('123', '羽翼网', 'www.yuyiyuyi.com', '1', '106.186.18.132', '日本', 'JP', '', '', '', '', '', '');
INSERT INTO `url_re_city` VALUES ('124', '巴巴影院', 'www.baba.cc', '1', '175.6.247.140', '中国', 'CN', '华中', '400000', '湖南省', '430000', '衡阳市', '430400');
INSERT INTO `url_re_city` VALUES ('125', '去看电影网', 'www.qkdy.tv', '1', '162.221.192.14', '美国', 'US', '', '', '', '', '', '');
INSERT INTO `url_re_city` VALUES ('126', '薇薇影院', 'www.vv60.com', '1', '47.88.241.69', '新加坡', 'SG', '', '', '', '', '', '101');
INSERT INTO `url_re_city` VALUES ('127', '第一影院', 'www.1yy.cc', '1', '59.45.175.80', '中国', 'CN', '东北', '200000', '辽宁省', '210000', '阜新市', '210900');
INSERT INTO `url_re_city` VALUES ('128', '无忧影院', 'www.jyjch.com/rwzx/2017/0301/5610.html', '1', '58.216.107.11', '中国', 'CN', '华东', '300000', '江苏省', '320000', '常州市', '320400');
INSERT INTO `url_re_city` VALUES ('129', '被窝电影', 'www.beiwo.tv', '1', '106.185.55.150', '日本', 'JP', '', '', '', '', '', '');
INSERT INTO `url_re_city` VALUES ('130', 'TOM51', 'www.qvodzy.com', '1', '222.186.132.66', '中国', 'CN', '华东', '300000', '江苏省', '320000', '镇江市', '321100');
INSERT INTO `url_re_city` VALUES ('131', '华龙电影院', 'www.hualyy.com', '1', '137.175.119.245', '美国', 'US', '', '', '', '', '', '');
INSERT INTO `url_re_city` VALUES ('132', '都看影院', 'www.idoukk.com', '1', '47.89.41.215', '香港', 'HK', '', '', '香港特别行政区', 'HK_01', '', '');
INSERT INTO `url_re_city` VALUES ('133', '好看电影网', 'www.ybtdj.com', '1', '137.175.14.89', '美国', 'US', '', '', '', '', '', '');
INSERT INTO `url_re_city` VALUES ('134', '五号影院', 'http://www.wuhao.cc/', '1', '59.45.175.80', '中国', 'CN', '东北', '200000', '辽宁省', '210000', '阜新市', '210900');
INSERT INTO `url_re_city` VALUES ('135', '德华影视', 'http://www.dehua.la/', '1', '113.10.198.196', '香港', 'HK', '', '', '香港特别行政区', 'HK_01', '', '');
INSERT INTO `url_re_city` VALUES ('136', '西部院线', 'http://www.xibu.tv/', '1', '175.6.247.140', '中国', 'CN', '华中', '400000', '湖南省', '430000', '衡阳市', '430400');
INSERT INTO `url_re_city` VALUES ('137', '金山影视', 'http://v.duba.com/', '1', '115.239.210.38', '中国', 'CN', '华东', '300000', '浙江省', '330000', '杭州市', '330100');
INSERT INTO `url_re_city` VALUES ('138', '先看', 'http://www.xiankan.com/', '1', '47.93.118.119', '中国', 'CN', '华北', '100000', '北京市', '110000', '北京市', '110100');
INSERT INTO `url_re_city` VALUES ('139', '未来影院', 'http://www.2k2k.cc/', '1', '210.14.145.54', '中国', 'CN', '华北', '100000', '北京市', '110000', '北京市', '110100');
INSERT INTO `url_re_city` VALUES ('140', '奇特影院', 'http://www.qitete.com/', '1', '59.125.42.228', '台湾', 'TW', '', '', '', '', '', '');
INSERT INTO `url_re_city` VALUES ('141', '电影乐园', 'http://www.vkeke.net/', '1', '162.212.182.61', '美国', 'US', '', '', '', '', '', '');
INSERT INTO `url_re_city` VALUES ('142', '雨蓝影视', 'http://www.yublue.com/', '1', '45.120.29.13', '香港', 'HK', '', '', '香港特别行政区', 'HK_01', '', '');
INSERT INTO `url_re_city` VALUES ('143', '热岛电影', 'http://www.iredao.com/', '1', '121.201.45.241', '中国', 'CN', '华南', '800000', '广东省', '440000', '中山市', '442000');
INSERT INTO `url_re_city` VALUES ('144', '大哥', 'http://www.dage8.cc/', '1', '23.234.30.172', '美国', 'US', '', '', '', '', '', '');
INSERT INTO `url_re_city` VALUES ('145', '瓜田网', 'http://www.guatian.com/', '1', '58.218.215.168', '中国', 'CN', '华东', '300000', '江苏省', '320000', '徐州市', '320300');
INSERT INTO `url_re_city` VALUES ('146', '半岛电影院', 'http://www.guatian.com/', '1', '58.218.215.168', '中国', 'CN', '华东', '300000', '江苏省', '320000', '徐州市', '320300');
INSERT INTO `url_re_city` VALUES ('147', '琪琪影院', 'http://www.77vcd.com/', '1', '59.125.42.228', '台湾', 'TW', '', '', '', '', '', '');
INSERT INTO `url_re_city` VALUES ('148', '七七电视', 'http://www.77ds.net/', '1', '23.234.13.89', '美国', 'US', '', '', '', '', '', '');
INSERT INTO `url_re_city` VALUES ('149', '微观乐', 'http://www.vguanle.com/', '1', '123.207.99.186', '中国', 'CN', '华北', '100000', '北京市', '110000', '北京市', '110100');
INSERT INTO `url_re_city` VALUES ('150', '齐鲁电影网', 'http://www.qilumovie.com/', '1', '183.136.218.39', '中国', 'CN', '华东', '300000', '浙江省', '330000', '衢州市', '330800');
INSERT INTO `url_re_city` VALUES ('151', '星空电影', 'http://www.xkdy.net/', '1', '1.234.19.70', '韩国', 'KR', '', '', '', '', '', '');
INSERT INTO `url_re_city` VALUES ('152', '热片网', 'http://www.repian.com/', '1', '121.201.45.173', '中国', 'CN', '华南', '800000', '广东省', '440000', '中山市', '442000');
INSERT INTO `url_re_city` VALUES ('153', '无忧影院', 'http://www.5u.cc/', '1', '23.234.13.89', '美国', 'US', '', '', '', '', '', '');
INSERT INTO `url_re_city` VALUES ('154', '电影乐园', 'http://www.vkeke.net/', '1', '162.212.182.61', '美国', 'US', '', '', '', '', '', '');
INSERT INTO `url_re_city` VALUES ('155', '好看站', 'http://www.haokan666.com/', '1', '67.21.86.115', '美国', 'US', '', '', '', '', '', '');
INSERT INTO `url_re_city` VALUES ('156', '大狗狗', 'http://www.dagougou.cc/', '1', '23.234.13.89', '美国', 'US', '', '', '', '', '', '');
INSERT INTO `url_re_city` VALUES ('157', '电影港', 'http://www.dygang.com/', '1', '180.101.217.173', '中国', 'CN', '华东', '300000', '江苏省', '320000', '扬州市', '321000');
INSERT INTO `url_re_city` VALUES ('158', '百娱影视', 'http://www.baiy.net/dz1/', '1', '59.125.42.228', '台湾', 'TW', '', '', '', '', '', '');
INSERT INTO `url_re_city` VALUES ('159', '迅雷铺', 'http://www.xlpu.cc/', '1', '23.234.13.89', '美国', 'US', '', '', '', '', '', '');
INSERT INTO `url_re_city` VALUES ('160', 'XXDM', 'http://www.xxdm.org/', '1', '211.75.14.184', '台湾', 'TW', '', '', '', '', '', '');
INSERT INTO `url_re_city` VALUES ('161', '零零柒影视', 'http://www.g007.com/', '1', '183.136.218.39', '中国', 'CN', '华东', '300000', '浙江省', '330000', '衢州市', '330800');
INSERT INTO `url_re_city` VALUES ('162', '去看电影网', 'http://www.qkdy.tv/', '1', '162.221.192.14', '美国', 'US', '', '', '', '', '', '');
INSERT INTO `url_re_city` VALUES ('163', 'TV162', 'http://www.tv162.com/', '1', '180.131.50.197', '韩国', 'KR', '', '', '', '', '', '');
INSERT INTO `url_re_city` VALUES ('164', '老古影院', 'http://www.laogu.cc/', '1', '58.216.17.120', '中国', 'CN', '华东', '300000', '江苏省', '320000', '常州市', '320400');
INSERT INTO `url_re_city` VALUES ('165', '毒蛇影院', 'http://www.dushe.net/', '1', '23.234.13.89', '美国', 'US', '', '', '', '', '', '');
INSERT INTO `url_re_city` VALUES ('166', '55电视网', 'http://www.55ds.cc/', '1', '218.65.212.174', '中国', 'CN', '华南', '800000', '广西壮族自治区', '450000', '桂林市', '450300');
INSERT INTO `url_re_city` VALUES ('167', '神马影视', 'http://www.1684.cc/', '1', '175.6.247.140', '中国', 'CN', '华中', '400000', '湖南省', '430000', '衡阳市', '430400');
INSERT INTO `url_re_city` VALUES ('168', '威看影视网', 'http://www.7vk.com/', '1', '58.84.53.84', '香港', 'HK', '', '', '香港特别行政区', 'HK_01', '', '');
INSERT INTO `url_re_city` VALUES ('169', '双翼影院', 'http://www.8e7e.com/', '1', '45.113.82.31', '美国', 'US', '', '', '', '', '', '');
INSERT INTO `url_re_city` VALUES ('170', '剧风在线', 'http://www.88520.cc/', '1', '23.234.1.21', '美国', 'US', '', '', '', '', '', '');
INSERT INTO `url_re_city` VALUES ('171', '广清影院', 'http://www.93z.cc/', '1', '202.75.220.32', '中国', 'CN', '华东', '300000', '浙江省', '330000', '杭州市', '330100');
INSERT INTO `url_re_city` VALUES ('172', '不卡吧影视', 'http://www.bukaba.com/', '1', '221.228.64.40', '中国', 'CN', '华东', '300000', '江苏省', '320000', '无锡市', '320200');
INSERT INTO `url_re_city` VALUES ('173', '哥哥影视', 'http://www.gege.la/', '1', '58.216.107.11', '中国', 'CN', '华东', '300000', '江苏省', '320000', '常州市', '320400');
INSERT INTO `url_re_city` VALUES ('174', '幸福影视', 'http://www.contentchina.com/', '1', '119.23.136.186', '中国', 'CN', '华南', '800000', '广东省', '440000', '深圳市', '440300');
INSERT INTO `url_re_city` VALUES ('175', '五号影院', 'http://www.wuhao.cc/', '1', '59.45.175.80', '中国', 'CN', '东北', '200000', '辽宁省', '210000', '阜新市', '210900');
INSERT INTO `url_re_city` VALUES ('176', '黑夜影视', 'http://www.heiye.cc/', '1', '205.209.137.217', '美国', 'US', '', '', '', '', '', '');
INSERT INTO `url_re_city` VALUES ('177', '非凡影院', 'http://www.feifandy.net/', '1', '59.45.175.80', '中国', 'CN', '东北', '200000', '辽宁省', '210000', '阜新市', '210900');
INSERT INTO `url_re_city` VALUES ('178', '爱新电影', 'http://www.ixdy.com/', '1', '183.136.218.39', '中国', 'CN', '华东', '300000', '浙江省', '330000', '衢州市', '330800');
INSERT INTO `url_re_city` VALUES ('179', '雕本网', 'http://www.diaoben.com/', '1', '58.211.137.243', '中国', 'CN', '华东', '300000', '江苏省', '320000', '苏州市', '320500');
INSERT INTO `url_re_city` VALUES ('180', '神夜动漫', 'http://www.sydm.hk/', '1', '118.184.18.77', '中国', 'CN', '华东', '300000', '上海市', '310000', '上海市', '310100');
INSERT INTO `url_re_city` VALUES ('181', '黑米网', 'http://www.heimi001.com/', '1', '121.201.22.48', '中国', 'CN', '华南', '800000', '广东省', '440000', '中山市', '442000');
INSERT INTO `url_re_city` VALUES ('182', '电视剧大全', 'http://www.021nba.com/', '1', '113.10.195.204', '香港', 'HK', '', '', '香港特别行政区', 'HK_01', '', '');
INSERT INTO `url_re_city` VALUES ('183', '爱看影院', 'http://www.aikan.tv/', '1', '128.1.171.212', '美国', 'US', '', '', '', '', '', '');
INSERT INTO `url_re_city` VALUES ('184', '电影导航', 'http://www.dydh.tv/zt/', '1', '162.251.21.227', '英属维尔京群岛', 'VG', '', '', '', '', '', '');
INSERT INTO `url_re_city` VALUES ('185', '先锋影院', 'http://www.xfwz.cc/', '1', '222.186.57.168', '中国', 'CN', '华东', '300000', '江苏省', '320000', '镇江市', '321100');
INSERT INTO `url_re_city` VALUES ('186', '奇艺动漫', 'http://www.qydm.net/', '1', '43.246.173.233', '香港', 'HK', '', '', '香港特别行政区', 'HK_01', '', '');
INSERT INTO `url_re_city` VALUES ('187', '爱动漫', 'http://www.idm.cc/', '1', '58.211.137.76', '中国', 'CN', '华东', '300000', '江苏省', '320000', '苏州市', '320500');
INSERT INTO `url_re_city` VALUES ('188', '起跑线', 'http://tv.qpx.com/', '1', '122.228.206.88', '中国', 'CN', '华东', '300000', '浙江省', '330000', '温州市', '330300');
INSERT INTO `url_re_city` VALUES ('189', 'yes影视', 'http://www.yse360.cc/', '1', '67.198.213.19', '美国', 'US', '', '', '', '', '', '');
INSERT INTO `url_re_city` VALUES ('190', '雅图在线', 'http://www.yatu.tv/', '1', '175.6.247.143', '中国', 'CN', '华中', '400000', '湖南省', '430000', '衡阳市', '430400');
INSERT INTO `url_re_city` VALUES ('191', '55电视网', 'http://www.55ds.cc/', '1', '218.65.212.176', '中国', 'CN', '华南', '800000', '广西壮族自治区', '450000', '桂林市', '450300');
INSERT INTO `url_re_city` VALUES ('192', '七色影院', 'http://www.qisedy.com/', '1', '180.150.230.201', '韩国', 'KR', '', '', '', '', '', '');
INSERT INTO `url_re_city` VALUES ('193', '首播影视网', 'http://www.isoboys.com/', '1', '103.206.20.111', '香港', 'HK', '', '', '香港特别行政区', 'HK_01', '', '');
INSERT INTO `url_re_city` VALUES ('194', '89TV', 'http://www.89tv.cc/', '1', '113.10.198.110', '香港', 'HK', '', '', '香港特别行政区', 'HK_01', '', '');
INSERT INTO `url_re_city` VALUES ('195', '九宝宝电影', 'http://www.9bby.com/', '1', '103.68.192.26', '中国', 'CN', '华东', '300000', '江苏省', '320000', '镇江市', '321100');
INSERT INTO `url_re_city` VALUES ('196', '飘花资源网', 'http://www.piaohua.com/', '1', '121.201.121.17', '中国', 'CN', '华南', '800000', '广东省', '440000', '中山市', '442000');
INSERT INTO `url_re_city` VALUES ('197', '齐鲁电影网', 'http://www.qilumovie.com/', '1', '183.136.218.39', '中国', 'CN', '华东', '300000', '浙江省', '330000', '衢州市', '330800');
INSERT INTO `url_re_city` VALUES ('198', '琪琪布电影网', 'http://www.qiqibu8.com/', '1', '59.45.175.80', '中国', 'CN', '东北', '200000', '辽宁省', '210000', '阜新市', '210900');
INSERT INTO `url_re_city` VALUES ('199', '乐酷影视', 'http://www.6k.com/', '1', '61.164.149.231', '中国', 'CN', '华东', '300000', '浙江省', '330000', '温州市', '330300');
INSERT INTO `url_re_city` VALUES ('200', 'BT电影网', 'http://www.btsou.org/', '1', '116.255.174.149', '中国', 'CN', '华中', '400000', '河南省', '410000', '郑州市', '410100');
INSERT INTO `url_re_city` VALUES ('201', '热血电视剧', 'http://www.rxdsj.com/', '1', '23.234.13.89', '美国', 'US', '', '', '', '', '', '');
INSERT INTO `url_re_city` VALUES ('202', '天龙影院', 'http://www.2mao.cc/', '1', '36.7.130.36', '中国', 'CN', '华东', '300000', '安徽省', '340000', '合肥市', '340100');
INSERT INTO `url_re_city` VALUES ('203', '金瓜影视', 'http://www.jinguatv.com/', '1', '118.193.136.122', '中国', 'CN', '华东', '300000', '山东省', '370000', '', '-1');
INSERT INTO `url_re_city` VALUES ('204', '万花筒影院', 'http://www.wht007.com/', '1', '43.252.228.13', '香港', 'HK', '', '', '香港特别行政区', 'HK_01', '', '');
INSERT INTO `url_re_city` VALUES ('205', '土鳖视频', 'http://www.cc82.cc/', '1', '203.78.140.187', '印度', 'IN', '', '', '', '', '', '101');
INSERT INTO `url_re_city` VALUES ('206', '优片网', 'http://www.upian.cc/', '1', '58.211.137.245', '中国', 'CN', '华东', '300000', '江苏省', '320000', '苏州市', '320500');
INSERT INTO `url_re_city` VALUES ('207', '腾讯音乐', 'http://yue.qq.com/', '2', '180.96.86.192', '中国', 'CN', '华东', '300000', '江苏省', '320000', '南京市', '320100');
INSERT INTO `url_re_city` VALUES ('208', '网易云音乐', 'http://music.163.com/', '2', '59.111.160.197', '中国', 'CN', '华南', '800000', '广东省', '440000', '深圳市', '440300');
INSERT INTO `url_re_city` VALUES ('209', '磨坊高品质音乐论坛', 'http://www.moofeel.com/index.php', '2', '210.209.89.234', '香港', 'HK', '', '', '香港特别行政区', 'HK_01', '', '');
INSERT INTO `url_re_city` VALUES ('210', '九酷音乐', 'http://www.9ku.com/', '2', '61.147.210.175', '中国', 'CN', '华东', '300000', '江苏省', '320000', '南通市', '320600');
INSERT INTO `url_re_city` VALUES ('211', '5nd音乐网', 'http://www.5nd.com/', '2', '222.186.17.100', '中国', 'CN', '华东', '300000', '江苏省', '320000', '镇江市', '321100');
INSERT INTO `url_re_city` VALUES ('212', '320高品质MP3音乐', 'http://www.320mp3.com/', '2', '123.125.112.229', '中国', 'CN', '华北', '100000', '北京市', '110000', '北京市', '110100');
INSERT INTO `url_re_city` VALUES ('213', '51APE', 'http://www.51ape.com/', '2', '210.209.89.233', '香港', 'HK', '', '', '香港特别行政区', 'HK_01', '', '');
INSERT INTO `url_re_city` VALUES ('214', '咪咕音乐网', 'http://music.migu.cn/#', '2', '218.200.160.43', '中国', 'CN', '西南', '500000', '四川省', '510000', '', '');
INSERT INTO `url_re_city` VALUES ('215', '音乐巴士', 'http://www.yy8844.cn/', '2', '122.228.204.133', '中国', 'CN', '华东', '300000', '浙江省', '330000', '温州市', '330300');
INSERT INTO `url_re_city` VALUES ('216', '叮当音乐网', 'http://www.mtv123.com/', '2', '122.228.204.212', '中国', 'CN', '华东', '300000', '浙江省', '330000', '温州市', '330300');
INSERT INTO `url_re_city` VALUES ('217', '一听音乐', 'http://www.1ting.com/', '2', '222.186.17.100', '中国', 'CN', '华东', '300000', '江苏省', '320000', '镇江市', '321100');
INSERT INTO `url_re_city` VALUES ('218', '365音乐网', 'http://www.yue365.com/', '2', '222.186.13.53', '中国', 'CN', '华东', '300000', '江苏省', '320000', '镇江市', '321100');
INSERT INTO `url_re_city` VALUES ('219', '好听轻音乐网', 'http://www.htqyy.com/', '2', '115.29.28.246', '中国', 'CN', '华东', '300000', '浙江省', '330000', '杭州市', '330100');
INSERT INTO `url_re_city` VALUES ('220', '百度音乐', 'http://music.baidu.com/', '2', '182.61.35.21', '中国', 'CN', '华南', '800000', '广东省', '440000', '广州市', '440100');
INSERT INTO `url_re_city` VALUES ('221', '金山音乐', 'http://www.duba.com/music_index.html', '2', '218.92.225.200', '中国', 'CN', '华东', '300000', '江苏省', '320000', '盐城市', '320900');
INSERT INTO `url_re_city` VALUES ('222', '搜狗音乐', 'http://mp3.sogou.com/', '2', '106.120.188.46', '中国', 'CN', '华北', '100000', '北京市', '110000', '北京市', '110100');
INSERT INTO `url_re_city` VALUES ('223', '九天音乐', 'http://www.9sky.com/', '2', '114.55.236.110', '中国', 'CN', '华东', '300000', '浙江省', '330000', '杭州市', '330100');
INSERT INTO `url_re_city` VALUES ('224', '56音乐网', 'http://www.23356.com/', '2', '58.211.137.80', '中国', 'CN', '华东', '300000', '江苏省', '320000', '苏州市', '320500');
INSERT INTO `url_re_city` VALUES ('225', '今生缘音乐', 'http://www.666ccc.com/', '2', '104.27.146.128', '美国', 'US', '', '', '', '', '', '');
INSERT INTO `url_re_city` VALUES ('226', '多米音乐', 'http://www.duomi.com/', '2', '59.151.12.60', '中国', 'CN', '华北', '100000', '北京市', '110000', '北京市', '110100');
INSERT INTO `url_re_city` VALUES ('227', 'YYMP3音乐网', 'http://www.yymp3.com/', '2', '204.128.60.111', '美国', 'US', '', '', '', '', '', '');
INSERT INTO `url_re_city` VALUES ('228', '音乐人先锋榜', 'http://music.weibo.com/', '2', '123.126.56.253', '中国', 'CN', '华北', '100000', '北京市', '110000', '北京市', '110100');
INSERT INTO `url_re_city` VALUES ('229', '喜马拉雅FM', 'http://www.ximalaya.com/explore/', '2', '180.153.255.7', '中国', 'CN', '华东', '300000', '上海市', '310000', '上海市', '310100');
INSERT INTO `url_re_city` VALUES ('230', '音悦台', 'http://www.yinyuetai.com/', '2', '221.228.226.18', '中国', 'CN', '华东', '300000', '江苏省', '320000', '无锡市', '320200');
INSERT INTO `url_re_city` VALUES ('231', '豆瓣FM', 'https://douban.fm/', '2', '115.182.201.7', '中国', 'CN', '华北', '100000', '北京市', '110000', '北京市', '110100');
INSERT INTO `url_re_city` VALUES ('232', 'echo回声', 'http://www.app-echo.com/#/', '2', '180.97.219.63', '中国', 'CN', '华东', '300000', '江苏省', '320000', '淮安市', '320800');
INSERT INTO `url_re_city` VALUES ('233', '百度乐播', 'http://lebo.baidu.com/', '2', '180.76.183.17', '中国', 'CN', '华北', '100000', '北京市', '110000', '北京市', '110100');
INSERT INTO `url_re_city` VALUES ('234', '72DJ舞曲网', 'http://www.72dj.com/', '2', '222.186.49.186', '中国', 'CN', '华东', '300000', '江苏省', '320000', '镇江市', '321100');
INSERT INTO `url_re_city` VALUES ('235', '搜刮音乐平台', 'http://www.sogua.com/', '2', '183.60.201.102', '中国', 'CN', '华南', '800000', '广东省', '440000', '佛山市', '440600');
INSERT INTO `url_re_city` VALUES ('236', '好听163音乐网', 'http://www.haoting163.com/', '2', '47.90.10.47', '香港', 'HK', '', '', '香港特别行政区', 'HK_01', '', '');
INSERT INTO `url_re_city` VALUES ('237', '爱给网', 'http://www.2gei.com/music/', '2', '139.129.112.11', '中国', 'CN', '华东', '300000', '山东省', '370000', '青岛市', '370200');
INSERT INTO `url_re_city` VALUES ('238', '我爱音乐网', 'http://www.5iyy.net/', '2', '47.90.10.47', '香港', 'HK', '', '', '香港特别行政区', 'HK_01', '', '');
INSERT INTO `url_re_city` VALUES ('239', '完美汽车音乐', 'http://www.wanmeimv.com/forum.php', '2', '115.231.187.88', '中国', 'CN', '华东', '300000', '浙江省', '330000', '宁波市', '330200');
INSERT INTO `url_re_city` VALUES ('240', '极品社区', 'http://bbs.zzse.net/', '2', '61.160.247.153', '中国', 'CN', '华东', '300000', '江苏省', '320000', '常州市', '320400');
INSERT INTO `url_re_city` VALUES ('241', '汽车音乐网', 'http://www.carsmp3.com/', '2', '209.141.62.25', '美国', 'US', '', '', '', '', '', '');
INSERT INTO `url_re_city` VALUES ('242', '百度音乐随心听', 'http://fm.baidu.com/', '2', '180.76.183.17', '中国', 'CN', '华北', '100000', '北京市', '110000', '北京市', '110100');
INSERT INTO `url_re_city` VALUES ('243', '一听音乐', 'http://www.1ting.com/fo/    ', '2', '61.147.210.175', '中国', 'CN', '华东', '300000', '江苏省', '320000', '南通市', '320600');
INSERT INTO `url_re_city` VALUES ('244', 'DN在线听歌', 'http://music.dn1234.com/    ', '2', '58.216.107.101', '中国', 'CN', '华东', '300000', '江苏省', '320000', '常州市', '320400');
INSERT INTO `url_re_city` VALUES ('245', '芒仔音乐铺', 'http://www.yinyuepu.com/    ', '2', '122.228.248.219', '中国', 'CN', '华东', '300000', '浙江省', '330000', '温州市', '330300');
INSERT INTO `url_re_city` VALUES ('246', '听蛙音乐网', 'http://www.itingwa.com/', '2', '125.65.113.223', '中国', 'CN', '西南', '500000', '四川省', '510000', '绵阳市', '510700');
INSERT INTO `url_re_city` VALUES ('247', '佛教在线', 'http://music.fjnet.com/', '2', '115.159.71.66', '中国', 'CN', '华东', '300000', '上海市', '310000', '上海市', '310100');
INSERT INTO `url_re_city` VALUES ('248', '库客音乐', 'http://www.kuke.com/', '2', '60.205.130.221', '中国', 'CN', '华北', '100000', '北京市', '110000', '北京市', '110100');
INSERT INTO `url_re_city` VALUES ('249', '前卫音乐', 'http://www.dj520.com/', '2', '120.76.194.25', '中国', 'CN', '华南', '800000', '广东省', '440000', '深圳市', '440300');
INSERT INTO `url_re_city` VALUES ('250', '中国古曲网', 'http://www.guqu.net/', '2', '125.91.8.163', '中国', 'CN', '华南', '800000', '广东省', '440000', '汕头市', '440500');
INSERT INTO `url_re_city` VALUES ('251', 'DJ音乐厅', 'http://www.hcdj.com/', '2', '122.228.70.59', '中国', 'CN', '华东', '300000', '浙江省', '330000', '温州市', '330300');
INSERT INTO `url_re_city` VALUES ('252', '慢品', 'http://manpin.net/', '2', '47.90.78.27', '香港', 'HK', '', '', '香港特别行政区', 'HK_01', '', '');
INSERT INTO `url_re_city` VALUES ('253', '阿小猫', 'http://axiaomao.com/', '2', '115.29.224.67', '中国', 'CN', '华东', '300000', '浙江省', '330000', '杭州市', '330100');
INSERT INTO `url_re_city` VALUES ('254', '匪徒在线', 'http://www.94007.com/', '2', '118.144.82.174', '中国', 'CN', '华北', '100000', '北京市', '110000', '北京市', '110100');
INSERT INTO `url_re_city` VALUES ('255', 'DJ45', 'http://www.dj45.com/', '2', '222.186.30.192', '中国', 'CN', '华东', '300000', '江苏省', '320000', '镇江市', '321100');
INSERT INTO `url_re_city` VALUES ('256', '520666音乐网', 'http://www.520666.com/', '2', '47.89.26.149', '香港', 'HK', '', '', '香港特别行政区', 'HK_01', '', '');
INSERT INTO `url_re_city` VALUES ('257', '音灵dj网', 'http://www.djf1.com/', '2', '43.225.59.104', '香港', 'HK', '', '', '香港特别行政区', 'HK_01', '', '');
INSERT INTO `url_re_city` VALUES ('258', '宝贝DJ网', 'http://www.bbdj.com/', '2', '58.218.215.170', '中国', 'CN', '华东', '300000', '江苏省', '320000', '徐州市', '320300');
INSERT INTO `url_re_city` VALUES ('259', 'MOOV', 'https://moov.hk/', '2', '219.76.111.41', '香港', 'HK', '', '', '香港特别行政区', 'HK_01', '', '');
INSERT INTO `url_re_city` VALUES ('260', '可可西广场舞', 'http://www.cococ.com/', '2', '47.90.80.184', '香港', 'HK', '', '', '香港特别行政区', 'HK_01', '', '');
INSERT INTO `url_re_city` VALUES ('261', '慢摇Dj吧', 'http://www.mydjb.com/', '2', '58.218.215.163', '中国', 'CN', '华东', '300000', '江苏省', '320000', '徐州市', '320300');
INSERT INTO `url_re_city` VALUES ('262', '旗舰音乐网', 'https://www.xx186.com/', '2', '180.97.168.220', '中国', 'CN', '华东', '300000', '江苏省', '320000', '苏州市', '320500');
INSERT INTO `url_re_city` VALUES ('263', '水晶DJ网', 'http://www.dj97.com/', '2', '122.228.248.203', '中国', 'CN', '华东', '300000', '浙江省', '330000', '温州市', '330300');
INSERT INTO `url_re_city` VALUES ('264', '捌零音乐论坛', 'http://www.pt80.net/', '2', '115.238.138.185', '中国', 'CN', '华东', '300000', '浙江省', '330000', '宁波市', '330200');
INSERT INTO `url_re_city` VALUES ('265', '噢音乐', 'http://www.oyinyue.com/', '2', '59.56.19.184', '中国', 'CN', '华东', '300000', '福建省', '350000', '福州市', '350100');
INSERT INTO `url_re_city` VALUES ('266', '雪域藏族音乐网', 'http://www.snowmusic.com.cn/', '2', '118.244.234.225', '中国', 'CN', '华北', '100000', '北京市', '110000', '北京市', '110100');
INSERT INTO `url_re_city` VALUES ('267', '深港dj俱乐部', 'http://www.ik123.com/', '2', '180.97.66.35', '中国', 'CN', '华东', '300000', '江苏省', '320000', '苏州市', '320500');
INSERT INTO `url_re_city` VALUES ('268', '沃音乐', 'http://www.10155.com/#main/index.htm', '2', '58.254.132.4', '中国', 'CN', '华南', '800000', '广东省', '440000', '深圳市', '440300');
INSERT INTO `url_re_city` VALUES ('269', '高品质dj音乐盒', 'http://www.3378.com.cn/', '2', '115.238.255.188', '中国', 'CN', '华东', '300000', '浙江省', '330000', '丽水市', '331100');
INSERT INTO `url_re_city` VALUES ('270', '伤感音乐网', 'http://news.ifeng.com/a/20170516/51102700_0.shtml', '2', '117.27.245.96', '中国', 'CN', '华东', '300000', '福建省', '350000', '福州市', '350100');
INSERT INTO `url_re_city` VALUES ('271', '中国原创音乐基地 5SING', 'http://5sing.kugou.com/yc/index.html', '2', '115.231.37.27', '中国', 'CN', '华东', '300000', '浙江省', '330000', '宁波市', '330200');
INSERT INTO `url_re_city` VALUES ('272', '清风DJ音乐网', 'http://www.vvvdj.com/', '2', '180.97.168.180', '中国', 'CN', '华东', '300000', '江苏省', '320000', '苏州市', '320500');
INSERT INTO `url_re_city` VALUES ('273', '音乐地带-影音帝国区- 华声论坛', 'http://bbs.voc.com.cn/forum-77-1.html', '2', '220.168.248.214', '中国', 'CN', '华中', '400000', '湖南省', '430000', '长沙市', '430100');
INSERT INTO `url_re_city` VALUES ('274', '顶尖dj舞曲网', 'http://www.dj89.com/', '2', '60.169.78.231', '中国', 'CN', '华东', '300000', '安徽省', '340000', '芜湖市', '340200');
INSERT INTO `url_re_city` VALUES ('275', '疯吧', 'http://www.djf8.com/', '2', '119.254.167.112', '中国', 'CN', '华北', '100000', '北京市', '110000', '北京市', '110100');
INSERT INTO `url_re_city` VALUES ('276', 'MC喊麦', 'http://www.dj116.com/', '2', '43.240.14.209', '香港', 'HK', '', '', '香港特别行政区', 'HK_01', '', '');
INSERT INTO `url_re_city` VALUES ('277', '深度无损音乐论坛', 'http://www.deepms.net/', '2', '113.10.136.198', '香港', 'HK', '', '', '香港特别行政区', 'HK_01', '', '');
INSERT INTO `url_re_city` VALUES ('278', '三衢客栈', 'http://www.sqkz.com/k80.html', '2', '115.236.4.8', '中国', 'CN', '华东', '300000', '浙江省', '330000', '杭州市', '330100');
INSERT INTO `url_re_city` VALUES ('279', '串串烧音乐论坛', 'www.ccshao.com/index.php?gid=16', '2', '210.209.70.181', '香港', 'HK', '', '', '香港特别行政区', 'HK_01', '', '');
INSERT INTO `url_re_city` VALUES ('280', '杂碎音乐论坛', 'http://www.zasv.net/', '2', '172.87.27.47', '美国', 'US', '', '', '', '', '', '');
INSERT INTO `url_re_city` VALUES ('281', '风云音乐谷', 'http://www.hcyy.org/', '2', '43.227.98.233', '中国', 'CN', '华东', '300000', '山东省', '370000', '潍坊市', '370700');
INSERT INTO `url_re_city` VALUES ('282', '百事高音乐论坛', 'http://bbs.besgold.com/', '2', '59.36.101.196', '中国', 'CN', '华南', '800000', '广东省', '440000', '东莞市', '441900');
INSERT INTO `url_re_city` VALUES ('283', 'dj嗨嗨网', 'http://www.djkk.com/', '2', '202.75.220.31', '中国', 'CN', '华东', '300000', '浙江省', '330000', '杭州市', '330100');
INSERT INTO `url_re_city` VALUES ('284', '中国dj爱好者', 'http://www.djcc.cc/', '2', '220.164.144.201', '中国', 'CN', '西南', '500000', '云南省', '530000', '普洱市', '530800');
INSERT INTO `url_re_city` VALUES ('285', '海边dj舞曲网', 'http://www.dj806.com/', '2', '211.149.211.228', '中国', 'CN', '西南', '500000', '四川省', '510000', '成都市', '510100');
INSERT INTO `url_re_city` VALUES ('286', 'DJWMA舞曲网', 'http://www.djwma.com/', '2', '47.89.0.246', '香港', 'HK', '', '', '香港特别行政区', 'HK_01', '', '');
INSERT INTO `url_re_city` VALUES ('287', '5.1真音乐', 'http://www.5dian1.net/', '2', '211.149.233.201', '中国', 'CN', '西南', '500000', '四川省', '510000', '成都市', '510100');
INSERT INTO `url_re_city` VALUES ('288', '听歌123音乐网', 'http://www.tingge123.com/', '2', '180.97.168.197', '中国', 'CN', '华东', '300000', '江苏省', '320000', '苏州市', '320500');
INSERT INTO `url_re_city` VALUES ('289', '手机MP3', 'http://www.sjmp3.com/', '2', '47.90.18.124', '香港', 'HK', '', '', '香港特别行政区', 'HK_01', '', '');
INSERT INTO `url_re_city` VALUES ('290', '军歌网', 'http://www.jungewang.com/', '2', '121.201.5.160', '中国', 'CN', '华南', '800000', '广东省', '440000', '中山市', '442000');
INSERT INTO `url_re_city` VALUES ('291', 'MixDJ丨全球舞曲同步网', 'http://www.mixdj.cn/', '2', '58.211.137.240', '中国', 'CN', '华东', '300000', '江苏省', '320000', '苏州市', '320500');
INSERT INTO `url_re_city` VALUES ('292', '酷听音乐网', 'http://www.kting.org.cn/', '2', '47.90.10.47', '香港', 'HK', '', '', '香港特别行政区', 'HK_01', '', '');
INSERT INTO `url_re_city` VALUES ('293', 'DJ聚合分享网站 ', 'http://www.36dj.com/', '2', '61.147.118.206', '中国', 'CN', '华东', '300000', '江苏省', '320000', '扬州市', '321000');
INSERT INTO `url_re_city` VALUES ('294', '听三零音乐网', 'http://www.ting30.com/gequ/show1.html', '2', '106.122.250.46', '中国', 'CN', '华东', '300000', '福建省', '350000', '福州市', '350100');
INSERT INTO `url_re_city` VALUES ('295', '串烧歌曲网', 'http://www.dj810.com/ranks.html', '2', '221.229.173.107', '中国', 'CN', '华东', '300000', '江苏省', '320000', '徐州市', '320300');
INSERT INTO `url_re_city` VALUES ('296', '想听音乐网', 'http://www.yy3t.com/', '2', '47.90.10.47', '香港', 'HK', '', '', '香港特别行政区', 'HK_01', '', '');
INSERT INTO `url_re_city` VALUES ('297', '就要听音乐网', 'http://91listen.com/', '2', '139.129.227.101', '中国', 'CN', '华东', '300000', '山东省', '370000', '青岛市', '370200');
INSERT INTO `url_re_city` VALUES ('298', '基督教歌曲网', 'http://www.jdjgq.com/hotmusic.htm', '2', '124.228.91.141', '中国', 'CN', '华中', '400000', '湖南省', '430000', '衡阳市', '430400');
INSERT INTO `url_re_city` VALUES ('299', '要听舞曲网', 'http://www.111ttt.com/top/sWeekday.htm', '2', '122.228.70.15', '中国', 'CN', '华东', '300000', '浙江省', '330000', '温州市', '330300');
INSERT INTO `url_re_city` VALUES ('300', '风云音乐网', 'http://www.fengyunmusic.com/', '2', '47.90.10.47', '香港', 'HK', '', '', '香港特别行政区', 'HK_01', '', '');
INSERT INTO `url_re_city` VALUES ('301', '阿忠舞曲网', 'http://www.djazhong.com/index.php/ranks/fav.html', '2', '60.190.223.11', '中国', 'CN', '华东', '300000', '浙江省', '330000', '绍兴市', '330600');
INSERT INTO `url_re_city` VALUES ('302', '荔枝fm', 'http://www.lizhi.fm/', '2', '49.79.233.116', '中国', 'CN', '华东', '300000', '江苏省', '320000', '南京市', '320100');
INSERT INTO `url_re_city` VALUES ('303', 'QQ190音乐网', 'http://www.y2002.com/', '2', '119.147.139.113', '中国', 'CN', '华南', '800000', '广东省', '440000', '佛山市', '440600');
INSERT INTO `url_re_city` VALUES ('304', '中国传媒配音网', 'http://www.cmpy.cn/', '2', '61.147.98.146', '中国', 'CN', '华东', '300000', '江苏省', '320000', '扬州市', '321000');
INSERT INTO `url_re_city` VALUES ('305', '新地DJ音乐网', 'http://www.5ydj.com/', '2', '60.205.151.170', '中国', 'CN', '华北', '100000', '北京市', '110000', '北京市', '110100');
INSERT INTO `url_re_city` VALUES ('306', '99伴奏网', 'http://www.wo99.net/', '2', '222.186.21.29', '中国', 'CN', '华东', '300000', '江苏省', '320000', '镇江市', '321100');
INSERT INTO `url_re_city` VALUES ('307', '极点舞曲网', 'http://www.dj3721.net/', '2', '125.89.70.14', '中国', 'CN', '华南', '800000', '广东省', '440000', '珠海市', '440400');
INSERT INTO `url_re_city` VALUES ('308', '班得瑞全球中文网', 'https://www.bandari.net/', '2', '211.159.153.113', '中国', 'CN', '华东', '300000', '上海市', '310000', '上海市', '310100');
INSERT INTO `url_re_city` VALUES ('309', 'DJ先锋网', 'http://www.dj-dj.net/', '2', '220.164.144.201', '中国', 'CN', '西南', '500000', '云南省', '530000', '普洱市', '530800');
INSERT INTO `url_re_city` VALUES ('310', '爱音乐', 'http://www.imusic.cn/', '2', '14.146.228.10', '中国', 'CN', '华南', '800000', '广东省', '440000', '广州市', '440100');
INSERT INTO `url_re_city` VALUES ('311', '爱听交谊舞曲网,', 'http://www.2ting.net/', '2', '222.186.49.186', '中国', 'CN', '华东', '300000', '江苏省', '320000', '镇江市', '321100');
INSERT INTO `url_re_city` VALUES ('312', 'A8音乐网', 'http://www.a8.com/', '2', '106.122.250.46', '中国', 'CN', '华东', '300000', '福建省', '350000', '福州市', '350100');
INSERT INTO `url_re_city` VALUES ('313', '搜狐音乐', 'http://music.yule.sohu.com/', '2', '101.227.172.11', '中国', 'CN', '华东', '300000', '上海市', '310000', '上海市', '310100');
INSERT INTO `url_re_city` VALUES ('314', '新浪音乐', 'http://yue.sina.com.cn/', '2', '202.102.75.147', '中国', 'CN', '华东', '300000', '江苏省', '320000', '南京市', '320100');
INSERT INTO `url_re_city` VALUES ('315', '中国音乐网', 'http://www.yyjy.com/index.html', '2', '182.140.227.157', '中国', 'CN', '西南', '500000', '四川省', '510000', '成都市', '510100');
INSERT INTO `url_re_city` VALUES ('316', '炫音音乐论坛', 'http://bbs.musicool.cn/', '2', '122.224.5.239', '中国', 'CN', '华东', '300000', '浙江省', '330000', '绍兴市', '330600');
INSERT INTO `url_re_city` VALUES ('317', '新芭网', 'http://www.sin80.com/', '2', '175.102.3.129', '中国', 'CN', '华东', '300000', '上海市', '310000', '上海市', '310100');
INSERT INTO `url_re_city` VALUES ('318', 'dj耶耶网', 'http://www.djye.com/', '2', '222.186.49.200', '中国', 'CN', '华东', '300000', '江苏省', '320000', '镇江市', '321100');
INSERT INTO `url_re_city` VALUES ('319', '古典音乐频道', 'http://www.ncpa-classic.com/', '2', '58.221.78.105', '中国', 'CN', '华东', '300000', '江苏省', '320000', '南通市', '320600');
INSERT INTO `url_re_city` VALUES ('320', '高采样数字音乐厅', 'http://hd-hall.com/', '2', '115.28.237.117', '中国', 'CN', '华东', '300000', '山东省', '370000', '青岛市', '370200');
INSERT INTO `url_re_city` VALUES ('321', '基点局俱乐部', 'http://club.mydcentre.com/', '2', '27.24.190.218', '中国', 'CN', '华中', '400000', '湖北省', '420000', '咸宁市', '421200');
INSERT INTO `url_re_city` VALUES ('322', '电驴大全', 'http://www.verycd.com/', '2', '182.92.25.21', '中国', 'CN', '华北', '100000', '北京市', '110000', '北京市', '110100');
INSERT INTO `url_re_city` VALUES ('323', '有伴网', 'http://www.youban.com/', '2', '183.62.113.115', '中国', 'CN', '华南', '800000', '广东省', '440000', '深圳市', '440300');
INSERT INTO `url_re_city` VALUES ('324', '新芭网', 'http://www.sin80.com/', '2', '175.102.3.129', '中国', 'CN', '华东', '300000', '上海市', '310000', '上海市', '310100');
INSERT INTO `url_re_city` VALUES ('325', '京东音乐网', 'http://music.jd.com/', '2', '106.39.167.232', '中国', 'CN', '华北', '100000', '北京市', '110000', '北京市', '110100');
INSERT INTO `url_re_city` VALUES ('326', '乐吧谷', 'http://www.yuebagu.com/yuequ/gudianqu/', '2', '58.211.137.239', '中国', 'CN', '华东', '300000', '江苏省', '320000', '苏州市', '320500');
INSERT INTO `url_re_city` VALUES ('327', '摇头网', 'http://www.yaotou.com/', '2', '222.186.49.195', '中国', 'CN', '华东', '300000', '江苏省', '320000', '镇江市', '321100');
INSERT INTO `url_re_city` VALUES ('328', '想听音乐网', 'http://www.yy3t.com/', '2', '47.90.10.47', '香港', 'HK', '', '', '香港特别行政区', 'HK_01', '', '');
INSERT INTO `url_re_city` VALUES ('329', '酷听音乐网', 'http://www.kting.org.cn/', '2', '47.90.10.47', '香港', 'HK', '', '', '香港特别行政区', 'HK_01', '', '');
INSERT INTO `url_re_city` VALUES ('330', '原创EDM', 'http://www.y2002.com/', '2', '119.147.139.113', '中国', 'CN', '华南', '800000', '广东省', '440000', '佛山市', '440600');
INSERT INTO `url_re_city` VALUES ('331', '26音乐网', 'http://www.26yy.com/', '2', '218.247.87.158', '中国', 'CN', '西南', '500000', '四川省', '510000', '成都市', '510100');
INSERT INTO `url_re_city` VALUES ('332', '九酷电台', 'http://www.9ku.com/fm/', '2', '222.186.17.100', '中国', 'CN', '华东', '300000', '江苏省', '320000', '镇江市', '321100');
INSERT INTO `url_re_city` VALUES ('333', '嗨瑶音乐网', 'http://www.92kk.com/', '2', '122.228.248.200', '中国', 'CN', '华东', '300000', '浙江省', '330000', '温州市', '330300');
INSERT INTO `url_re_city` VALUES ('334', '言情小说吧', 'http://www.xs8.cn/', '3', '222.186.20.123', '中国', 'CN', '华东', '300000', '江苏省', '320000', '镇江市', '321100');
INSERT INTO `url_re_city` VALUES ('335', '小说大全', 'http://book.km.com/', '3', '124.243.254.3', '中国', 'CN', '华北', '100000', '北京市', '110000', '北京市', '110100');
INSERT INTO `url_re_city` VALUES ('336', '纵横中文网', 'http://www.zongheng.com/', '3', '180.97.66.35', '中国', 'CN', '华东', '300000', '江苏省', '320000', '苏州市', '320500');
INSERT INTO `url_re_city` VALUES ('337', '搜狗小说', 'http://xiaoshuo.sogou.com/', '3', '106.120.188.46', '中国', 'CN', '华北', '100000', '北京市', '110000', '北京市', '110100');
INSERT INTO `url_re_city` VALUES ('338', '红袖添香', 'http://www.hongxiu.com/', '3', '106.122.250.43', '中国', 'CN', '华东', '300000', '福建省', '350000', '福州市', '350100');
INSERT INTO `url_re_city` VALUES ('339', '17K小说网', 'http://www.17k.com/', '3', '58.218.215.165', '中国', 'CN', '华东', '300000', '江苏省', '320000', '徐州市', '320300');
INSERT INTO `url_re_city` VALUES ('340', '小说阅读网', 'https://www.readnovel.com/', '3', '101.226.212.177', '中国', 'CN', '华东', '300000', '上海市', '310000', '上海市', '310100');
INSERT INTO `url_re_city` VALUES ('341', '逐浪', 'http://www.zhulang.com/', '3', '59.63.234.28', '中国', 'CN', '华东', '300000', '江西省', '360000', '南昌市', '360100');
INSERT INTO `url_re_city` VALUES ('342', '潇湘书院', 'http://www.xxsy.net/', '3', '58.216.109.187', '中国', 'CN', '华东', '300000', '江苏省', '320000', '常州市', '320400');
INSERT INTO `url_re_city` VALUES ('343', '起点小说网', 'http://www.qidian.com/', '3', '221.228.67.145', '中国', 'CN', '华东', '300000', '江苏省', '320000', '无锡市', '320200');
INSERT INTO `url_re_city` VALUES ('344', '云起书院', 'http://yunqi.qq.com/', '3', '101.226.103.126', '中国', 'CN', '华东', '300000', '上海市', '310000', '上海市', '310100');
INSERT INTO `url_re_city` VALUES ('345', '凤鸣轩小说网', 'http://www.fmx.cn/', '3', '60.205.56.2', '中国', 'CN', '华北', '100000', '北京市', '110000', '北京市', '110100');
INSERT INTO `url_re_city` VALUES ('346', '红薯小说阅读网', 'http://www.hongshu.com/', '3', '117.21.219.92', '中国', 'CN', '华东', '300000', '江西省', '360000', '九江市', '360400');
INSERT INTO `url_re_city` VALUES ('347', '书海小说网', 'http://www.shuhai.com/', '3', '58.216.17.107', '中国', 'CN', '华东', '300000', '江苏省', '320000', '常州市', '320400');
INSERT INTO `url_re_city` VALUES ('348', '磨铁中文网', 'http://www.motie.com/', '3', '42.96.249.20', '中国', 'CN', '华东', '300000', '山东省', '370000', '青岛市', '370200');
INSERT INTO `url_re_city` VALUES ('349', '万松浦书院', 'http://www.wansongpu.com/', '3', '60.212.44.36', '中国', 'CN', '华东', '300000', '山东省', '370000', '烟台市', '370600');
INSERT INTO `url_re_city` VALUES ('350', '文中书城小说网', 'http://www.yuncheng.com/', '3', '61.151.186.106', '中国', 'CN', '华东', '300000', '上海市', '310000', '上海市', '310100');
INSERT INTO `url_re_city` VALUES ('351', 'hao123小说网', 'http://book.hao123.com/', '3', '180.97.66.48', '中国', 'CN', '华东', '300000', '江苏省', '320000', '苏州市', '320500');
INSERT INTO `url_re_city` VALUES ('352', '新小说吧', 'http://www.xxs8.com/', '3', '182.18.61.69', '中国', 'CN', '华北', '100000', '北京市', '110000', '北京市', '110100');
INSERT INTO `url_re_city` VALUES ('353', '看书网', 'http://about.kanshu.com/', '3', '124.202.154.70', '中国', 'CN', '华北', '100000', '北京市', '110000', '北京市', '110100');
INSERT INTO `url_re_city` VALUES ('354', '飞卢小说网', 'http://b.faloo.com/', '3', '115.231.29.34', '中国', 'CN', '华东', '300000', '浙江省', '330000', '湖州市', '330500');
INSERT INTO `url_re_city` VALUES ('355', '360小说网', 'http://www.jingyu.com/', '3', '116.62.84.160', '中国', 'CN', '华东', '300000', '浙江省', '330000', '杭州市', '330100');
INSERT INTO `url_re_city` VALUES ('356', '掌握阅读小说', 'http://yc.ireader.com.cn/', '3', '113.31.87.8', '中国', 'CN', '华北', '100000', '北京市', '110000', '北京市', '110100');
INSERT INTO `url_re_city` VALUES ('357', '国风中文网', 'http://guofeng.yuedu.163.com/', '3', '223.252.199.7', '中国', 'CN', '华东', '300000', '浙江省', '330000', '杭州市', '330100');
INSERT INTO `url_re_city` VALUES ('358', '无限小说网', 'http://www.55x.cn/', '3', '59.53.67.168', '中国', 'CN', '华东', '300000', '江西省', '360000', '南昌市', '360100');
INSERT INTO `url_re_city` VALUES ('359', '逸云书院', 'http://yynovel.motie.com/', '3', '139.129.199.219', '中国', 'CN', '华东', '300000', '山东省', '370000', '青岛市', '370200');
INSERT INTO `url_re_city` VALUES ('360', '孔夫子读书网', 'http://book.kongfz.com/', '3', '180.97.162.23', '中国', 'CN', '华东', '300000', '江苏省', '320000', '苏州市', '320500');
INSERT INTO `url_re_city` VALUES ('361', '暖暖书城', 'http://www.nnsc6.com/', '3', '103.235.244.165', '中国', 'CN', '华北', '100000', '北京市', '110000', '北京市', '110100');
INSERT INTO `url_re_city` VALUES ('362', '粉色书城', 'http://www.fensebook.com/', '3', '180.97.235.68', '中国', 'CN', '华东', '300000', '江苏省', '320000', '苏州市', '320500');
INSERT INTO `url_re_city` VALUES ('363', '凌云文学网', 'http://www.lingyun5.com/', '3', '103.235.244.161', '中国', 'CN', '华北', '100000', '北京市', '110000', '北京市', '110100');
INSERT INTO `url_re_city` VALUES ('364', '3G书城', 'http://www.3gsc.com.cn/', '3', '183.61.112.43', '中国', 'CN', '华南', '800000', '广东省', '440000', '广州市', '440100');
INSERT INTO `url_re_city` VALUES ('365', '优恋小说网', 'http://www.1999youlian.com/', '3', '222.186.171.138', '中国', 'CN', '华东', '300000', '江苏省', '320000', '镇江市', '321100');
INSERT INTO `url_re_city` VALUES ('366', '暗夜文学网', 'http://www.anyew.com/', '3', '101.201.63.140', '中国', 'CN', '华北', '100000', '北京市', '110000', '北京市', '110100');
INSERT INTO `url_re_city` VALUES ('367', '鬼姐姐小说网', 'http://www.guijj.com/', '3', '121.40.164.23', '中国', 'CN', '华东', '300000', '浙江省', '330000', '杭州市', '330100');
INSERT INTO `url_re_city` VALUES ('368', '甜悦读网', 'http://www.sweetread.net/', '3', '123.57.42.242', '中国', 'CN', '华北', '100000', '北京市', '110000', '北京市', '110100');
INSERT INTO `url_re_city` VALUES ('369', '长江中文网', 'http://www.cjzww.com/', '3', '124.202.158.10', '中国', 'CN', '华北', '100000', '北京市', '110000', '北京市', '110100');
INSERT INTO `url_re_city` VALUES ('370', '滕痕书院', 'http://www.tenghen.com/', '3', '114.112.96.71', '中国', 'CN', '华北', '100000', '北京市', '110000', '北京市', '110100');
INSERT INTO `url_re_city` VALUES ('371', '封神阅读网', 'http://www.fsyuedu.com/', '3', '123.57.221.91', '中国', 'CN', '华北', '100000', '北京市', '110000', '北京市', '110100');
INSERT INTO `url_re_city` VALUES ('372', '岳麓小说网', 'http://www.yueloo.com/', '3', '115.29.40.199', '中国', 'CN', '华东', '300000', '山东省', '370000', '青岛市', '370200');
INSERT INTO `url_re_city` VALUES ('373', '朵米阅读网', 'http://www.dmread.com/', '3', '101.200.141.41', '中国', 'CN', '华北', '100000', '北京市', '110000', '北京市', '110100');
INSERT INTO `url_re_city` VALUES ('374', '云文学网', 'http://www.yunwenxue.com/', '3', '210.14.73.194', '中国', 'CN', '华东', '300000', '上海市', '310000', '上海市', '310100');
INSERT INTO `url_re_city` VALUES ('375', '九库文学网', 'http://www.9kus.com/', '3', '121.201.20.115', '中国', 'CN', '华南', '800000', '广东省', '440000', '中山市', '442000');
INSERT INTO `url_re_city` VALUES ('376', '我爱小说网', 'http://www.5ixsw.com/', '3', '115.231.105.72', '中国', 'CN', '华东', '300000', '浙江省', '330000', '杭州市', '330100');
INSERT INTO `url_re_city` VALUES ('377', '传奇中文网', 'http://www.cqzww.com/', '3', '139.129.97.15', '中国', 'CN', '华东', '300000', '山东省', '370000', '青岛市', '370200');
INSERT INTO `url_re_city` VALUES ('378', '北雁堂中文网', 'http://www.ebtang.com/', '3', '112.126.73.137', '中国', 'CN', '华北', '100000', '北京市', '110000', '北京市', '110100');
INSERT INTO `url_re_city` VALUES ('379', '浩阅读', 'http://www.haoread.com/', '3', '123.57.44.159', '中国', 'CN', '华北', '100000', '北京市', '110000', '北京市', '110100');
INSERT INTO `url_re_city` VALUES ('380', '一千零一页', 'http://www.1001p.com/', '3', '221.122.67.136', '中国', 'CN', '华北', '100000', '北京市', '110000', '北京市', '110100');
INSERT INTO `url_re_city` VALUES ('381', '凤凰书城', 'http://yc.ifeng.com/', '3', '58.222.42.58', '中国', 'CN', '华东', '300000', '江苏省', '320000', '泰州市', '321200');
INSERT INTO `url_re_city` VALUES ('382', '恒言中文网', 'http://www.hengyan.com/', '3', '122.224.32.166', '中国', 'CN', '华东', '300000', '浙江省', '330000', '绍兴市', '330600');
INSERT INTO `url_re_city` VALUES ('383', '天下书盟网', 'http://www.fbook.net/', '3', '101.201.78.206', '中国', 'CN', '华北', '100000', '北京市', '110000', '北京市', '110100');
INSERT INTO `url_re_city` VALUES ('384', '花雨小说网', 'http://www.inbook.net/', '3', '121.9.242.86', '中国', 'CN', '华南', '800000', '广东省', '440000', '佛山市', '440600');
INSERT INTO `url_re_city` VALUES ('385', '半壁江阅读网', 'http://www.banbijiang.com/', '3', '114.141.171.229', '中国', 'CN', '华东', '300000', '上海市', '310000', '上海市', '310100');
INSERT INTO `url_re_city` VALUES ('386', '栀子花阅读', 'http://www.zhizihuan.com/', '3', '43.240.244.27', '中国', 'CN', '华北', '100000', '北京市', '110000', '北京市', '110100');
INSERT INTO `url_re_city` VALUES ('387', '阅书中文网', 'http://www.yuebook.net/', '3', '123.56.192.67', '中国', 'CN', '华北', '100000', '北京市', '110000', '北京市', '110100');
INSERT INTO `url_re_city` VALUES ('388', '阅读坊', 'http://www.yuedufang.com/', '3', '101.200.179.230', '中国', 'CN', '华北', '100000', '北京市', '110000', '北京市', '110100');
INSERT INTO `url_re_city` VALUES ('389', '圣诞文学网', 'http://www.shengdan.com/', '3', '222.73.241.170', '中国', 'CN', '华东', '300000', '上海市', '310000', '上海市', '310100');
INSERT INTO `url_re_city` VALUES ('390', '绝版中文网', 'http://www.jbzwread.com/', '3', '120.24.16.114', '中国', 'CN', '华南', '800000', '广东省', '440000', '深圳市', '440300');
INSERT INTO `url_re_city` VALUES ('391', '博阅中文网', 'http://www.lboyue.com/', '3', '112.124.59.159', '中国', 'CN', '华东', '300000', '浙江省', '330000', '杭州市', '330100');
INSERT INTO `url_re_city` VALUES ('392', '阅庭书院', 'http://www.ytread.com/', '3', '119.23.145.92', '中国', 'CN', '华南', '800000', '广东省', '440000', '深圳市', '440300');
INSERT INTO `url_re_city` VALUES ('393', '爱奇艺文学网', 'http://wenxue.iqiyi.com/', '3', '58.220.49.144', '中国', 'CN', '华东', '300000', '江苏省', '320000', '扬州市', '321000');
INSERT INTO `url_re_city` VALUES ('394', '听书网小说', 'http://www.kting.cn/', '3', '180.97.235.68', '中国', 'CN', '华东', '300000', '江苏省', '320000', '苏州市', '320500');
INSERT INTO `url_re_city` VALUES ('395', '落尘小说网', 'http://www.luochen.com/', '3', '120.55.194.88', '中国', 'CN', '华东', '300000', '浙江省', '330000', '杭州市', '330100');
INSERT INTO `url_re_city` VALUES ('396', '雨枫轩', 'http://www.rain8.com/', '3', '180.97.221.94', '中国', 'CN', '华东', '300000', '江苏省', '320000', '淮安市', '320800');
INSERT INTO `url_re_city` VALUES ('397', '蜜阅书苑', 'http://www.mixs.cn/', '3', '121.40.239.57', '中国', 'CN', '华东', '300000', '浙江省', '330000', '杭州市', '330100');
INSERT INTO `url_re_city` VALUES ('398', '懒猫阅读', 'http://www.lmyd5.com/', '3', '103.235.244.161', '中国', 'CN', '华北', '100000', '北京市', '110000', '北京市', '110100');
INSERT INTO `url_re_city` VALUES ('399', '草莓书城', 'http://www.caomeibook.com/', '3', '103.235.244.161', '中国', 'CN', '华北', '100000', '北京市', '110000', '北京市', '110100');
INSERT INTO `url_re_city` VALUES ('400', '梦想家书城', 'http://www.dreamersall.com/', '3', '101.37.43.206', '中国', 'CN', '华东', '300000', '浙江省', '330000', '杭州市', '330100');
INSERT INTO `url_re_city` VALUES ('401', '阿尔法书城', 'http://www.alphafun.com/', '3', '61.130.247.173', '中国', 'CN', '华东', '300000', '浙江省', '330000', '湖州市', '330500');
INSERT INTO `url_re_city` VALUES ('402', '品书文学网', 'http://www.pinshu.com/', '3', '101.201.116.161', '中国', 'CN', '华北', '100000', '北京市', '110000', '北京市', '110100');
INSERT INTO `url_re_city` VALUES ('403', '中文在线', 'http://www1.chineseall.com/', '3', '125.39.193.226', '中国', 'CN', '华北', '100000', '天津市', '120000', '天津市', '120100');
INSERT INTO `url_re_city` VALUES ('404', '偶家中文网', 'http://www.ouj.com/', '3', '221.228.79.225', '中国', 'CN', '华东', '300000', '江苏省', '320000', '无锡市', '320200');
INSERT INTO `url_re_city` VALUES ('405', '时阅文学', 'http://www.timeread.com/', '3', '43.240.244.19', '中国', 'CN', '华北', '100000', '北京市', '110000', '北京市', '110100');
INSERT INTO `url_re_city` VALUES ('406', '花溪小说网', 'http://www.huaxi.net/', '3', '47.93.158.209', '中国', 'CN', '华北', '100000', '北京市', '110000', '北京市', '110100');
INSERT INTO `url_re_city` VALUES ('407', '安卓读书网', 'http://www.andreader.com/', '3', '58.222.42.58', '中国', 'CN', '华东', '300000', '江苏省', '320000', '泰州市', '321200');
INSERT INTO `url_re_city` VALUES ('408', '妖气原创网', 'http://www.17yc.com/', '3', '123.57.48.109', '中国', 'CN', '华北', '100000', '北京市', '110000', '北京市', '110100');
INSERT INTO `url_re_city` VALUES ('409', '麦麦阅读', 'http://m.mmread.com/', '3', '123.57.219.79', '中国', 'CN', '华北', '100000', '北京市', '110000', '北京市', '110100');
INSERT INTO `url_re_city` VALUES ('410', '天地中文网', 'http://www.tiandizw.com/', '3', '180.97.168.188', '中国', 'CN', '华东', '300000', '江苏省', '320000', '苏州市', '320500');
INSERT INTO `url_re_city` VALUES ('411', '异客书栈', 'http://www.1ksz.com/', '3', '120.76.208.210', '中国', 'CN', '华南', '800000', '广东省', '440000', '深圳市', '440300');
INSERT INTO `url_re_city` VALUES ('412', '塔读文学', 'http://www.tadu.com/', '3', '211.151.212.33', '中国', 'CN', '华北', '100000', '北京市', '110000', '北京市', '110100');
INSERT INTO `url_re_city` VALUES ('413', '盛世阅读网', 'http://www.s4yd.com/', '3', '120.76.161.125', '中国', 'CN', '华南', '800000', '广东省', '440000', '深圳市', '440300');
INSERT INTO `url_re_city` VALUES ('414', '爆侃网文', 'http://www.baokan.name/', '3', '120.24.79.174', '中国', 'CN', '华南', '800000', '广东省', '440000', '深圳市', '440300');
INSERT INTO `url_re_city` VALUES ('415', '燃文小说 ', 'http://www.52ranwen.net/', '3', '183.86.218.14', '韩国', 'KR', '', '', '', '', '', '');
INSERT INTO `url_re_city` VALUES ('416', '擦火阅读', 'http://www.cahuo.com/', '3', '101.201.116.237', '中国', 'CN', '华北', '100000', '北京市', '110000', '北京市', '110100');
INSERT INTO `url_re_city` VALUES ('417', '陌上香坊', 'http://www.msxf.net/', '3', '119.29.125.202', '中国', 'CN', '华南', '800000', '广东省', '440000', '', '');
INSERT INTO `url_re_city` VALUES ('418', '四月天', 'http://www.4yt.net/', '3', '60.205.113.37', '中国', 'CN', '华北', '100000', '北京市', '110000', '北京市', '110100');
INSERT INTO `url_re_city` VALUES ('419', '汤圆小说网', 'http://www.itangyuan.com/', '3', '106.75.21.5', '中国', 'CN', '华东', '300000', '山东省', '370000', '济南市', '370100');
INSERT INTO `url_re_city` VALUES ('420', '二层楼书院', 'http://www.2cloo.com/', '3', '182.92.26.100', '中国', 'CN', '华北', '100000', '北京市', '110000', '北京市', '110100');
INSERT INTO `url_re_city` VALUES ('421', '魔情小说网', 'http://www.moqing.com/', '3', '61.147.218.24', '中国', 'CN', '华东', '300000', '江苏省', '320000', '南通市', '320600');
INSERT INTO `url_re_city` VALUES ('422', '千马中文网', 'http://www.qmcmw.com/', '3', '202.91.247.9', '中国', 'CN', '华东', '300000', '浙江省', '330000', '杭州市', '330100');
INSERT INTO `url_re_city` VALUES ('423', '悠空网小说', 'http://www.yokong.com/', '3', '58.216.17.125', '中国', 'CN', '华东', '300000', '江苏省', '320000', '常州市', '320400');
INSERT INTO `url_re_city` VALUES ('424', '暗时阅读网', 'http://www.anshi7.com/', '3', '121.40.127.202', '中国', 'CN', '华东', '300000', '浙江省', '330000', '杭州市', '330100');
INSERT INTO `url_re_city` VALUES ('425', '胭脂小说网', 'http://www.yznovel.com/', '3', '114.55.62.198', '中国', 'CN', '华东', '300000', '浙江省', '330000', '杭州市', '330100');
INSERT INTO `url_re_city` VALUES ('426', '沃读文学网', 'http://www.iwodu.com/', '3', '218.244.139.81', '中国', 'CN', '华东', '300000', '浙江省', '330000', '杭州市', '330100');
INSERT INTO `url_re_city` VALUES ('427', '小说520', 'http://www.xiaoshuo520.com/', '3', '139.196.228.89', '中国', 'CN', '华东', '300000', '上海市', '310000', '上海市', '310100');
INSERT INTO `url_re_city` VALUES ('428', '小说控', 'http://www.xiaoshuokong.com/', '3', '112.126.83.41', '中国', 'CN', '华北', '100000', '北京市', '110000', '北京市', '110100');
INSERT INTO `url_re_city` VALUES ('429', '巨匠网', 'http://www.jujiangkk.com/', '3', '123.56.129.203', '中国', 'CN', '华北', '100000', '北京市', '110000', '北京市', '110100');
INSERT INTO `url_re_city` VALUES ('430', '大鱼中文网', 'http://www.dayuread.com/', '3', '139.196.210.156', '中国', 'CN', '华东', '300000', '上海市', '310000', '上海市', '310100');
INSERT INTO `url_re_city` VALUES ('431', '莺田书城', 'http://www.yingtianbook.com/', '3', '121.42.46.197', '中国', 'CN', '华东', '300000', '山东省', '370000', '青岛市', '370200');
INSERT INTO `url_re_city` VALUES ('432', '熊猫看书网', 'http://www.xmkanshu.com/', '3', '118.26.21.72', '中国', 'CN', '华北', '100000', '北京市', '110000', '北京市', '110100');
INSERT INTO `url_re_city` VALUES ('433', '创酷中文网', 'http://www.acoolread.com/', '3', '123.57.204.32', '中国', 'CN', '华北', '100000', '北京市', '110000', '北京市', '110100');
INSERT INTO `url_re_city` VALUES ('434', '锦色文学网', 'http://www.jinsebook.com/', '3', '121.40.208.7', '中国', 'CN', '华东', '300000', '浙江省', '330000', '杭州市', '330100');
INSERT INTO `url_re_city` VALUES ('435', '书丛中文小说', 'http://www.shucong.com/', '3', '180.97.163.220', '中国', 'CN', '华东', '300000', '江苏省', '320000', '苏州市', '320500');
INSERT INTO `url_re_city` VALUES ('436', '蔷薇书院', 'http://www.qwsy.com/', '3', '125.90.88.76', '中国', 'CN', '华南', '800000', '广东省', '440000', '茂名市', '440900');
INSERT INTO `url_re_city` VALUES ('437', '小说大全', 'http://book.km.com/', '3', '124.243.254.3', '中国', 'CN', '华北', '100000', '北京市', '110000', '北京市', '110100');
INSERT INTO `url_re_city` VALUES ('438', '香网', 'http://www.xiang5.com/', '3', '180.97.168.189', '中国', 'CN', '华东', '300000', '江苏省', '320000', '苏州市', '320500');
INSERT INTO `url_re_city` VALUES ('439', '114小说', 'http://book.114la.com/', '3', '118.186.64.243', '中国', 'CN', '华北', '100000', '北京市', '110000', '北京市', '110100');
INSERT INTO `url_re_city` VALUES ('440', '三五中文网', 'http://www.35zww.com/', '3', '67.229.97.100', '美国', 'US', '', '', '', '', '', '');
INSERT INTO `url_re_city` VALUES ('441', '八一中文网', 'http://www.x81zw.com/', '3', '58.218.215.171', '中国', 'CN', '华东', '300000', '江苏省', '320000', '徐州市', '320300');
INSERT INTO `url_re_city` VALUES ('442', '棋子小说', 'http://www.qizi.la/', '3', '198.15.135.18', '美国', 'US', '', '', '', '', '', '');
INSERT INTO `url_re_city` VALUES ('443', '小说77', 'http://www.xiaoshuo77.com/', '3', '58.216.17.109', '中国', 'CN', '华东', '300000', '江苏省', '320000', '常州市', '320400');
INSERT INTO `url_re_city` VALUES ('444', '花曼原创网', 'http://www.hm-yc.com/', '3', '203.195.128.191', '中国', 'CN', '华南', '800000', '广东省', '440000', '广州市', '440100');
INSERT INTO `url_re_city` VALUES ('445', '鬼大爷小说', 'http://book.guidaye.com/', '3', '58.218.215.167', '中国', 'CN', '华东', '300000', '江苏省', '320000', '徐州市', '320300');
INSERT INTO `url_re_city` VALUES ('446', '风云小说阅读网', 'http://www.baoliny.com/', '3', '104.31.8.162', '美国', 'US', '', '', '', '', '', '');
INSERT INTO `url_re_city` VALUES ('447', '和讯读书网', 'http://book.hexun.com/', '3', '61.183.12.59', '中国', 'CN', '华中', '400000', '湖北省', '420000', '武汉市', '420100');
INSERT INTO `url_re_city` VALUES ('448', '世纪书城', 'http://www.2200book.com/', '3', '221.234.46.10', '中国', 'CN', '华中', '400000', '湖北省', '420000', '鄂州市', '420700');
INSERT INTO `url_re_city` VALUES ('449', '春田花花', 'http://www.ctbook.cn/', '3', '203.195.128.191', '中国', 'CN', '华南', '800000', '广东省', '440000', '广州市', '440100');
INSERT INTO `url_re_city` VALUES ('450', '华夏天空网', 'http://www.hxtk.com/', '3', '139.196.208.147', '中国', 'CN', '华东', '300000', '上海市', '310000', '上海市', '310100');
INSERT INTO `url_re_city` VALUES ('451', '玄色小说', 'http://www.xsread.com/', '3', '203.195.142.22', '中国', 'CN', '华南', '800000', '广东省', '440000', '广州市', '440100');
INSERT INTO `url_re_city` VALUES ('452', '铸剑阁', 'http://www.zhujiange.com/', '3', '203.195.142.22', '中国', 'CN', '华南', '800000', '广东省', '440000', '广州市', '440100');
INSERT INTO `url_re_city` VALUES ('453', '中韩萨德事件', 'www.jyjch.com/rwzx/2017/0301/5610.html', '3', '172.21.14.35', '中国', 'CN', '华中', '800000', '贵州省', '520000', '贵阳市', '520100');
